left_csv_row,right_csv_row,start,end,duration_s,accepted,exclusion_reasons,left_flags,right_flags,negative_power_clipped,trip_increment_km
2,3,2025-11-07T21:28:00.259091-05:00,2025-11-07T21:28:01.260497-05:00,1.001406,True,,,,False,0.0
3,4,2025-11-07T21:28:01.260497-05:00,2025-11-07T21:28:02.261916-05:00,1.001419,True,,,,False,0.0
4,5,2025-11-07T21:28:02.261916-05:00,2025-11-07T21:28:03.263345-05:00,1.001429,True,,,,False,0.0
5,6,2025-11-07T21:28:03.263345-05:00,2025-11-07T21:28:04.264721-05:00,1.001376,True,,,,False,0.0
6,7,2025-11-07T21:28:04.264721-05:00,2025-11-07T21:28:05.265952-05:00,1.0012309999999998,True,,,,False,0.0
7,8,2025-11-07T21:28:05.265952-05:00,2025-11-07T21:28:06.267049-05:00,1.0010970000000006,True,,,,False,0.0
8,9,2025-11-07T21:28:06.267049-05:00,2025-11-07T21:28:07.268526-05:00,1.0014769999999995,True,,,,False,0.0
9,10,2025-11-07T21:28:07.268526-05:00,2025-11-07T21:28:08.270033-05:00,1.0015070000000001,True,,,,False,0.0
10,11,2025-11-07T21:28:08.270033-05:00,2025-11-07T21:28:09.271676-05:00,1.0016429999999996,True,,,,False,0.0
11,12,2025-11-07T21:28:09.271676-05:00,2025-11-07T21:28:10.273135-05:00,1.0014590000000005,True,,,,False,0.0
12,13,2025-11-07T21:28:10.273135-05:00,2025-11-07T21:28:11.274701-05:00,1.0015660000000004,True,,,,False,0.0
13,14,2025-11-07T21:28:11.274701-05:00,2025-11-07T21:28:12.276220-05:00,1.001519,True,,,,False,0.0
14,15,2025-11-07T21:28:12.276220-05:00,2025-11-07T21:28:13.277723-05:00,1.0015029999999996,True,,,,False,0.0
15,16,2025-11-07T21:28:13.277723-05:00,2025-11-07T21:28:14.279194-05:00,1.0014710000000004,True,,,,False,0.0
16,17,2025-11-07T21:28:14.279194-05:00,2025-11-07T21:28:15.280745-05:00,1.0015509999999992,True,,,,False,0.0
17,18,2025-11-07T21:28:15.280745-05:00,2025-11-07T21:28:16.282131-05:00,1.0013860000000019,True,,,,False,0.0
18,19,2025-11-07T21:28:16.282131-05:00,2025-11-07T21:28:17.283789-05:00,1.001657999999999,True,,,,False,0.0
19,20,2025-11-07T21:28:17.283789-05:00,2025-11-07T21:28:18.285136-05:00,1.001346999999999,True,,,,False,0.0
20,21,2025-11-07T21:28:18.285136-05:00,2025-11-07T21:28:19.286279-05:00,1.001142999999999,True,,,,False,0.0
21,22,2025-11-07T21:28:19.286279-05:00,2025-11-07T21:28:20.287649-05:00,1.0013700000000014,True,,,,False,0.0
22,23,2025-11-07T21:28:20.287649-05:00,2025-11-07T21:28:21.289007-05:00,1.0013579999999997,True,,,,False,0.0
23,24,2025-11-07T21:28:21.289007-05:00,2025-11-07T21:28:22.290496-05:00,1.0014889999999994,True,,,,False,0.0
24,25,2025-11-07T21:28:22.290496-05:00,2025-11-07T21:28:23.292055-05:00,1.0015590000000003,True,,,,False,0.0
25,26,2025-11-07T21:28:23.292055-05:00,2025-11-07T21:28:24.293520-05:00,1.0014649999999996,True,,,,False,0.0
26,27,2025-11-07T21:28:24.293520-05:00,2025-11-07T21:28:25.295027-05:00,1.0015070000000001,True,,,,False,0.0
27,28,2025-11-07T21:28:25.295027-05:00,2025-11-07T21:28:26.296338-05:00,1.0013110000000012,True,,,,False,0.0
28,29,2025-11-07T21:28:26.296338-05:00,2025-11-07T21:28:27.297996-05:00,1.001657999999999,True,,,,False,0.0
29,30,2025-11-07T21:28:27.297996-05:00,2025-11-07T21:28:28.299500-05:00,1.0015040000000006,True,,,,False,0.0
30,31,2025-11-07T21:28:28.299500-05:00,2025-11-07T21:28:29.300944-05:00,1.0014439999999993,True,,,,False,0.0
31,32,2025-11-07T21:28:29.300944-05:00,2025-11-07T21:28:30.302478-05:00,1.0015339999999995,True,,,,False,0.0
32,33,2025-11-07T21:28:30.302478-05:00,2025-11-07T21:28:31.303952-05:00,1.0014740000000018,True,,,,False,0.0
33,34,2025-11-07T21:28:31.303952-05:00,2025-11-07T21:28:32.305046-05:00,1.0010939999999984,True,,,,False,0.0
34,35,2025-11-07T21:28:32.305046-05:00,2025-11-07T21:28:33.306178-05:00,1.0011319999999984,True,,,,False,0.0
35,36,2025-11-07T21:28:33.306178-05:00,2025-11-07T21:28:34.307321-05:00,1.001142999999999,True,,,,False,0.0
36,37,2025-11-07T21:28:34.307321-05:00,2025-11-07T21:28:35.308469-05:00,1.0011480000000006,True,,,,False,0.0
37,38,2025-11-07T21:28:35.308469-05:00,2025-11-07T21:28:36.309525-05:00,1.0010560000000055,True,,,,False,0.0
38,39,2025-11-07T21:28:36.309525-05:00,2025-11-07T21:28:37.311067-05:00,1.0015420000000006,True,,,,False,0.0
39,40,2025-11-07T21:28:37.311067-05:00,2025-11-07T21:28:38.312550-05:00,1.0014829999999932,True,,,,False,0.0
40,41,2025-11-07T21:28:38.312550-05:00,2025-11-07T21:28:39.314156-05:00,1.0016060000000024,True,,,,False,0.0
41,42,2025-11-07T21:28:39.314156-05:00,2025-11-07T21:28:40.315839-05:00,1.0016829999999999,True,,,,False,0.0
42,43,2025-11-07T21:28:40.315839-05:00,2025-11-07T21:28:41.317298-05:00,1.001459000000004,True,,,,False,0.0
43,44,2025-11-07T21:28:41.317298-05:00,2025-11-07T21:28:42.318603-05:00,1.001304999999995,True,,,,False,0.0
44,45,2025-11-07T21:28:42.318603-05:00,2025-11-07T21:28:43.319932-05:00,1.0013290000000055,True,,,,False,0.0
45,46,2025-11-07T21:28:43.319932-05:00,2025-11-07T21:28:44.321266-05:00,1.001334,True,,,,False,0.0
46,47,2025-11-07T21:28:44.321266-05:00,2025-11-07T21:28:45.322702-05:00,1.0014359999999982,True,,,,False,0.0
47,48,2025-11-07T21:28:45.322702-05:00,2025-11-07T21:28:46.324080-05:00,1.0013779999999954,True,,,,False,0.0
48,49,2025-11-07T21:28:46.324080-05:00,2025-11-07T21:28:47.325440-05:00,1.0013600000000054,True,,,,False,0.002236819200000184
49,50,2025-11-07T21:28:47.325440-05:00,2025-11-07T21:28:48.326776-05:00,1.001335999999995,True,,,,False,0.004473638400000368
50,51,2025-11-07T21:28:48.326776-05:00,2025-11-07T21:28:49.328096-05:00,1.0013199999999998,True,,,,False,0.004473638400000368
51,52,2025-11-07T21:28:49.328096-05:00,2025-11-07T21:28:50.329497-05:00,1.0014010000000013,True,,,,False,0.004473638400000368
52,53,2025-11-07T21:28:50.329497-05:00,2025-11-07T21:28:51.330857-05:00,1.0013599999999983,True,,,,False,0.006710457599999664
53,54,2025-11-07T21:28:51.330857-05:00,2025-11-07T21:28:52.332405-05:00,1.0015480000000068,True,,,,False,0.008947276799999848
54,55,2025-11-07T21:28:52.332405-05:00,2025-11-07T21:28:53.333885-05:00,1.0014799999999937,True,,,,False,0.008947276799999848
55,56,2025-11-07T21:28:53.333885-05:00,2025-11-07T21:28:54.335210-05:00,1.0013250000000014,True,,,,False,0.011184096000000032
56,57,2025-11-07T21:28:54.335210-05:00,2025-11-07T21:28:55.336552-05:00,1.001342000000001,True,,,,False,0.008947276799999848
57,58,2025-11-07T21:28:55.336552-05:00,2025-11-07T21:28:56.337941-05:00,1.0013890000000032,True,,,,False,0.013420915200000216
58,59,2025-11-07T21:28:56.337941-05:00,2025-11-07T21:28:57.339263-05:00,1.0013219999999947,True,,,,False,0.011184096000000032
59,60,2025-11-07T21:28:57.339263-05:00,2025-11-07T21:28:58.340758-05:00,1.0014950000000056,True,,,,False,0.013420915200000216
60,61,2025-11-07T21:28:58.340758-05:00,2025-11-07T21:28:59.342344-05:00,1.001585999999996,True,,,,False,0.011184096000000032
61,62,2025-11-07T21:28:59.342344-05:00,2025-11-07T21:29:00.343998-05:00,1.001654000000002,True,,,,False,0.013420915200000216
62,63,2025-11-07T21:29:00.343998-05:00,2025-11-07T21:29:01.353419-05:00,1.0094209999999961,True,,,,False,0.013420915200000216
63,64,2025-11-07T21:29:01.353419-05:00,2025-11-07T21:29:02.354608-05:00,1.0011890000000037,True,,,,False,0.013420915200000216
64,65,2025-11-07T21:29:02.354608-05:00,2025-11-07T21:29:03.355801-05:00,1.0011930000000007,True,,,,False,0.013420915200000216
65,66,2025-11-07T21:29:03.355801-05:00,2025-11-07T21:29:04.357610-05:00,1.0018089999999944,True,,,,False,0.013420915200000216
66,67,2025-11-07T21:29:04.357610-05:00,2025-11-07T21:29:05.358952-05:00,1.0013420000000082,True,,,,False,0.013420915200000216
67,68,2025-11-07T21:29:05.358952-05:00,2025-11-07T21:29:06.360339-05:00,1.001386999999994,True,,,,False,0.011184096000000032
68,69,2025-11-07T21:29:06.360339-05:00,2025-11-07T21:29:07.361845-05:00,1.0015060000000062,True,,,,False,0.013420915200000216
69,70,2025-11-07T21:29:07.361845-05:00,2025-11-07T21:29:08.363277-05:00,1.001431999999994,True,,,,False,0.008947276799999848
70,71,2025-11-07T21:29:08.363277-05:00,2025-11-07T21:29:09.364613-05:00,1.001335999999995,True,,,,False,0.008947276799999848
71,72,2025-11-07T21:29:09.364613-05:00,2025-11-07T21:29:10.366069-05:00,1.0014560000000046,True,,,,False,0.008947276799999848
72,73,2025-11-07T21:29:10.366069-05:00,2025-11-07T21:29:11.367574-05:00,1.0015050000000087,True,,,,False,0.008947276799999848
73,74,2025-11-07T21:29:11.367574-05:00,2025-11-07T21:29:12.369116-05:00,1.0015419999999864,True,,,,False,0.008947276799999848
74,75,2025-11-07T21:29:12.369116-05:00,2025-11-07T21:29:13.371947-05:00,1.0028310000000005,True,,,,False,0.008947276799999848
75,76,2025-11-07T21:29:13.371947-05:00,2025-11-07T21:29:14.373397-05:00,1.0014500000000055,True,,,,False,0.008947276799999848
76,77,2025-11-07T21:29:14.373397-05:00,2025-11-07T21:29:15.374901-05:00,1.001503999999997,True,,,,False,0.011184096000000032
77,78,2025-11-07T21:29:15.374901-05:00,2025-11-07T21:29:16.376483-05:00,1.001581999999999,True,,,,False,0.008947276799999848
78,79,2025-11-07T21:29:16.376483-05:00,2025-11-07T21:29:17.377999-05:00,1.0015160000000094,True,,,,False,0.011184096000000032
79,80,2025-11-07T21:29:17.377999-05:00,2025-11-07T21:29:18.379675-05:00,1.0016759999999891,True,,,,False,0.011184096000000032
80,81,2025-11-07T21:29:18.379675-05:00,2025-11-07T21:29:19.381346-05:00,1.0016710000000018,True,,,,False,0.011184096000000032
81,82,2025-11-07T21:29:19.381346-05:00,2025-11-07T21:29:20.383073-05:00,1.0017270000000025,True,,,,False,0.011184096000000032
82,83,2025-11-07T21:29:20.383073-05:00,2025-11-07T21:29:21.384686-05:00,1.001613000000006,True,,,,False,0.011184096000000032
83,84,2025-11-07T21:29:21.384686-05:00,2025-11-07T21:29:22.385970-05:00,1.0012839999999983,True,,,,False,0.011184096000000032
84,85,2025-11-07T21:29:22.385970-05:00,2025-11-07T21:29:23.387680-05:00,1.0017100000000028,True,,,,False,0.011184096000000032
85,86,2025-11-07T21:29:23.387680-05:00,2025-11-07T21:29:24.388948-05:00,1.001267999999996,True,,,,False,0.011184096000000032
86,87,2025-11-07T21:29:24.388948-05:00,2025-11-07T21:29:25.390358-05:00,1.0014099999999928,True,,,,False,0.011184096000000032
87,88,2025-11-07T21:29:25.390358-05:00,2025-11-07T21:29:26.391804-05:00,1.0014460000000014,True,,,,False,0.011184096000000032
88,89,2025-11-07T21:29:26.391804-05:00,2025-11-07T21:29:27.397650-05:00,1.0058460000000053,True,,,,False,0.013420915200000216
89,90,2025-11-07T21:29:27.397650-05:00,2025-11-07T21:29:28.398634-05:00,1.0009840000000025,True,,,,False,0.011184096000000032
90,91,2025-11-07T21:29:28.398634-05:00,2025-11-07T21:29:29.400424-05:00,1.0017899999999997,True,,,,False,0.008947276799999848
91,92,2025-11-07T21:29:29.400424-05:00,2025-11-07T21:29:30.401755-05:00,1.0013309999999933,True,,,,False,0.011184096000000032
92,93,2025-11-07T21:29:30.401755-05:00,2025-11-07T21:29:31.403139-05:00,1.0013840000000016,True,,,,False,0.008947276799999848
93,94,2025-11-07T21:29:31.403139-05:00,2025-11-07T21:29:32.404517-05:00,1.0013780000000025,True,,,,False,0.008947276799999848
94,95,2025-11-07T21:29:32.404517-05:00,2025-11-07T21:29:33.405955-05:00,1.0014379999999932,True,,,,False,0.011184096000000032
95,96,2025-11-07T21:29:33.405955-05:00,2025-11-07T21:29:34.407464-05:00,1.0015090000000129,True,,,,False,0.011184096000000032
96,97,2025-11-07T21:29:34.407464-05:00,2025-11-07T21:29:35.408532-05:00,1.0010679999999894,True,,,,False,0.008947276799999848
97,98,2025-11-07T21:29:35.408532-05:00,2025-11-07T21:29:36.409602-05:00,1.0010699999999986,True,,,,False,0.011184096000000032
98,99,2025-11-07T21:29:36.409602-05:00,2025-11-07T21:29:37.410760-05:00,1.0011580000000038,True,,,,False,0.013420915200000216
99,100,2025-11-07T21:29:37.410760-05:00,2025-11-07T21:29:38.412623-05:00,1.0018630000000002,True,,,,False,0.011184096000000032
100,101,2025-11-07T21:29:38.412623-05:00,2025-11-07T21:29:39.413809-05:00,1.0011860000000041,True,,,,False,0.011184096000000032
101,102,2025-11-07T21:29:39.413809-05:00,2025-11-07T21:29:40.415600-05:00,1.0017909999999972,True,,,,False,0.013420915200000216
102,103,2025-11-07T21:29:40.415600-05:00,2025-11-07T21:29:41.416754-05:00,1.0011539999999997,True,,,,False,0.013420915200000216
103,104,2025-11-07T21:29:41.416754-05:00,2025-11-07T21:29:42.418251-05:00,1.0014970000000005,True,,,,False,0.011184096000000032
104,105,2025-11-07T21:29:42.418251-05:00,2025-11-07T21:29:43.419407-05:00,1.0011559999999946,True,,,,False,0.013420915200000216
105,106,2025-11-07T21:29:43.419407-05:00,2025-11-07T21:29:44.421621-05:00,1.0022140000000093,True,,,,False,0.013420915200000216
106,107,2025-11-07T21:29:44.421621-05:00,2025-11-07T21:29:45.422828-05:00,1.0012069999999937,True,,,,False,0.013420915200000216
107,108,2025-11-07T21:29:45.422828-05:00,2025-11-07T21:29:46.423957-05:00,1.001129000000006,True,,,,False,0.013420915200000216
108,109,2025-11-07T21:29:46.423957-05:00,2025-11-07T21:29:47.425368-05:00,1.0014109999999903,True,,,,False,0.013420915200000216
109,110,2025-11-07T21:29:47.425368-05:00,2025-11-07T21:29:48.426708-05:00,1.0013400000000132,True,,,,False,0.013420915200000216
110,111,2025-11-07T21:29:48.426708-05:00,2025-11-07T21:29:49.427776-05:00,1.0010679999999894,True,,,,False,0.013420915200000216
111,112,2025-11-07T21:29:49.427776-05:00,2025-11-07T21:29:50.429235-05:00,1.001458999999997,True,,,,False,0.011184096000000032
112,113,2025-11-07T21:29:50.429235-05:00,2025-11-07T21:29:51.430730-05:00,1.0014950000000056,True,,,,False,0.013420915200000216
113,114,2025-11-07T21:29:51.430730-05:00,2025-11-07T21:29:52.432256-05:00,1.0015259999999984,True,,,,False,0.011184096000000032
114,115,2025-11-07T21:29:52.432256-05:00,2025-11-07T21:29:53.433731-05:00,1.0014749999999992,True,,,,False,0.011184096000000032
115,116,2025-11-07T21:29:53.433731-05:00,2025-11-07T21:29:54.435303-05:00,1.0015720000000101,True,,,,False,0.01118409600000092
116,117,2025-11-07T21:29:54.435303-05:00,2025-11-07T21:29:55.436731-05:00,1.00142799999999,True,,,,False,0.00894727679999896
117,118,2025-11-07T21:29:55.436731-05:00,2025-11-07T21:29:56.438057-05:00,1.001326000000006,True,,,,False,0.011184096000000032
118,119,2025-11-07T21:29:56.438057-05:00,2025-11-07T21:29:57.439437-05:00,1.0013799999999975,True,,,,False,0.008947276799999848
119,120,2025-11-07T21:29:57.439437-05:00,2025-11-07T21:29:58.440719-05:00,1.0012820000000033,True,,,,False,0.008947276799999848
120,121,2025-11-07T21:29:58.440719-05:00,2025-11-07T21:29:59.442108-05:00,1.0013890000000032,True,,,,False,0.008947276799999848
121,122,2025-11-07T21:29:59.442108-05:00,2025-11-07T21:30:00.443467-05:00,1.0013589999999937,True,,,,False,0.008947276799999848
122,123,2025-11-07T21:30:00.443467-05:00,2025-11-07T21:30:01.444565-05:00,1.001097999999999,True,,,,False,0.011184096000000032
123,124,2025-11-07T21:30:01.444565-05:00,2025-11-07T21:30:02.446122-05:00,1.0015570000000054,True,,,,False,0.008947276799999848
124,125,2025-11-07T21:30:02.446122-05:00,2025-11-07T21:30:03.447323-05:00,1.0012009999999947,True,,,,False,0.011184096000000032
125,126,2025-11-07T21:30:03.447323-05:00,2025-11-07T21:30:04.448598-05:00,1.0012750000000068,True,,,,False,0.011184096000000032
126,127,2025-11-07T21:30:04.448598-05:00,2025-11-07T21:30:05.454551-05:00,1.005952999999991,True,,,,False,0.011184096000000032
127,128,2025-11-07T21:30:05.454551-05:00,2025-11-07T21:30:06.458350-05:00,1.0037990000000008,True,,,,False,0.011184096000000032
128,129,2025-11-07T21:30:06.458350-05:00,2025-11-07T21:30:07.460228-05:00,1.001878000000005,True,,,,False,0.011184096000000032
129,130,2025-11-07T21:30:07.460228-05:00,2025-11-07T21:30:08.461630-05:00,1.0014019999999988,True,,,,False,0.011184096000000032
130,131,2025-11-07T21:30:08.461630-05:00,2025-11-07T21:30:09.463168-05:00,1.0015380000000107,True,,,,False,0.011184096000000032
131,132,2025-11-07T21:30:09.463168-05:00,2025-11-07T21:30:10.464498-05:00,1.0013299999999958,True,,,,False,0.011184096000000032
132,133,2025-11-07T21:30:10.464498-05:00,2025-11-07T21:30:11.465879-05:00,1.0013809999999808,True,,,,False,0.011184096000000032
133,134,2025-11-07T21:30:11.465879-05:00,2025-11-07T21:30:12.467177-05:00,1.0012980000000198,True,,,,False,0.011184096000000032
134,135,2025-11-07T21:30:12.467177-05:00,2025-11-07T21:30:13.468392-05:00,1.001215000000002,True,,,,False,0.011184096000000032
135,136,2025-11-07T21:30:13.468392-05:00,2025-11-07T21:30:14.469605-05:00,1.0012129999999786,True,,,,False,0.011184096000000032
136,137,2025-11-07T21:30:14.469605-05:00,2025-11-07T21:30:15.470712-05:00,1.0011070000000188,True,,,,False,0.011184096000000032
137,138,2025-11-07T21:30:15.470712-05:00,2025-11-07T21:30:16.472545-05:00,1.0018330000000049,True,,,,False,0.011184096000000032
138,139,2025-11-07T21:30:16.472545-05:00,2025-11-07T21:30:17.473727-05:00,1.001182,True,,,,False,0.011184096000000032
139,140,2025-11-07T21:30:17.473727-05:00,2025-11-07T21:30:18.475547-05:00,1.0018199999999808,True,,,,False,0.011184096000000032
140,141,2025-11-07T21:30:18.475547-05:00,2025-11-07T21:30:19.476699-05:00,1.001152000000019,True,,,,False,0.011184096000000032
141,142,2025-11-07T21:30:19.476699-05:00,2025-11-07T21:30:20.477844-05:00,1.0011449999999797,True,,,,False,0.011184096000000032
142,143,2025-11-07T21:30:20.477844-05:00,2025-11-07T21:30:21.478963-05:00,1.001119000000017,True,,,,False,0.011184096000000032
143,144,2025-11-07T21:30:21.478963-05:00,2025-11-07T21:30:22.480061-05:00,1.0010979999999847,True,,,,False,0.011184096000000032
144,145,2025-11-07T21:30:22.480061-05:00,2025-11-07T21:30:23.481621-05:00,1.001560000000012,True,,,,False,0.011184096000000032
145,146,2025-11-07T21:30:23.481621-05:00,2025-11-07T21:30:24.482920-05:00,1.0012989999999888,True,,,,False,0.011184096000000032
146,147,2025-11-07T21:30:24.482920-05:00,2025-11-07T21:30:25.484396-05:00,1.0014759999999967,True,,,,False,0.011184096000000032
147,148,2025-11-07T21:30:25.484396-05:00,2025-11-07T21:30:26.485659-05:00,1.0012629999999945,True,,,,False,0.011184096000000032
148,149,2025-11-07T21:30:26.485659-05:00,2025-11-07T21:30:27.486721-05:00,1.0010620000000188,True,,,,False,0.011184096000000032
149,150,2025-11-07T21:30:27.486721-05:00,2025-11-07T21:30:28.487895-05:00,1.0011739999999918,True,,,,False,0.01118409600000092
150,151,2025-11-07T21:30:28.487895-05:00,2025-11-07T21:30:29.489629-05:00,1.001733999999999,True,,,,False,0.011184096000000032
151,152,2025-11-07T21:30:29.489629-05:00,2025-11-07T21:30:30.490979-05:00,1.0013500000000022,True,,,,False,0.011184096000000032
152,153,2025-11-07T21:30:30.490979-05:00,2025-11-07T21:30:31.492337-05:00,1.0013580000000104,True,,,,False,0.013420915199999328
153,154,2025-11-07T21:30:31.492337-05:00,2025-11-07T21:30:32.493597-05:00,1.001260000000002,True,,,,False,0.011184096000000032
154,155,2025-11-07T21:30:32.493597-05:00,2025-11-07T21:30:33.541125-05:00,1.0475279999999998,True,,,,False,0.008947276799999848
155,156,2025-11-07T21:30:33.541125-05:00,2025-11-07T21:30:34.542525-05:00,1.0013999999999896,True,,,,False,0.011184096000000032
156,157,2025-11-07T21:30:34.542525-05:00,2025-11-07T21:30:35.543847-05:00,1.0013219999999876,True,,,,False,0.013420915200000216
157,158,2025-11-07T21:30:35.543847-05:00,2025-11-07T21:30:36.545111-05:00,1.0012640000000204,True,,,,False,0.011184096000000032
158,159,2025-11-07T21:30:36.545111-05:00,2025-11-07T21:30:37.546697-05:00,1.0015860000000032,True,,,,False,0.013420915200000216
159,160,2025-11-07T21:30:37.546697-05:00,2025-11-07T21:30:38.548555-05:00,1.0018579999999986,True,,,,False,0.013420915200000216
160,161,2025-11-07T21:30:38.548555-05:00,2025-11-07T21:30:39.549989-05:00,1.001433999999989,True,,,,False,0.011184096000000032
161,162,2025-11-07T21:30:39.549989-05:00,2025-11-07T21:30:40.551431-05:00,1.0014419999999973,True,,,,False,0.013420915200000216
162,163,2025-11-07T21:30:40.551431-05:00,2025-11-07T21:30:41.555755-05:00,1.0043239999999969,True,,,,False,0.011184096000000032
163,164,2025-11-07T21:30:41.555755-05:00,2025-11-07T21:30:42.558550-05:00,1.0027950000000203,True,,,,False,0.013420915200000216
164,165,2025-11-07T21:30:42.558550-05:00,2025-11-07T21:30:43.560018-05:00,1.0014679999999885,True,,,,False,0.011184096000000032
165,166,2025-11-07T21:30:43.560018-05:00,2025-11-07T21:30:44.561655-05:00,1.0016369999999881,True,,,,False,0.013420915200000216
166,167,2025-11-07T21:30:44.561655-05:00,2025-11-07T21:30:45.563136-05:00,1.0014810000000125,True,,,,False,0.013420915200000216
167,168,2025-11-07T21:30:45.563136-05:00,2025-11-07T21:30:46.564582-05:00,1.0014459999999872,True,,,,False,0.011184096000000032
168,169,2025-11-07T21:30:46.564582-05:00,2025-11-07T21:30:47.566070-05:00,1.0014880000000232,True,,,,False,0.013420915200000216
169,170,2025-11-07T21:30:47.566070-05:00,2025-11-07T21:30:48.567543-05:00,1.0014729999999759,True,,,,False,0.013420915200000216
170,171,2025-11-07T21:30:48.567543-05:00,2025-11-07T21:30:49.569124-05:00,1.0015810000000158,True,,,,False,0.011184096000000032
171,172,2025-11-07T21:30:49.569124-05:00,2025-11-07T21:30:50.570633-05:00,1.0015089999999987,True,,,,False,0.011184096000000032
172,173,2025-11-07T21:30:50.570633-05:00,2025-11-07T21:30:51.572009-05:00,1.0013759999999934,True,,,,False,0.013420915200000216
173,174,2025-11-07T21:30:51.572009-05:00,2025-11-07T21:30:52.573173-05:00,1.001164000000017,True,,,,False,0.008947276799999848
174,175,2025-11-07T21:30:52.573173-05:00,2025-11-07T21:30:53.574362-05:00,1.0011889999999823,True,,,,False,0.011184096000000032
175,176,2025-11-07T21:30:53.574362-05:00,2025-11-07T21:30:54.575995-05:00,1.0016329999999982,True,,,,False,0.008947276799999848
176,177,2025-11-07T21:30:54.575995-05:00,2025-11-07T21:30:55.577400-05:00,1.0014050000000054,True,,,,False,0.008947276799999848
177,178,2025-11-07T21:30:55.577400-05:00,2025-11-07T21:30:56.578925-05:00,1.0015249999999867,True,,,,False,0.008947276799999848
178,179,2025-11-07T21:30:56.578925-05:00,2025-11-07T21:30:57.580313-05:00,1.00138800000002,True,,,,False,0.008947276799999848
179,180,2025-11-07T21:30:57.580313-05:00,2025-11-07T21:30:58.581880-05:00,1.0015669999999943,True,,,,False,0.008947276799999848
180,181,2025-11-07T21:30:58.581880-05:00,2025-11-07T21:30:59.583350-05:00,1.0014700000000119,True,,,,False,0.006710457599999664
181,182,2025-11-07T21:30:59.583350-05:00,2025-11-07T21:31:00.584768-05:00,1.001418000000001,True,,,,False,0.006710457600000552
182,183,2025-11-07T21:31:00.584768-05:00,2025-11-07T21:31:01.586230-05:00,1.0014619999999752,True,,,,False,0.006710457599998776
183,184,2025-11-07T21:31:01.586230-05:00,2025-11-07T21:31:02.587737-05:00,1.0015070000000037,True,,,,False,0.006710457599999664
184,185,2025-11-07T21:31:02.587737-05:00,2025-11-07T21:31:03.589209-05:00,1.0014720000000068,True,,,,False,0.004473638400000368
185,186,2025-11-07T21:31:03.589209-05:00,2025-11-07T21:31:04.590446-05:00,1.0012370000000033,True,,,,False,0.006710457599999664
186,187,2025-11-07T21:31:04.590446-05:00,2025-11-07T21:31:05.591834-05:00,1.0013879999999915,True,,,,False,0.004473638400000368
187,188,2025-11-07T21:31:05.591834-05:00,2025-11-07T21:31:06.593221-05:00,1.001386999999994,True,,,,False,0.004473638400000368
188,189,2025-11-07T21:31:06.593221-05:00,2025-11-07T21:31:07.594710-05:00,1.0014890000000207,True,,,,False,0.006710457599999664
189,190,2025-11-07T21:31:07.594710-05:00,2025-11-07T21:31:08.596224-05:00,1.001513999999986,True,,,,False,0.004473638400000368
190,191,2025-11-07T21:31:08.596224-05:00,2025-11-07T21:31:09.597614-05:00,1.0013900000000149,True,,,,False,0.004473638400000368
191,192,2025-11-07T21:31:09.597614-05:00,2025-11-07T21:31:10.599972-05:00,1.0023579999999868,True,,,,False,0.006710457599999664
192,193,2025-11-07T21:31:10.599972-05:00,2025-11-07T21:31:11.601781-05:00,1.0018090000000086,True,,,,False,0.006710457599999664
193,194,2025-11-07T21:31:11.601781-05:00,2025-11-07T21:31:12.603295-05:00,1.001513999999986,True,,,,False,0.006710457599999664
194,195,2025-11-07T21:31:12.603295-05:00,2025-11-07T21:31:13.604765-05:00,1.0014700000000119,True,,,,False,0.006710457599999664
195,196,2025-11-07T21:31:13.604765-05:00,2025-11-07T21:31:14.606115-05:00,1.0013500000000022,True,,,,False,0.008947276800000736
196,197,2025-11-07T21:31:14.606115-05:00,2025-11-07T21:31:15.607822-05:00,1.001706999999982,True,,,,False,0.00894727679999896
197,198,2025-11-07T21:31:15.607822-05:00,2025-11-07T21:31:16.609502-05:00,1.0016800000000217,True,,,,False,0.008947276799999848
198,199,2025-11-07T21:31:16.609502-05:00,2025-11-07T21:31:17.611063-05:00,1.001560999999981,True,,,,False,0.011184096000000032
199,200,2025-11-07T21:31:17.611063-05:00,2025-11-07T21:31:18.612275-05:00,1.0012120000000095,True,,,,False,0.008947276799999848
200,201,2025-11-07T21:31:18.612275-05:00,2025-11-07T21:31:19.613666-05:00,1.0013910000000124,True,,,,False,0.011184096000000032
201,202,2025-11-07T21:31:19.613666-05:00,2025-11-07T21:31:20.614964-05:00,1.0012979999999914,True,,,,False,0.011184096000000032
202,203,2025-11-07T21:31:20.614964-05:00,2025-11-07T21:31:21.616491-05:00,1.00152700000001,True,,,,False,0.008947276799999848
203,204,2025-11-07T21:31:21.616491-05:00,2025-11-07T21:31:22.617905-05:00,1.0014139999999827,True,,,,False,0.011184096000000032
204,205,2025-11-07T21:31:22.617905-05:00,2025-11-07T21:31:23.619063-05:00,1.0011580000000038,True,,,,False,0.011184096000000032
205,206,2025-11-07T21:31:23.619063-05:00,2025-11-07T21:31:24.620537-05:00,1.0014740000000018,True,,,,False,0.011184096000000032
206,207,2025-11-07T21:31:24.620537-05:00,2025-11-07T21:31:25.621948-05:00,1.0014109999999903,True,,,,False,0.011184096000000032
207,208,2025-11-07T21:31:25.621948-05:00,2025-11-07T21:31:26.623301-05:00,1.001353000000023,True,,,,False,0.008947276799999848
208,209,2025-11-07T21:31:26.623301-05:00,2025-11-07T21:31:27.624662-05:00,1.0013609999999744,True,,,,False,0.011184096000000032
209,210,2025-11-07T21:31:27.624662-05:00,2025-11-07T21:31:28.626074-05:00,1.0014120000000162,True,,,,False,0.008947276799999848
210,211,2025-11-07T21:31:28.626074-05:00,2025-11-07T21:31:29.632553-05:00,1.0064789999999846,True,,,,False,0.008947276799999848
211,212,2025-11-07T21:31:29.632553-05:00,2025-11-07T21:31:30.633734-05:00,1.0011810000000025,True,,,,False,0.011184096000000032
212,213,2025-11-07T21:31:30.633734-05:00,2025-11-07T21:31:31.635146-05:00,1.0014120000000162,True,,,,False,0.011184096000000032
213,214,2025-11-07T21:31:31.635146-05:00,2025-11-07T21:31:32.636579-05:00,1.0014329999999916,True,,,,False,0.011184096000000032
214,215,2025-11-07T21:31:32.636579-05:00,2025-11-07T21:31:33.638155-05:00,1.001576,True,,,,False,0.011184096000000032
215,216,2025-11-07T21:31:33.638155-05:00,2025-11-07T21:31:34.639682-05:00,1.00152700000001,True,,,negative_current|negative_power,True,0.011184096000000032
216,217,2025-11-07T21:31:34.639682-05:00,2025-11-07T21:31:35.641354-05:00,1.001671999999985,True,,negative_current|negative_power,,True,0.011184096000000032
217,218,2025-11-07T21:31:35.641354-05:00,2025-11-07T21:31:36.642880-05:00,1.0015260000000126,True,,,,False,0.011184096000000032
218,219,2025-11-07T21:31:36.642880-05:00,2025-11-07T21:31:37.644465-05:00,1.0015850000000057,True,,,,False,0.008947276799999848
219,220,2025-11-07T21:31:37.644465-05:00,2025-11-07T21:31:38.646113-05:00,1.0016479999999888,True,,,,False,0.011184096000000032
220,221,2025-11-07T21:31:38.646113-05:00,2025-11-07T21:31:39.647705-05:00,1.001591999999988,True,,,,False,0.011184096000000032
221,222,2025-11-07T21:31:39.647705-05:00,2025-11-07T21:31:40.649126-05:00,1.0014210000000219,True,,,,False,0.011184096000000032
222,223,2025-11-07T21:31:40.649126-05:00,2025-11-07T21:31:41.650529-05:00,1.001402999999982,True,,,,False,0.013420915200000216
223,224,2025-11-07T21:31:41.650529-05:00,2025-11-07T21:31:42.651926-05:00,1.0013969999999972,True,,,,False,0.011184096000000032
224,225,2025-11-07T21:31:42.651926-05:00,2025-11-07T21:31:43.653015-05:00,1.0010890000000074,True,,,,False,0.011184096000000032
225,226,2025-11-07T21:31:43.653015-05:00,2025-11-07T21:31:44.654124-05:00,1.0011090000000138,True,,,,False,0.011184096000000032
226,227,2025-11-07T21:31:44.654124-05:00,2025-11-07T21:31:45.655315-05:00,1.0011909999999773,True,,,,False,0.011184096000000032
227,228,2025-11-07T21:31:45.655315-05:00,2025-11-07T21:31:46.657096-05:00,1.0017810000000225,True,,,,False,0.008947276799999848
228,229,2025-11-07T21:31:46.657096-05:00,2025-11-07T21:31:47.658253-05:00,1.0011569999999779,True,,,,False,0.011184096000000032
229,230,2025-11-07T21:31:47.658253-05:00,2025-11-07T21:31:48.659406-05:00,1.0011530000000164,True,,,,False,0.008947276799999848
230,231,2025-11-07T21:31:48.659406-05:00,2025-11-07T21:31:49.660624-05:00,1.0012179999999944,True,,,,False,0.011184096000000032
231,232,2025-11-07T21:31:49.660624-05:00,2025-11-07T21:31:50.662453-05:00,1.0018289999999865,True,,,,False,0.008947276799999848
232,233,2025-11-07T21:31:50.662453-05:00,2025-11-07T21:31:51.663674-05:00,1.0012210000000152,True,,,,False,0.011184096000000032
233,234,2025-11-07T21:31:51.663674-05:00,2025-11-07T21:31:52.665485-05:00,1.0018110000000036,True,,,,False,0.008947276799999848
234,235,2025-11-07T21:31:52.665485-05:00,2025-11-07T21:31:53.666634-05:00,1.001148999999998,True,,,,False,0.008947276799999848
235,236,2025-11-07T21:31:53.666634-05:00,2025-11-07T21:31:54.667805-05:00,1.0011709999999994,True,,,,False,0.008947276799999848
236,237,2025-11-07T21:31:54.667805-05:00,2025-11-07T21:31:55.668886-05:00,1.0010809999999992,True,,,,False,0.008947276799999848
237,238,2025-11-07T21:31:55.668886-05:00,2025-11-07T21:31:56.669957-05:00,1.001070999999996,True,,,,False,0.006710457599999664
238,239,2025-11-07T21:31:56.669957-05:00,2025-11-07T21:31:57.670964-05:00,1.0010070000000155,True,,,,False,0.008947276799999848
239,240,2025-11-07T21:31:57.670964-05:00,2025-11-07T21:31:58.673006-05:00,1.0020419999999888,True,,,,False,0.006710457599999664
240,241,2025-11-07T21:31:58.673006-05:00,2025-11-07T21:31:59.674641-05:00,1.0016349999999932,True,,,,False,0.006710457599999664
241,242,2025-11-07T21:31:59.674641-05:00,2025-11-07T21:32:00.676121-05:00,1.001480000000015,True,,,,False,0.006710457599999664
242,243,2025-11-07T21:32:00.676121-05:00,2025-11-07T21:32:01.677691-05:00,1.0015699999999867,True,,,,False,0.006710457599999664
243,244,2025-11-07T21:32:01.677691-05:00,2025-11-07T21:32:02.679197-05:00,1.0015060000000062,True,,,,False,0.006710457599999664
244,245,2025-11-07T21:32:02.679197-05:00,2025-11-07T21:32:03.680676-05:00,1.0014789999999891,True,,,,False,0.008947276799999848
245,246,2025-11-07T21:32:03.680676-05:00,2025-11-07T21:32:04.682080-05:00,1.001404000000008,True,,,,False,0.006710457599999664
246,247,2025-11-07T21:32:04.682080-05:00,2025-11-07T21:32:05.683652-05:00,1.0015720000000101,True,,,,False,0.008947276799999848
247,248,2025-11-07T21:32:05.683652-05:00,2025-11-07T21:32:06.688606-05:00,1.004953999999998,True,,,,False,0.008947276799999848
248,249,2025-11-07T21:32:06.688606-05:00,2025-11-07T21:32:07.690492-05:00,1.0018859999999847,True,,,,False,0.006710457599999664
249,250,2025-11-07T21:32:07.690492-05:00,2025-11-07T21:32:08.692203-05:00,1.0017110000000002,True,,,,False,0.008947276799999848
250,251,2025-11-07T21:32:08.692203-05:00,2025-11-07T21:32:09.695456-05:00,1.0032530000000008,True,,,,False,0.008947276799999848
251,252,2025-11-07T21:32:09.695456-05:00,2025-11-07T21:32:10.696954-05:00,1.001497999999998,True,,,,False,0.006710457599999664
252,253,2025-11-07T21:32:10.696954-05:00,2025-11-07T21:32:11.698680-05:00,1.0017260000000192,True,,,,False,0.008947276799999848
253,254,2025-11-07T21:32:11.698680-05:00,2025-11-07T21:32:12.700348-05:00,1.0016679999999951,True,,,,False,0.008947276799999848
254,255,2025-11-07T21:32:12.700348-05:00,2025-11-07T21:32:13.702025-05:00,1.0016770000000008,True,,,,False,0.006710457599999664
255,256,2025-11-07T21:32:13.702025-05:00,2025-11-07T21:32:14.703519-05:00,1.0014939999999797,True,,,,False,0.008947276799999848
256,257,2025-11-07T21:32:14.703519-05:00,2025-11-07T21:32:15.705235-05:00,1.001716000000016,True,,,,False,0.008947276799999848
257,258,2025-11-07T21:32:15.705235-05:00,2025-11-07T21:32:16.706859-05:00,1.0016239999999925,True,,,,False,0.006710457599999664
258,259,2025-11-07T21:32:16.706859-05:00,2025-11-07T21:32:17.708366-05:00,1.0015070000000037,True,,,,False,0.008947276799999848
259,260,2025-11-07T21:32:17.708366-05:00,2025-11-07T21:32:18.709900-05:00,1.0015339999999924,True,,,,False,0.006710457600000552
260,261,2025-11-07T21:32:18.709900-05:00,2025-11-07T21:32:19.711619-05:00,1.00171899999998,True,,,,False,0.006710457599998776
261,262,2025-11-07T21:32:19.711619-05:00,2025-11-07T21:32:20.713066-05:00,1.0014470000000415,True,,,,False,0.004473638400000368
262,263,2025-11-07T21:32:20.713066-05:00,2025-11-07T21:32:21.714606-05:00,1.0015399999999772,True,,,,False,0.006710457599999664
263,264,2025-11-07T21:32:21.714606-05:00,2025-11-07T21:32:22.715971-05:00,1.0013650000000212,True,,,,False,0.006710457599999664
264,265,2025-11-07T21:32:22.715971-05:00,2025-11-07T21:32:23.717128-05:00,1.0011569999999779,True,,,,False,0.004473638400000368
265,266,2025-11-07T21:32:23.717128-05:00,2025-11-07T21:32:24.718626-05:00,1.0014980000000264,True,,,,False,0.006710457599999664
266,267,2025-11-07T21:32:24.718626-05:00,2025-11-07T21:32:25.720103-05:00,1.0014769999999658,True,,,,False,0.006710457599999664
267,268,2025-11-07T21:32:25.720103-05:00,2025-11-07T21:32:26.721545-05:00,1.0014419999999973,True,,,,False,0.006710457599999664
268,269,2025-11-07T21:32:26.721545-05:00,2025-11-07T21:32:27.722930-05:00,1.0013850000000275,True,,,,False,0.006710457599999664
269,270,2025-11-07T21:32:27.722930-05:00,2025-11-07T21:32:28.724383-05:00,1.0014529999999695,True,,,,False,0.004473638400000368
270,271,2025-11-07T21:32:28.724383-05:00,2025-11-07T21:32:29.725866-05:00,1.0014830000000075,True,,,,False,0.006710457599999664
271,272,2025-11-07T21:32:29.725866-05:00,2025-11-07T21:32:30.727275-05:00,1.0014090000000238,True,,,,False,0.006710457599999664
272,273,2025-11-07T21:32:30.727275-05:00,2025-11-07T21:32:31.728649-05:00,1.0013739999999984,True,,,,False,0.004473638400000368
273,274,2025-11-07T21:32:31.728649-05:00,2025-11-07T21:32:32.730095-05:00,1.0014459999999872,True,,,,False,0.006710457599999664
274,275,2025-11-07T21:32:32.730095-05:00,2025-11-07T21:32:33.731557-05:00,1.0014620000000036,True,,,,False,0.004473638400000368
275,276,2025-11-07T21:32:33.731557-05:00,2025-11-07T21:32:34.732949-05:00,1.0013920000000098,True,,,,False,0.006710457599999664
276,277,2025-11-07T21:32:34.732949-05:00,2025-11-07T21:32:35.734580-05:00,1.0016309999999748,True,,,,False,0.004473638400000368
277,278,2025-11-07T21:32:35.734580-05:00,2025-11-07T21:32:36.736105-05:00,1.001525000000015,True,,,,False,0.006710457599999664
278,279,2025-11-07T21:32:36.736105-05:00,2025-11-07T21:32:37.737580-05:00,1.0014750000000276,True,,,,False,0.004473638400000368
279,280,2025-11-07T21:32:37.737580-05:00,2025-11-07T21:32:38.739093-05:00,1.0015129999999886,True,,,,False,0.006710457599999664
280,281,2025-11-07T21:32:38.739093-05:00,2025-11-07T21:32:39.740702-05:00,1.0016089999999735,True,,,,False,0.004473638400000368
281,282,2025-11-07T21:32:39.740702-05:00,2025-11-07T21:32:40.742111-05:00,1.0014090000000238,True,,,,False,0.006710457599999664
282,283,2025-11-07T21:32:40.742111-05:00,2025-11-07T21:32:41.743573-05:00,1.0014620000000036,True,,,,False,0.004473638400000368
283,284,2025-11-07T21:32:41.743573-05:00,2025-11-07T21:32:42.744976-05:00,1.001402999999982,True,,,,False,0.006710457599999664
284,285,2025-11-07T21:32:42.744976-05:00,2025-11-07T21:32:43.746580-05:00,1.0016039999999862,True,,,,False,0.004473638400000368
285,286,2025-11-07T21:32:43.746580-05:00,2025-11-07T21:32:44.748139-05:00,1.001559000000043,True,,,,False,0.006710457599999664
286,287,2025-11-07T21:32:44.748139-05:00,2025-11-07T21:32:45.749633-05:00,1.0014939999999797,True,,,,False,0.004473638400000368
287,288,2025-11-07T21:32:45.749633-05:00,2025-11-07T21:32:46.751178-05:00,1.0015450000000214,True,,,,False,0.006710457599999664
288,289,2025-11-07T21:32:46.751178-05:00,2025-11-07T21:32:47.752715-05:00,1.0015369999999848,True,,,,False,0.004473638400000368
289,290,2025-11-07T21:32:47.752715-05:00,2025-11-07T21:32:48.753655-05:00,1.0009400000000142,True,,,,False,0.004473638400000368
290,291,2025-11-07T21:32:48.753655-05:00,2025-11-07T21:32:49.754832-05:00,1.0011769999999842,True,,,,False,0.006710457599999664
291,292,2025-11-07T21:32:49.754832-05:00,2025-11-07T21:32:50.756205-05:00,1.001373000000001,True,,,,False,0.004473638400000368
292,293,2025-11-07T21:32:50.756205-05:00,2025-11-07T21:32:51.757838-05:00,1.0016329999999698,True,,,,False,0.006710457599999664
293,294,2025-11-07T21:32:51.757838-05:00,2025-11-07T21:32:52.759336-05:00,1.0014980000000264,True,,,,False,0.004473638400000368
294,295,2025-11-07T21:32:52.759336-05:00,2025-11-07T21:32:53.760809-05:00,1.0014729999999759,True,,,,False,0.004473638400000368
295,296,2025-11-07T21:32:53.760809-05:00,2025-11-07T21:32:54.762463-05:00,1.0016540000000305,True,,,,False,0.006710457599999664
296,297,2025-11-07T21:32:54.762463-05:00,2025-11-07T21:32:55.764000-05:00,1.0015369999999848,True,,,,False,0.004473638400000368
297,298,2025-11-07T21:32:55.764000-05:00,2025-11-07T21:32:56.765494-05:00,1.0014939999999797,True,,,,False,0.004473638400001256
298,299,2025-11-07T21:32:56.765494-05:00,2025-11-07T21:32:57.766989-05:00,1.001495000000034,True,,,,False,0.00447363839999948
299,300,2025-11-07T21:32:57.766989-05:00,2025-11-07T21:32:58.768534-05:00,1.0015449999999646,True,,,,False,0.004473638400000368
300,301,2025-11-07T21:32:58.768534-05:00,2025-11-07T21:32:59.770057-05:00,1.0015230000000201,True,,,,False,0.004473638400000368
301,302,2025-11-07T21:32:59.770057-05:00,2025-11-07T21:33:00.771580-05:00,1.0015230000000201,True,,,,False,0.004473638400000368
302,303,2025-11-07T21:33:00.771580-05:00,2025-11-07T21:33:01.772911-05:00,1.0013309999999933,True,,,,False,0.004473638400000368
303,304,2025-11-07T21:33:01.772911-05:00,2025-11-07T21:33:02.774375-05:00,1.0014639999999986,True,,,,False,0.004473638400000368
304,305,2025-11-07T21:33:02.774375-05:00,2025-11-07T21:33:03.775847-05:00,1.0014719999999784,True,,,,False,0.004473638400000368
305,306,2025-11-07T21:33:03.775847-05:00,2025-11-07T21:33:04.777344-05:00,1.001497000000029,True,,,,False,0.006710457599999664
306,307,2025-11-07T21:33:04.777344-05:00,2025-11-07T21:33:05.778818-05:00,1.0014739999999733,True,,,,False,0.004473638400000368
307,308,2025-11-07T21:33:05.778818-05:00,2025-11-07T21:33:06.779989-05:00,1.0011709999999994,True,,,,False,0.006710457599999664
308,309,2025-11-07T21:33:06.779989-05:00,2025-11-07T21:33:07.781153-05:00,1.001164000000017,True,,,,False,0.006710457599999664
309,310,2025-11-07T21:33:07.781153-05:00,2025-11-07T21:33:08.782341-05:00,1.0011880000000133,True,,,,False,0.006710457599999664
310,311,2025-11-07T21:33:08.782341-05:00,2025-11-07T21:33:09.783538-05:00,1.0011969999999906,True,,,,False,0.006710457599999664
311,312,2025-11-07T21:33:09.783538-05:00,2025-11-07T21:33:10.784703-05:00,1.0011650000000145,True,,,,False,0.004473638400000368
312,313,2025-11-07T21:33:10.784703-05:00,2025-11-07T21:33:11.785932-05:00,1.0012289999999666,True,,,,False,0.004473638400000368
313,314,2025-11-07T21:33:11.785932-05:00,2025-11-07T21:33:12.787691-05:00,1.0017589999999927,True,,,,False,0.006710457599999664
314,315,2025-11-07T21:33:12.787691-05:00,2025-11-07T21:33:13.788797-05:00,1.001105999999993,True,,,,False,0.004473638400000368
315,316,2025-11-07T21:33:13.788797-05:00,2025-11-07T21:33:14.790591-05:00,1.001794000000018,True,,,,False,0.002236819200000184
316,317,2025-11-07T21:33:14.790591-05:00,2025-11-07T21:33:15.791928-05:00,1.0013369999999782,True,,,,False,0.004473638400000368
317,318,2025-11-07T21:33:15.791928-05:00,2025-11-07T21:33:16.793530-05:00,1.001602000000048,True,,,,False,0.004473638400000368
318,319,2025-11-07T21:33:16.793530-05:00,2025-11-07T21:33:17.794946-05:00,1.001416000000006,True,,,,False,0.004473638400000368
319,320,2025-11-07T21:33:17.794946-05:00,2025-11-07T21:33:18.796513-05:00,1.001566999999966,True,,,,False,0.006710457599998776
320,321,2025-11-07T21:33:18.796513-05:00,2025-11-07T21:33:19.798031-05:00,1.0015180000000328,True,,,,False,0.004473638400001256
321,322,2025-11-07T21:33:19.798031-05:00,2025-11-07T21:33:20.799509-05:00,1.0014779999999632,True,,,,False,0.004473638400000368
322,323,2025-11-07T21:33:20.799509-05:00,2025-11-07T21:33:21.800982-05:00,1.0014730000000327,True,,,,False,0.006710457599999664
323,324,2025-11-07T21:33:21.800982-05:00,2025-11-07T21:33:22.802655-05:00,1.0016729999999825,True,,,,False,0.004473638400000368
324,325,2025-11-07T21:33:22.802655-05:00,2025-11-07T21:33:23.804218-05:00,1.001562999999976,True,,,,False,0.006710457599999664
325,326,2025-11-07T21:33:23.804218-05:00,2025-11-07T21:33:24.805745-05:00,1.00152700000001,True,,,,False,0.006710457599999664
326,327,2025-11-07T21:33:24.805745-05:00,2025-11-07T21:33:25.807140-05:00,1.0013950000000023,True,,,,False,0.004473638400000368
327,328,2025-11-07T21:33:25.807140-05:00,2025-11-07T21:33:26.808300-05:00,1.0011600000000271,True,,,,False,0.004473638400000368
328,329,2025-11-07T21:33:26.808300-05:00,2025-11-07T21:33:27.809647-05:00,1.001346999999953,True,,,,False,0.004473638400000368
329,330,2025-11-07T21:33:27.809647-05:00,2025-11-07T21:33:28.810954-05:00,1.001307000000054,True,,,,False,0.004473638400000368
330,331,2025-11-07T21:33:28.810954-05:00,2025-11-07T21:33:29.812346-05:00,1.001391999999953,True,,,,False,0.006710457599999664
331,332,2025-11-07T21:33:29.812346-05:00,2025-11-07T21:33:30.813772-05:00,1.0014260000000377,True,,,,False,0.008947276800000736
332,333,2025-11-07T21:33:30.813772-05:00,2025-11-07T21:33:31.815188-05:00,1.001416000000006,True,,,,False,0.00894727679999896
333,334,2025-11-07T21:33:31.815188-05:00,2025-11-07T21:33:32.816560-05:00,1.0013720000000035,True,,,,False,0.008947276799999848
334,335,2025-11-07T21:33:32.816560-05:00,2025-11-07T21:33:33.817929-05:00,1.0013689999999542,True,,,,False,0.011184096000000032
335,336,2025-11-07T21:33:33.817929-05:00,2025-11-07T21:33:34.819390-05:00,1.0014610000000062,True,,,,False,0.011184096000000032
336,337,2025-11-07T21:33:34.819390-05:00,2025-11-07T21:33:35.820790-05:00,1.0013999999999896,True,,,,False,0.013420915200001104
337,338,2025-11-07T21:33:35.820790-05:00,2025-11-07T21:33:36.822231-05:00,1.0014409999999998,True,,,,False,0.011184096000000032
338,339,2025-11-07T21:33:36.822231-05:00,2025-11-07T21:33:37.823498-05:00,1.0012670000000412,True,,,,False,0.00894727679999896
339,340,2025-11-07T21:33:37.823498-05:00,2025-11-07T21:33:38.824881-05:00,1.0013829999999757,True,,,,False,0.011184096000000032
340,341,2025-11-07T21:33:38.824881-05:00,2025-11-07T21:33:39.826541-05:00,1.0016600000000153,True,,,,False,0.008947276799999848
341,342,2025-11-07T21:33:39.826541-05:00,2025-11-07T21:33:40.828077-05:00,1.0015359999999873,True,,,,False,0.008947276799999848
342,343,2025-11-07T21:33:40.828077-05:00,2025-11-07T21:33:41.829577-05:00,1.0015000000000214,True,,,,False,0.008947276799999848
343,344,2025-11-07T21:33:41.829577-05:00,2025-11-07T21:33:42.831054-05:00,1.0014769999999658,True,,,,False,0.008947276799999848
344,345,2025-11-07T21:33:42.831054-05:00,2025-11-07T21:33:43.833841-05:00,1.002787000000012,True,,,,False,0.006710457599999664
345,346,2025-11-07T21:33:43.833841-05:00,2025-11-07T21:33:44.835330-05:00,1.0014889999999923,True,,,,False,0.008947276799999848
346,347,2025-11-07T21:33:44.835330-05:00,2025-11-07T21:33:45.836801-05:00,1.0014710000000377,True,,,,False,0.006710457599999664
347,348,2025-11-07T21:33:45.836801-05:00,2025-11-07T21:33:46.837951-05:00,1.0011499999999955,True,,,,False,0.006710457599999664
348,349,2025-11-07T21:33:46.837951-05:00,2025-11-07T21:33:47.839541-05:00,1.0015899999999647,True,,,,False,0.006710457599999664
349,350,2025-11-07T21:33:47.839541-05:00,2025-11-07T21:33:48.840922-05:00,1.0013810000000376,True,,,,False,0.008947276799999848
350,351,2025-11-07T21:33:48.840922-05:00,2025-11-07T21:33:49.842443-05:00,1.0015209999999684,True,,,,False,0.006710457599999664
351,352,2025-11-07T21:33:49.842443-05:00,2025-11-07T21:33:50.843794-05:00,1.0013509999999997,True,,,,False,0.008947276799999848
352,353,2025-11-07T21:33:50.843794-05:00,2025-11-07T21:33:51.845131-05:00,1.001337000000035,True,,,,False,0.006710457599999664
353,354,2025-11-07T21:33:51.845131-05:00,2025-11-07T21:33:52.846637-05:00,1.0015059999999494,True,,,,False,0.008947276799999848
354,355,2025-11-07T21:33:52.846637-05:00,2025-11-07T21:33:53.848199-05:00,1.0015620000000354,True,,,,False,0.006710457599999664
355,356,2025-11-07T21:33:53.848199-05:00,2025-11-07T21:33:54.849673-05:00,1.0014739999999733,True,,,,False,0.008947276799999848
356,357,2025-11-07T21:33:54.849673-05:00,2025-11-07T21:33:55.851210-05:00,1.0015370000000416,True,,,,False,0.006710457599999664
357,358,2025-11-07T21:33:55.851210-05:00,2025-11-07T21:33:56.852719-05:00,1.0015089999999987,True,,,,False,0.008947276799999848
358,359,2025-11-07T21:33:56.852719-05:00,2025-11-07T21:33:57.854202-05:00,1.0014829999999506,True,,,,False,0.008947276799999848
359,360,2025-11-07T21:33:57.854202-05:00,2025-11-07T21:33:58.855775-05:00,1.0015730000000076,True,,,,False,0.006710457599999664
360,361,2025-11-07T21:33:58.855775-05:00,2025-11-07T21:33:59.857246-05:00,1.0014710000000377,True,,,,False,0.008947276799999848
361,362,2025-11-07T21:33:59.857246-05:00,2025-11-07T21:34:00.858726-05:00,1.0014799999999582,True,,,,False,0.008947276799999848
362,363,2025-11-07T21:34:00.858726-05:00,2025-11-07T21:34:01.860203-05:00,1.0014770000000226,True,,,,False,0.006710457599999664
363,364,2025-11-07T21:34:01.860203-05:00,2025-11-07T21:34:02.861735-05:00,1.0015319999999974,True,,,,False,0.008947276799999848
364,365,2025-11-07T21:34:02.861735-05:00,2025-11-07T21:34:03.863143-05:00,1.0014080000000263,True,,,,False,0.008947276799999848
365,366,2025-11-07T21:34:03.863143-05:00,2025-11-07T21:34:04.864794-05:00,1.0016509999999812,True,,,,False,0.006710457599999664
366,367,2025-11-07T21:34:04.864794-05:00,2025-11-07T21:34:05.866338-05:00,1.0015439999999671,True,,,,False,0.008947276799999848
367,368,2025-11-07T21:34:05.866338-05:00,2025-11-07T21:34:06.867987-05:00,1.001649000000043,True,,,,False,0.006710457599999664
368,369,2025-11-07T21:34:06.867987-05:00,2025-11-07T21:34:07.869698-05:00,1.0017110000000002,True,,,,False,0.006710457599999664
369,370,2025-11-07T21:34:07.869698-05:00,2025-11-07T21:34:08.870945-05:00,1.001246999999978,True,,,,False,0.006710457599999664
370,371,2025-11-07T21:34:08.870945-05:00,2025-11-07T21:34:09.872345-05:00,1.0013999999999896,True,,,,False,0.008947276799999848
371,372,2025-11-07T21:34:09.872345-05:00,2025-11-07T21:34:10.873968-05:00,1.001622999999995,True,,,,False,0.006710457599999664
372,373,2025-11-07T21:34:10.873968-05:00,2025-11-07T21:34:11.875452-05:00,1.001484000000005,True,,,,False,0.006710457599999664
373,374,2025-11-07T21:34:11.875452-05:00,2025-11-07T21:34:12.876991-05:00,1.0015390000000366,True,,,,False,0.006710457599999664
374,375,2025-11-07T21:34:12.876991-05:00,2025-11-07T21:34:13.878570-05:00,1.0015789999999924,True,,,,False,0.006710457599999664
375,376,2025-11-07T21:34:13.878570-05:00,2025-11-07T21:34:14.880003-05:00,1.0014329999999632,True,,,,False,0.006710457599998776
376,377,2025-11-07T21:34:14.880003-05:00,2025-11-07T21:34:15.881533-05:00,1.0015300000000025,True,,,,False,0.008947276800000736
377,378,2025-11-07T21:34:15.881533-05:00,2025-11-07T21:34:16.882598-05:00,1.0010650000000396,True,,,,False,0.006710457599999664
378,379,2025-11-07T21:34:16.882598-05:00,2025-11-07T21:34:17.883787-05:00,1.001188999999954,True,,,,False,0.006710457599999664
379,380,2025-11-07T21:34:17.883787-05:00,2025-11-07T21:34:18.885117-05:00,1.0013300000000527,True,,,,False,0.006710457599999664
380,381,2025-11-07T21:34:18.885117-05:00,2025-11-07T21:34:19.886636-05:00,1.0015189999999734,True,,,,False,0.008947276799999848
381,382,2025-11-07T21:34:19.886636-05:00,2025-11-07T21:34:20.888135-05:00,1.001499000000024,True,,,,False,0.006710457599999664
382,383,2025-11-07T21:34:20.888135-05:00,2025-11-07T21:34:21.889617-05:00,1.0014819999999531,True,,,,False,0.006710457599998776
383,384,2025-11-07T21:34:21.889617-05:00,2025-11-07T21:34:22.891103-05:00,1.0014859999999999,True,,,,False,0.008947276800000736
384,385,2025-11-07T21:34:22.891103-05:00,2025-11-07T21:34:23.892864-05:00,1.0017610000000445,True,,,,False,0.006710457599999664
385,386,2025-11-07T21:34:23.892864-05:00,2025-11-07T21:34:24.894819-05:00,1.0019549999999526,True,,,,False,0.006710457599999664
386,387,2025-11-07T21:34:24.894819-05:00,2025-11-07T21:34:25.896585-05:00,1.001766000000032,True,,,,False,0.00894727679999896
387,388,2025-11-07T21:34:25.896585-05:00,2025-11-07T21:34:26.897783-05:00,1.001197999999988,True,,,,False,0.006710457600000552
388,389,2025-11-07T21:34:26.897783-05:00,2025-11-07T21:34:27.898970-05:00,1.0011870000000158,True,,,,False,0.008947276799999848
389,390,2025-11-07T21:34:27.898970-05:00,2025-11-07T21:34:28.900180-05:00,1.0012100000000146,True,,,,False,0.008947276799999848
390,391,2025-11-07T21:34:28.900180-05:00,2025-11-07T21:34:29.901500-05:00,1.0013199999999642,True,,,,False,0.006710457599999664
391,392,2025-11-07T21:34:29.901500-05:00,2025-11-07T21:34:30.903163-05:00,1.0016630000000077,True,,,,False,0.008947276799999848
392,393,2025-11-07T21:34:30.903163-05:00,2025-11-07T21:34:31.904660-05:00,1.001497000000029,True,,,,False,0.008947276799999848
393,394,2025-11-07T21:34:31.904660-05:00,2025-11-07T21:34:32.906109-05:00,1.0014489999999796,True,,,,False,0.008947276799999848
394,395,2025-11-07T21:34:32.906109-05:00,2025-11-07T21:34:33.907698-05:00,1.001589000000024,True,,,,False,0.008947276799999848
395,396,2025-11-07T21:34:33.907698-05:00,2025-11-07T21:34:34.909295-05:00,1.001596999999947,True,,,,False,0.008947276799999848
396,397,2025-11-07T21:34:34.909295-05:00,2025-11-07T21:34:35.910826-05:00,1.001531,True,,,,False,0.011184096000000032
397,398,2025-11-07T21:34:35.910826-05:00,2025-11-07T21:34:36.912466-05:00,1.001640000000009,True,,,,False,0.011184096000000032
398,399,2025-11-07T21:34:36.912466-05:00,2025-11-07T21:34:37.914015-05:00,1.0015490000000113,True,,,,False,0.011184096000000032
399,400,2025-11-07T21:34:37.914015-05:00,2025-11-07T21:34:38.915592-05:00,1.0015769999999975,True,,,,False,0.011184096000000032
400,401,2025-11-07T21:34:38.915592-05:00,2025-11-07T21:34:39.916853-05:00,1.0012609999999995,True,,,,False,0.011184096000000032
401,402,2025-11-07T21:34:39.916853-05:00,2025-11-07T21:34:40.918666-05:00,1.001813000000027,True,,,,False,0.011184096000000032
402,403,2025-11-07T21:34:40.918666-05:00,2025-11-07T21:34:41.919800-05:00,1.001133999999979,True,,,,False,0.013420915200000216
403,404,2025-11-07T21:34:41.919800-05:00,2025-11-07T21:34:42.921483-05:00,1.001683000000014,True,,,,False,0.011184096000000032
404,405,2025-11-07T21:34:42.921483-05:00,2025-11-07T21:34:43.927715-05:00,1.0062320000000113,True,,,,False,0.011184096000000032
405,406,2025-11-07T21:34:43.927715-05:00,2025-11-07T21:34:44.928919-05:00,1.001203999999973,True,,,,False,0.011184096000000032
406,407,2025-11-07T21:34:44.928919-05:00,2025-11-07T21:34:45.930123-05:00,1.0012040000000297,True,,,,False,0.008947276799999848
407,408,2025-11-07T21:34:45.930123-05:00,2025-11-07T21:34:46.932035-05:00,1.0019119999999475,True,,,,False,0.008947276799999848
408,409,2025-11-07T21:34:46.932035-05:00,2025-11-07T21:34:47.933467-05:00,1.0014320000000225,True,,,,False,0.008947276799999848
409,410,2025-11-07T21:34:47.933467-05:00,2025-11-07T21:34:48.935015-05:00,1.0015480000000139,True,,,,False,0.008947276799999848
410,411,2025-11-07T21:34:48.935015-05:00,2025-11-07T21:34:49.936469-05:00,1.001453999999967,True,,,,False,0.00894727679999896
411,412,2025-11-07T21:34:49.936469-05:00,2025-11-07T21:34:50.937837-05:00,1.0013680000000136,True,,,,False,0.011184096000000032
412,413,2025-11-07T21:34:50.937837-05:00,2025-11-07T21:34:51.939227-05:00,1.0013900000000149,True,,,,False,0.008947276800000736
413,414,2025-11-07T21:34:51.939227-05:00,2025-11-07T21:34:52.940592-05:00,1.0013650000000212,True,,,,False,0.011184096000000032
414,415,2025-11-07T21:34:52.940592-05:00,2025-11-07T21:34:53.942095-05:00,1.001502999999957,True,,,,False,0.011184095999999144
415,416,2025-11-07T21:34:53.942095-05:00,2025-11-07T21:34:54.943481-05:00,1.001386000000025,True,,,,False,0.011184096000000032
416,417,2025-11-07T21:34:54.943481-05:00,2025-11-07T21:34:55.944848-05:00,1.001367000000016,True,,,,False,0.013420915200001104
417,418,2025-11-07T21:34:55.944848-05:00,2025-11-07T21:34:56.946053-05:00,1.0012049999999704,True,,,,False,0.011184096000000032
418,419,2025-11-07T21:34:56.946053-05:00,2025-11-07T21:34:57.947281-05:00,1.001228000000026,True,,,,False,0.011184096000000032
419,420,2025-11-07T21:34:57.947281-05:00,2025-11-07T21:34:58.949138-05:00,1.0018569999999727,True,,,,False,0.008947276799999848
420,421,2025-11-07T21:34:58.949138-05:00,2025-11-07T21:34:59.950328-05:00,1.0011900000000082,True,,,,False,0.011184096000000032
421,422,2025-11-07T21:34:59.950328-05:00,2025-11-07T21:35:00.951710-05:00,1.0013819999999782,True,,,,False,0.011184096000000032
422,423,2025-11-07T21:35:00.951710-05:00,2025-11-07T21:35:01.953430-05:00,1.0017200000000344,True,,,,False,0.011184096000000032
423,424,2025-11-07T21:35:01.953430-05:00,2025-11-07T21:35:02.955011-05:00,1.0015809999999874,True,,,,False,0.011184096000000032
424,425,2025-11-07T21:35:02.955011-05:00,2025-11-07T21:35:03.956576-05:00,1.001564999999971,True,,,,False,0.011184096000000032
425,426,2025-11-07T21:35:03.956576-05:00,2025-11-07T21:35:04.960404-05:00,1.0038280000000555,True,,,,False,0.011184096000000032
426,427,2025-11-07T21:35:04.960404-05:00,2025-11-07T21:35:05.964854-05:00,1.004449999999963,True,,,,False,0.011184096000000032
427,428,2025-11-07T21:35:05.964854-05:00,2025-11-07T21:35:06.966514-05:00,1.0016600000000153,True,,,,False,0.011184096000000032
428,429,2025-11-07T21:35:06.966514-05:00,2025-11-07T21:35:07.968153-05:00,1.0016390000000115,True,,,,False,0.011184096000000032
429,430,2025-11-07T21:35:07.968153-05:00,2025-11-07T21:35:08.969628-05:00,1.0014749999999708,True,,,,False,0.011184096000000032
430,431,2025-11-07T21:35:08.969628-05:00,2025-11-07T21:35:09.971883-05:00,1.002254999999991,True,,,,False,0.011184096000000032
431,432,2025-11-07T21:35:09.971883-05:00,2025-11-07T21:35:10.973063-05:00,1.0011800000000335,True,,,,False,0.011184096000000032
432,433,2025-11-07T21:35:10.973063-05:00,2025-11-07T21:35:11.974431-05:00,1.0013680000000136,True,,,,False,0.008947276799999848
433,434,2025-11-07T21:35:11.974431-05:00,2025-11-07T21:35:12.975823-05:00,1.001391999999953,True,,,,False,0.011184096000000032
434,435,2025-11-07T21:35:12.975823-05:00,2025-11-07T21:35:13.977236-05:00,1.0014130000000137,True,,,,False,0.008947276799999848
435,436,2025-11-07T21:35:13.977236-05:00,2025-11-07T21:35:14.978582-05:00,1.0013460000000123,True,,,,False,0.011184096000000032
436,437,2025-11-07T21:35:14.978582-05:00,2025-11-07T21:35:15.979909-05:00,1.0013270000000034,True,,,,False,0.008947276799999848
437,438,2025-11-07T21:35:15.979909-05:00,2025-11-07T21:35:16.981294-05:00,1.0013849999999707,True,,,,False,0.011184095999999144
438,439,2025-11-07T21:35:16.981294-05:00,2025-11-07T21:35:17.982729-05:00,1.001435000000015,True,,,,False,0.011184095999999144
439,440,2025-11-07T21:35:17.982729-05:00,2025-11-07T21:35:18.984205-05:00,1.0014760000000251,True,,,,False,0.008947276800000736
440,441,2025-11-07T21:35:18.984205-05:00,2025-11-07T21:35:19.985581-05:00,1.0013759999999934,True,,,,False,0.011184095999999144
441,442,2025-11-07T21:35:19.985581-05:00,2025-11-07T21:35:20.986945-05:00,1.0013639999999668,True,,,,False,0.011184095999999144
442,443,2025-11-07T21:35:20.986945-05:00,2025-11-07T21:35:21.988336-05:00,1.0013910000000124,True,,,,False,0.008947276800000736
443,444,2025-11-07T21:35:21.988336-05:00,2025-11-07T21:35:22.989815-05:00,1.0014790000000175,True,,,,False,0.011184095999999144
444,445,2025-11-07T21:35:22.989815-05:00,2025-11-07T21:35:23.991336-05:00,1.0015209999999684,True,,,,False,0.011184095999999144
445,446,2025-11-07T21:35:23.991336-05:00,2025-11-07T21:35:24.992785-05:00,1.0014490000000364,True,,,,False,0.011184095999999144
446,447,2025-11-07T21:35:24.992785-05:00,2025-11-07T21:35:25.994116-05:00,1.0013309999999933,True,,,,False,0.011184095999999144
447,448,2025-11-07T21:35:25.994116-05:00,2025-11-07T21:35:26.995528-05:00,1.0014120000000162,True,,,,False,0.008947276800000736
448,449,2025-11-07T21:35:26.995528-05:00,2025-11-07T21:35:27.996926-05:00,1.0013979999999947,True,,,,False,0.011184095999999144
449,450,2025-11-07T21:35:27.996926-05:00,2025-11-07T21:35:28.998428-05:00,1.0015019999999595,True,,,,False,0.011184095999999144
450,451,2025-11-07T21:35:28.998428-05:00,2025-11-07T21:35:29.999845-05:00,1.0014170000000036,True,,,,False,0.011184095999999144
451,452,2025-11-07T21:35:29.999845-05:00,2025-11-07T21:35:31.001260-05:00,1.0014150000000086,True,,,,False,0.011184095999999144
452,453,2025-11-07T21:35:31.001260-05:00,2025-11-07T21:35:32.002632-05:00,1.0013720000000035,True,,,,False,0.011184095999999144
453,454,2025-11-07T21:35:32.002632-05:00,2025-11-07T21:35:33.004044-05:00,1.0014120000000162,True,,,,False,0.011184095999999144
454,455,2025-11-07T21:35:33.004044-05:00,2025-11-07T21:35:34.006083-05:00,1.002038999999968,True,,,,False,0.013420915199999328
455,456,2025-11-07T21:35:34.006083-05:00,2025-11-07T21:35:35.007125-05:00,1.0010420000000408,True,,,,False,0.011184095999999144
456,457,2025-11-07T21:35:35.007125-05:00,2025-11-07T21:35:36.008250-05:00,1.0011250000000018,True,,,,False,0.011184095999999144
457,458,2025-11-07T21:35:36.008250-05:00,2025-11-07T21:35:37.009376-05:00,1.0011259999999993,True,,,,False,0.011184095999999144
458,459,2025-11-07T21:35:37.009376-05:00,2025-11-07T21:35:38.010496-05:00,1.0011199999999576,True,,,,False,0.013420915199999328
459,460,2025-11-07T21:35:38.010496-05:00,2025-11-07T21:35:39.011888-05:00,1.0013920000000098,True,,,,False,0.011184095999999144
460,461,2025-11-07T21:35:39.011888-05:00,2025-11-07T21:35:40.013038-05:00,1.0011499999999955,True,,,,False,0.013420915199999328
461,462,2025-11-07T21:35:40.013038-05:00,2025-11-07T21:35:41.014762-05:00,1.0017240000000243,True,,,,False,0.011184095999999144
462,463,2025-11-07T21:35:41.014762-05:00,2025-11-07T21:35:42.015902-05:00,1.0011400000000208,True,,,,False,0.013420915199999328
463,464,2025-11-07T21:35:42.015902-05:00,2025-11-07T21:35:43.017056-05:00,1.0011539999999854,True,,,,False,0.013420915199999328
464,465,2025-11-07T21:35:43.017056-05:00,2025-11-07T21:35:44.018221-05:00,1.0011650000000145,True,,,,False,0.011184095999999144
465,466,2025-11-07T21:35:44.018221-05:00,2025-11-07T21:35:45.019377-05:00,1.0011559999999804,True,,,,False,0.013420915199999328
466,467,2025-11-07T21:35:45.019377-05:00,2025-11-07T21:35:46.020508-05:00,1.0011309999999867,True,,,,False,0.013420915199999328
467,468,2025-11-07T21:35:46.020508-05:00,2025-11-07T21:35:47.021824-05:00,1.0013160000000312,True,,,,False,0.011184095999999144
468,469,2025-11-07T21:35:47.021824-05:00,2025-11-07T21:35:48.023174-05:00,1.0013500000000022,True,,,,False,0.011184095999999144
469,470,2025-11-07T21:35:48.023174-05:00,2025-11-07T21:35:49.024549-05:00,1.001374999999996,True,,,,False,0.008947276800000736
470,471,2025-11-07T21:35:49.024549-05:00,2025-11-07T21:35:50.026035-05:00,1.0014859999999999,True,,,,False,0.008947276800000736
471,472,2025-11-07T21:35:50.026035-05:00,2025-11-07T21:35:51.027509-05:00,1.0014739999999733,True,,,,False,0.008947276800000736
472,473,2025-11-07T21:35:51.027509-05:00,2025-11-07T21:35:52.028994-05:00,1.0014850000000024,True,,,,False,0.008947276800000736
473,474,2025-11-07T21:35:52.028994-05:00,2025-11-07T21:35:53.030392-05:00,1.0013979999999947,True,,,,False,0.006710457600000552
474,475,2025-11-07T21:35:53.030392-05:00,2025-11-07T21:35:54.031947-05:00,1.0015549999999962,True,,,,False,0.008947276800000736
475,476,2025-11-07T21:35:54.031947-05:00,2025-11-07T21:35:55.033319-05:00,1.0013720000000035,True,,,,False,0.008947276800000736
476,477,2025-11-07T21:35:55.033319-05:00,2025-11-07T21:35:56.034802-05:00,1.0014830000000075,True,,,,False,0.008947276800000736
477,478,2025-11-07T21:35:56.034802-05:00,2025-11-07T21:35:57.036281-05:00,1.0014790000000175,True,,,,False,0.008947276800000736
478,479,2025-11-07T21:35:57.036281-05:00,2025-11-07T21:35:58.039213-05:00,1.002931999999987,True,,,,False,0.008947276800000736
479,480,2025-11-07T21:35:58.039213-05:00,2025-11-07T21:35:59.040490-05:00,1.001277000000016,True,,,,False,0.011184095999999144
480,481,2025-11-07T21:35:59.040490-05:00,2025-11-07T21:36:00.041882-05:00,1.001391999999953,True,,,,False,0.011184095999999144
481,482,2025-11-07T21:36:00.041882-05:00,2025-11-07T21:36:01.042904-05:00,1.0010220000000345,True,,,,False,0.008947276800000736
482,483,2025-11-07T21:36:01.042904-05:00,2025-11-07T21:36:02.044318-05:00,1.0014140000000111,True,,,,False,0.011184095999999144
483,484,2025-11-07T21:36:02.044318-05:00,2025-11-07T21:36:03.045819-05:00,1.001500999999962,True,,,,False,0.008947276800000736
484,485,2025-11-07T21:36:03.045819-05:00,2025-11-07T21:36:04.047308-05:00,1.0014889999999923,True,,,,False,0.011184095999999144
485,486,2025-11-07T21:36:04.047308-05:00,2025-11-07T21:36:05.048993-05:00,1.001685000000009,True,,,,False,0.011184095999999144
486,487,2025-11-07T21:36:05.048993-05:00,2025-11-07T21:36:06.050469-05:00,1.0014760000000251,True,,,,False,0.008947276800000736
487,488,2025-11-07T21:36:06.050469-05:00,2025-11-07T21:36:07.052052-05:00,1.0015829999999823,True,,,,False,0.011184095999999144
488,489,2025-11-07T21:36:07.052052-05:00,2025-11-07T21:36:08.053570-05:00,1.0015180000000328,True,,,,False,0.011184095999999144
489,490,2025-11-07T21:36:08.053570-05:00,2025-11-07T21:36:09.088730-05:00,1.035159999999962,True,,,,False,0.011184095999999144
490,491,2025-11-07T21:36:09.088730-05:00,2025-11-07T21:36:10.089877-05:00,1.0011470000000031,True,,,,False,0.011184095999999144
491,492,2025-11-07T21:36:10.089877-05:00,2025-11-07T21:36:11.091034-05:00,1.0011570000000347,True,,,,False,0.011184095999999144
492,493,2025-11-07T21:36:11.091034-05:00,2025-11-07T21:36:12.092636-05:00,1.0016019999999912,True,,,,False,0.011184095999999144
493,494,2025-11-07T21:36:12.092636-05:00,2025-11-07T21:36:13.093809-05:00,1.0011729999999943,True,,,,False,0.008947276800000736
494,495,2025-11-07T21:36:13.093809-05:00,2025-11-07T21:36:14.122609-05:00,1.0287999999999897,True,,,,False,0.008947276800000736
495,496,2025-11-07T21:36:14.122609-05:00,2025-11-07T21:36:15.123973-05:00,1.0013640000000237,True,,,,False,0.011184095999999144
496,497,2025-11-07T21:36:15.123973-05:00,2025-11-07T21:36:16.125316-05:00,1.001342999999963,True,,,,False,0.011184095999999144
497,498,2025-11-07T21:36:16.125316-05:00,2025-11-07T21:36:17.126599-05:00,1.0012830000000008,True,,,,False,0.008947276800000736
498,499,2025-11-07T21:36:17.126599-05:00,2025-11-07T21:36:18.127972-05:00,1.001373000000001,True,,,,False,0.011184095999999144
499,500,2025-11-07T21:36:18.127972-05:00,2025-11-07T21:36:19.129318-05:00,1.0013460000000123,True,,,,False,0.013420915199999328
500,501,2025-11-07T21:36:19.129318-05:00,2025-11-07T21:36:20.130736-05:00,1.001418000000001,True,,,,False,0.011184095999999144
501,502,2025-11-07T21:36:20.130736-05:00,2025-11-07T21:36:21.132217-05:00,1.0014810000000125,True,,,,False,0.011184095999999144
502,503,2025-11-07T21:36:21.132217-05:00,2025-11-07T21:36:22.133596-05:00,1.0013789999999858,True,,,,False,0.013420915199999328
503,504,2025-11-07T21:36:22.133596-05:00,2025-11-07T21:36:23.135046-05:00,1.001449999999977,True,,,,False,0.011184095999999144
504,505,2025-11-07T21:36:23.135046-05:00,2025-11-07T21:36:24.136351-05:00,1.001305000000002,True,,,,False,0.013420915199999328
505,506,2025-11-07T21:36:24.136351-05:00,2025-11-07T21:36:25.137467-05:00,1.0011160000000245,True,,,,False,0.013420915199999328
506,507,2025-11-07T21:36:25.137467-05:00,2025-11-07T21:36:26.139109-05:00,1.001642000000004,True,,,,False,0.013420915199999328
507,508,2025-11-07T21:36:26.139109-05:00,2025-11-07T21:36:27.140327-05:00,1.0012179999999944,True,,,,False,0.011184095999999144
508,509,2025-11-07T21:36:27.140327-05:00,2025-11-07T21:36:28.142157-05:00,1.001829999999984,True,,,,False,0.013420915199999328
509,510,2025-11-07T21:36:28.142157-05:00,2025-11-07T21:36:29.143349-05:00,1.0011920000000032,True,,,,False,0.011184095999999144
510,511,2025-11-07T21:36:29.143349-05:00,2025-11-07T21:36:30.144520-05:00,1.0011709999999994,True,,,,False,0.013420915199999328
511,512,2025-11-07T21:36:30.144520-05:00,2025-11-07T21:36:31.145725-05:00,1.0012050000000272,True,,,,False,0.013420915199999328
512,513,2025-11-07T21:36:31.145725-05:00,2025-11-07T21:36:32.147526-05:00,1.0018010000000004,True,,,,False,0.011184095999999144
513,514,2025-11-07T21:36:32.147526-05:00,2025-11-07T21:36:33.148694-05:00,1.00116799999995,True,,,,False,0.011184095999999144
514,515,2025-11-07T21:36:33.148694-05:00,2025-11-07T21:36:34.149874-05:00,1.0011800000000903,True,,,,False,0.011184095999999144
515,516,2025-11-07T21:36:34.149874-05:00,2025-11-07T21:36:35.151026-05:00,1.0011519999999337,True,,,,False,0.011184095999999144
516,517,2025-11-07T21:36:35.151026-05:00,2025-11-07T21:36:36.152243-05:00,1.001216999999997,True,,,,False,0.008947276800000736
517,518,2025-11-07T21:36:36.152243-05:00,2025-11-07T21:36:37.153397-05:00,1.0011540000000423,True,,,,False,0.011184095999999144
518,519,2025-11-07T21:36:37.153397-05:00,2025-11-07T21:36:38.154489-05:00,1.0010919999999714,True,,,,False,0.008947276800000736
519,520,2025-11-07T21:36:38.154489-05:00,2025-11-07T21:36:39.155665-05:00,1.0011759999999867,True,,,,False,0.006710457600000552
520,521,2025-11-07T21:36:39.155665-05:00,2025-11-07T21:36:40.156852-05:00,1.001186999999959,True,,,,False,0.008947276800000736
521,522,2025-11-07T21:36:40.156852-05:00,2025-11-07T21:36:41.158006-05:00,1.0011540000000423,True,,,,False,0.006710457600000552
522,523,2025-11-07T21:36:41.158006-05:00,2025-11-07T21:36:42.159772-05:00,1.001765999999975,True,,,,False,0.008947276800000736
523,524,2025-11-07T21:36:42.159772-05:00,2025-11-07T21:36:43.160923-05:00,1.0011510000000499,True,,,,False,0.008947276800000736
524,525,2025-11-07T21:36:43.160923-05:00,2025-11-07T21:36:44.162281-05:00,1.001357999999982,True,,,,False,0.008947276800000736
525,526,2025-11-07T21:36:44.162281-05:00,2025-11-07T21:36:45.163731-05:00,1.001449999999977,True,,,,False,0.011184095999999144
526,527,2025-11-07T21:36:45.163731-05:00,2025-11-07T21:36:46.165213-05:00,1.00148200000001,True,,,,False,0.008947276800000736
527,528,2025-11-07T21:36:46.165213-05:00,2025-11-07T21:36:47.166621-05:00,1.0014079999999694,True,,,,False,0.011184095999999144
528,529,2025-11-07T21:36:47.166621-05:00,2025-11-07T21:36:48.168020-05:00,1.0013989999999922,True,,,,False,0.011184095999999144
529,530,2025-11-07T21:36:48.168020-05:00,2025-11-07T21:36:49.169429-05:00,1.0014090000000806,True,,,,False,0.011184095999999144
530,531,2025-11-07T21:36:49.169429-05:00,2025-11-07T21:36:50.170619-05:00,1.0011899999999514,True,,,,False,0.011184095999999144
531,532,2025-11-07T21:36:50.170619-05:00,2025-11-07T21:36:51.172480-05:00,1.0018610000000763,True,,,,False,0.008947276800000736
532,533,2025-11-07T21:36:51.172480-05:00,2025-11-07T21:36:52.174150-05:00,1.00166999999999,True,,,,False,0.011184095999999144
533,534,2025-11-07T21:36:52.174150-05:00,2025-11-07T21:36:53.176285-05:00,1.002134999999953,True,,,,False,0.01118409600000092
534,535,2025-11-07T21:36:53.176285-05:00,2025-11-07T21:36:54.178074-05:00,1.0017890000000307,True,,,,False,0.011184095999997368
535,536,2025-11-07T21:36:54.178074-05:00,2025-11-07T21:36:55.181719-05:00,1.003645000000006,True,,,,False,0.008947276800002513
536,537,2025-11-07T21:36:55.181719-05:00,2025-11-07T21:36:56.187913-05:00,1.0061939999999368,True,,,,False,0.00894727679999896
537,538,2025-11-07T21:36:56.187913-05:00,2025-11-07T21:36:57.189268-05:00,1.0013549999999896,True,,,,False,0.008947276800000736
538,539,2025-11-07T21:36:57.189268-05:00,2025-11-07T21:36:58.190607-05:00,1.00133900000003,True,,,,False,0.006710457600000552
539,540,2025-11-07T21:36:58.190607-05:00,2025-11-07T21:36:59.192004-05:00,1.0013969999999972,True,,,,False,0.008947276800000736
540,541,2025-11-07T21:36:59.192004-05:00,2025-11-07T21:37:00.193390-05:00,1.001386000000025,True,,,,False,0.004473638400000368
541,542,2025-11-07T21:37:00.193390-05:00,2025-11-07T21:37:01.194740-05:00,1.0013500000000022,True,,,,False,0.006710457600000552
542,543,2025-11-07T21:37:01.194740-05:00,2025-11-07T21:37:02.196129-05:00,1.0013890000000174,True,,,,False,0.006710457600002329
543,544,2025-11-07T21:37:02.196129-05:00,2025-11-07T21:37:03.197510-05:00,1.001380999999924,True,,,,False,0.004473638399998592
544,545,2025-11-07T21:37:03.197510-05:00,2025-11-07T21:37:04.199610-05:00,1.0021000000000413,True,,,,False,0.004473638400000368
545,546,2025-11-07T21:37:04.199610-05:00,2025-11-07T21:37:05.201269-05:00,1.0016590000000178,True,,,,False,0.004473638400000368
546,547,2025-11-07T21:37:05.201269-05:00,2025-11-07T21:37:06.202908-05:00,1.0016389999999546,True,,,,False,0.004473638400000368
547,548,2025-11-07T21:37:06.202908-05:00,2025-11-07T21:37:07.204311-05:00,1.001402999999982,True,,,,False,0.004473638399998592
548,549,2025-11-07T21:37:07.204311-05:00,2025-11-07T21:37:08.205633-05:00,1.0013220000000729,True,,,,False,0.004473638400000368
549,550,2025-11-07T21:37:08.205633-05:00,2025-11-07T21:37:09.207140-05:00,1.0015069999999469,True,,,,False,0.0044736384000021445
550,551,2025-11-07T21:37:09.207140-05:00,2025-11-07T21:37:10.208598-05:00,1.0014580000000706,True,,,,False,0.006710457600000552
551,552,2025-11-07T21:37:10.208598-05:00,2025-11-07T21:37:11.210211-05:00,1.0016129999999066,True,,,,False,0.0044736384000021445
552,553,2025-11-07T21:37:11.210211-05:00,2025-11-07T21:37:12.211830-05:00,1.0016190000000051,True,,,,False,0.004473638400000368
553,554,2025-11-07T21:37:12.211830-05:00,2025-11-07T21:37:13.213249-05:00,1.0014190000000553,True,,,,False,0.004473638399998592
554,555,2025-11-07T21:37:13.213249-05:00,2025-11-07T21:37:14.214549-05:00,1.0013000000000147,True,,,,False,0.004473638400000368
555,556,2025-11-07T21:37:14.214549-05:00,2025-11-07T21:37:15.216007-05:00,1.0014579999999569,True,,,,False,0.004473638400000368
556,557,2025-11-07T21:37:15.216007-05:00,2025-11-07T21:37:16.217300-05:00,1.0012930000000324,True,,,,False,0.004473638400000368
557,558,2025-11-07T21:37:16.217300-05:00,2025-11-07T21:37:17.218620-05:00,1.0013199999999642,True,,,,False,0.004473638400000368
558,559,2025-11-07T21:37:17.218620-05:00,2025-11-07T21:37:18.220006-05:00,1.001386000000025,True,,,,False,0.004473638399998592
559,560,2025-11-07T21:37:18.220006-05:00,2025-11-07T21:37:19.221555-05:00,1.0015489999999545,True,,,,False,0.0044736384000021445
560,561,2025-11-07T21:37:19.221555-05:00,2025-11-07T21:37:20.222907-05:00,1.0013519999999971,True,,,,False,0.004473638400000368
561,562,2025-11-07T21:37:20.222907-05:00,2025-11-07T21:37:21.224368-05:00,1.001461000000063,True,,,,False,0.004473638400000368
562,563,2025-11-07T21:37:21.224368-05:00,2025-11-07T21:37:22.225819-05:00,1.0014509999999746,True,,,,False,0.0044736384000021445
563,564,2025-11-07T21:37:22.225819-05:00,2025-11-07T21:37:23.227373-05:00,1.0015540000000556,True,,,,False,0.004473638400000368
564,565,2025-11-07T21:37:23.227373-05:00,2025-11-07T21:37:24.228682-05:00,1.001308999999992,True,,,,False,0.004473638399998592
565,566,2025-11-07T21:37:24.228682-05:00,2025-11-07T21:37:25.230200-05:00,1.001517999999919,True,,,,False,0.004473638400000368
566,567,2025-11-07T21:37:25.230200-05:00,2025-11-07T21:37:26.231727-05:00,1.00152700000001,True,,,,False,0.004473638400000368
567,568,2025-11-07T21:37:26.231727-05:00,2025-11-07T21:37:27.233118-05:00,1.0013910000000124,True,,,,False,0.008947276800000736
568,569,2025-11-07T21:37:27.233118-05:00,2025-11-07T21:37:28.234593-05:00,1.0014750000000276,True,,,,False,0.0022368191999984077
569,570,2025-11-07T21:37:28.234593-05:00,2025-11-07T21:37:29.235951-05:00,1.001357999999982,True,,,,False,0.004473638400000368
570,571,2025-11-07T21:37:29.235951-05:00,2025-11-07T21:37:30.237412-05:00,1.001461000000063,True,,,,False,0.0044736384000021445
571,572,2025-11-07T21:37:30.237412-05:00,2025-11-07T21:37:31.238743-05:00,1.0013309999999365,True,,,,False,0.004473638400000368
572,573,2025-11-07T21:37:31.238743-05:00,2025-11-07T21:37:32.240104-05:00,1.0013609999999744,True,,,,False,0.004473638400000368
573,574,2025-11-07T21:37:32.240104-05:00,2025-11-07T21:37:33.241284-05:00,1.0011800000000903,True,,,,False,0.0044736384000021445
574,575,2025-11-07T21:37:33.241284-05:00,2025-11-07T21:37:34.242669-05:00,1.0013849999999138,True,,,,False,0.004473638399998592
575,576,2025-11-07T21:37:34.242669-05:00,2025-11-07T21:37:35.244077-05:00,1.0014080000000831,True,,,,False,0.004473638400000368
576,577,2025-11-07T21:37:35.244077-05:00,2025-11-07T21:37:36.245441-05:00,1.0013639999999668,True,,,,False,0.004473638400000368
577,578,2025-11-07T21:37:36.245441-05:00,2025-11-07T21:37:37.246769-05:00,1.001327999999944,True,,,,False,0.004473638400000368
578,579,2025-11-07T21:37:37.246769-05:00,2025-11-07T21:37:38.248141-05:00,1.0013720000000603,True,,,,False,0.004473638400000368
579,580,2025-11-07T21:37:38.248141-05:00,2025-11-07T21:37:39.249620-05:00,1.0014790000000175,True,,,,False,0.004473638399998592
580,581,2025-11-07T21:37:39.249620-05:00,2025-11-07T21:37:40.250983-05:00,1.0013629999999694,True,,,,False,0.006710457600002329
581,582,2025-11-07T21:37:40.250983-05:00,2025-11-07T21:37:41.252589-05:00,1.001606000000038,True,,,,False,0.004473638400000368
582,583,2025-11-07T21:37:41.252589-05:00,2025-11-07T21:37:42.254106-05:00,1.0015169999999216,True,,,,False,0.004473638400000368
583,584,2025-11-07T21:37:42.254106-05:00,2025-11-07T21:37:43.255195-05:00,1.001088999999979,True,,,,False,0.0044736384000021445
584,585,2025-11-07T21:37:43.255195-05:00,2025-11-07T21:37:44.256665-05:00,1.0014700000000403,True,,,,False,0.004473638400000368
585,586,2025-11-07T21:37:44.256665-05:00,2025-11-07T21:37:45.258168-05:00,1.0015030000000706,True,,,,False,0.004473638399998592
586,587,2025-11-07T21:37:45.258168-05:00,2025-11-07T21:37:46.259604-05:00,1.0014359999998987,True,,,,False,0.006710457600000552
587,588,2025-11-07T21:37:46.259604-05:00,2025-11-07T21:37:47.261159-05:00,1.001555000000053,True,,,,False,0.004473638400000368
588,589,2025-11-07T21:37:47.261159-05:00,2025-11-07T21:37:48.262658-05:00,1.001498999999967,True,,,,False,0.006710457599998776
589,590,2025-11-07T21:37:48.262658-05:00,2025-11-07T21:37:49.264160-05:00,1.0015020000000732,True,,,,False,0.0044736384000021445
590,591,2025-11-07T21:37:49.264160-05:00,2025-11-07T21:37:50.265721-05:00,1.0015609999999242,True,,,,False,0.006710457600000552
591,592,2025-11-07T21:37:50.265721-05:00,2025-11-07T21:37:51.267207-05:00,1.0014859999999999,True,,,,False,0.004473638400000368
592,593,2025-11-07T21:37:51.267207-05:00,2025-11-07T21:37:52.268715-05:00,1.001508000000058,True,,,,False,0.006710457600000552
593,594,2025-11-07T21:37:52.268715-05:00,2025-11-07T21:37:53.270171-05:00,1.001455999999962,True,,,,False,0.004473638400000368
594,595,2025-11-07T21:37:53.270171-05:00,2025-11-07T21:37:54.271515-05:00,1.0013440000000173,True,,,,False,0.006710457600000552
595,596,2025-11-07T21:37:54.271515-05:00,2025-11-07T21:37:55.272723-05:00,1.0012080000000196,True,,,,False,0.004473638400000368
596,597,2025-11-07T21:37:55.272723-05:00,2025-11-07T21:37:56.274121-05:00,1.0013979999999947,True,,,,False,0.006710457600000552
597,598,2025-11-07T21:37:56.274121-05:00,2025-11-07T21:37:57.275198-05:00,1.0010770000000093,True,,,,False,0.002236819200000184
598,599,2025-11-07T21:37:57.275198-05:00,2025-11-07T21:37:58.276188-05:00,1.0009900000000016,True,,,,False,0.004473638399998592
599,600,2025-11-07T21:37:58.276188-05:00,2025-11-07T21:37:59.277587-05:00,1.0013989999999922,True,,,,False,0.006710457600002329
600,601,2025-11-07T21:37:59.277587-05:00,2025-11-07T21:38:00.278893-05:00,1.0013059999999996,True,,,,False,0.002236819200000184
601,602,2025-11-07T21:38:00.278893-05:00,2025-11-07T21:38:01.280268-05:00,1.001374999999939,True,,,,False,0.004473638400000368
602,603,2025-11-07T21:38:01.280268-05:00,2025-11-07T21:38:02.289462-05:00,1.0091939999999795,True,,,,False,0.006710457600002329
603,604,2025-11-07T21:38:02.289462-05:00,2025-11-07T21:38:03.290622-05:00,1.0011600000000271,True,,,,False,0.004473638399998592
604,605,2025-11-07T21:38:03.290622-05:00,2025-11-07T21:38:04.292040-05:00,1.0014180000000579,True,,,,False,0.006710457600000552
605,606,2025-11-07T21:38:04.292040-05:00,2025-11-07T21:38:05.293186-05:00,1.0011459999999488,True,,,,False,0.004473638400000368
606,607,2025-11-07T21:38:05.293186-05:00,2025-11-07T21:38:06.294334-05:00,1.0011480000000574,True,,,,False,0.006710457600000552
607,608,2025-11-07T21:38:06.294334-05:00,2025-11-07T21:38:07.295487-05:00,1.0011529999999311,True,,,,False,0.006710457599998776
608,609,2025-11-07T21:38:07.295487-05:00,2025-11-07T21:38:08.296526-05:00,1.0010389999999916,True,,,,False,0.0044736384000021445
609,610,2025-11-07T21:38:08.296526-05:00,2025-11-07T21:38:09.297684-05:00,1.0011580000000322,True,,,,False,0.006710457600000552
610,611,2025-11-07T21:38:09.297684-05:00,2025-11-07T21:38:10.299393-05:00,1.0017090000000053,True,,,,False,0.006710457600002329
611,612,2025-11-07T21:38:10.299393-05:00,2025-11-07T21:38:11.300543-05:00,1.0011500000000524,True,,,,False,0.006710457599998776
612,613,2025-11-07T21:38:11.300543-05:00,2025-11-07T21:38:12.304524-05:00,1.0039809999999534,True,,,,False,0.006710457600000552
613,614,2025-11-07T21:38:12.304524-05:00,2025-11-07T21:38:13.305718-05:00,1.0011939999999413,True,,,,False,0.004473638400000368
614,615,2025-11-07T21:38:13.305718-05:00,2025-11-07T21:38:14.307415-05:00,1.0016970000000356,True,,,,False,0.006710457600000552
615,616,2025-11-07T21:38:14.307415-05:00,2025-11-07T21:38:15.308560-05:00,1.001145000000065,True,,,,False,0.004473638399998592
616,617,2025-11-07T21:38:15.308560-05:00,2025-11-07T21:38:16.309724-05:00,1.0011639999999034,True,,,,False,0.006710457600002329
617,618,2025-11-07T21:38:16.309724-05:00,2025-11-07T21:38:17.311509-05:00,1.0017850000000408,True,,,,False,0.004473638400000368
618,619,2025-11-07T21:38:17.311509-05:00,2025-11-07T21:38:18.312674-05:00,1.0011650000000145,True,,,,False,0.006710457600002329
619,620,2025-11-07T21:38:18.312674-05:00,2025-11-07T21:38:19.313813-05:00,1.0011389999999665,True,,,,False,0.006710457600000552
620,621,2025-11-07T21:38:19.313813-05:00,2025-11-07T21:38:20.315391-05:00,1.001577999999995,True,,,,False,0.006710457599998776
621,622,2025-11-07T21:38:20.315391-05:00,2025-11-07T21:38:21.316867-05:00,1.0014760000000251,True,,,,False,0.004473638400000368
622,623,2025-11-07T21:38:21.316867-05:00,2025-11-07T21:38:22.318028-05:00,1.0011610000000246,True,,,,False,0.006710457600000552
623,624,2025-11-07T21:38:22.318028-05:00,2025-11-07T21:38:23.319181-05:00,1.0011529999999311,True,,,,False,0.006710457599998776
624,625,2025-11-07T21:38:23.319181-05:00,2025-11-07T21:38:24.320372-05:00,1.0011910000000626,True,,,,False,0.006710457600002329
625,626,2025-11-07T21:38:24.320372-05:00,2025-11-07T21:38:25.322144-05:00,1.00177199999996,True,,,,False,0.006710457600000552
626,627,2025-11-07T21:38:25.322144-05:00,2025-11-07T21:38:26.323306-05:00,1.001162000000022,True,,,,False,0.0044736384000021445
627,628,2025-11-07T21:38:26.323306-05:00,2025-11-07T21:38:27.324485-05:00,1.0011789999999792,True,,,,False,0.006710457599998776
628,629,2025-11-07T21:38:27.324485-05:00,2025-11-07T21:38:28.326080-05:00,1.0015950000000657,True,,,,False,0.006710457600000552
629,630,2025-11-07T21:38:28.326080-05:00,2025-11-07T21:38:29.327615-05:00,1.0015349999999899,True,,,,False,0.006710457600000552
630,631,2025-11-07T21:38:29.327615-05:00,2025-11-07T21:38:30.329065-05:00,1.001449999999977,True,,,,False,0.006710457600000552
631,632,2025-11-07T21:38:30.329065-05:00,2025-11-07T21:38:31.330406-05:00,1.001341000000025,True,,,,False,0.004473638400000368
632,633,2025-11-07T21:38:31.330406-05:00,2025-11-07T21:38:32.331663-05:00,1.0012570000000096,True,,,,False,0.006710457600000552
633,634,2025-11-07T21:38:32.331663-05:00,2025-11-07T21:38:33.332869-05:00,1.001205999999911,True,,,,False,0.004473638400000368
634,635,2025-11-07T21:38:33.332869-05:00,2025-11-07T21:38:34.334374-05:00,1.0015050000000656,True,,,,False,0.004473638400000368
635,636,2025-11-07T21:38:34.334374-05:00,2025-11-07T21:38:35.336228-05:00,1.0018539999999803,True,,,,False,0.004473638400000368
636,637,2025-11-07T21:38:35.336228-05:00,2025-11-07T21:38:36.337562-05:00,1.0013340000000426,True,,,,False,0.006710457600000552
637,638,2025-11-07T21:38:36.337562-05:00,2025-11-07T21:38:37.338859-05:00,1.0012969999999086,True,,,,False,0.004473638400000368
638,639,2025-11-07T21:38:37.338859-05:00,2025-11-07T21:38:38.340231-05:00,1.0013720000000603,True,,,,False,0.002236819200000184
639,640,2025-11-07T21:38:38.340231-05:00,2025-11-07T21:38:39.341700-05:00,1.0014690000000428,True,,,,False,0.004473638400000368
640,641,2025-11-07T21:38:39.341700-05:00,2025-11-07T21:38:40.343133-05:00,1.0014329999999063,True,,,,False,0.004473638400000368
641,642,2025-11-07T21:38:40.343133-05:00,2025-11-07T21:38:41.344261-05:00,1.0011279999999942,True,,,,False,0.004473638399998592
642,643,2025-11-07T21:38:41.344261-05:00,2025-11-07T21:38:42.345435-05:00,1.0011740000001055,True,,,,False,0.002236819200000184
643,644,2025-11-07T21:38:42.345435-05:00,2025-11-07T21:38:43.347314-05:00,1.0018789999999171,True,,,,False,0.0044736384000021445
644,645,2025-11-07T21:38:43.347314-05:00,2025-11-07T21:38:44.348449-05:00,1.0011349999999766,True,,,,False,0.004473638400000368
645,646,2025-11-07T21:38:44.348449-05:00,2025-11-07T21:38:45.349545-05:00,1.001096000000075,True,,,,False,0.004473638400000368
646,647,2025-11-07T21:38:45.349545-05:00,2025-11-07T21:38:46.350899-05:00,1.001353999999992,True,,,,False,0.0044736384000021445
647,648,2025-11-07T21:38:46.350899-05:00,2025-11-07T21:38:47.352277-05:00,1.0013779999999315,True,,,,False,0.004473638400000368
648,649,2025-11-07T21:38:47.352277-05:00,2025-11-07T21:38:48.353801-05:00,1.0015240000000176,True,,,,False,0.006710457599998776
649,650,2025-11-07T21:38:48.353801-05:00,2025-11-07T21:38:49.355253-05:00,1.0014520000000857,True,,,,False,0.004473638400000368
650,651,2025-11-07T21:38:49.355253-05:00,2025-11-07T21:38:50.356659-05:00,1.0014059999999745,True,,,,False,0.006710457600000552
651,652,2025-11-07T21:38:50.356659-05:00,2025-11-07T21:38:51.358101-05:00,1.0014419999999973,True,,,,False,0.006710457599998776
652,653,2025-11-07T21:38:51.358101-05:00,2025-11-07T21:38:52.359598-05:00,1.001496999999972,True,,,,False,0.004473638400000368
653,654,2025-11-07T21:38:52.359598-05:00,2025-11-07T21:38:53.361212-05:00,1.0016140000000178,True,,,,False,0.006710457600002329
654,655,2025-11-07T21:38:53.361212-05:00,2025-11-07T21:38:54.362897-05:00,1.0016849999999522,True,,,,False,0.006710457600002329
655,656,2025-11-07T21:38:54.362897-05:00,2025-11-07T21:38:55.364558-05:00,1.0016610000000128,True,,,,False,0.006710457599998776
656,657,2025-11-07T21:38:55.364558-05:00,2025-11-07T21:38:56.366222-05:00,1.0016640000000052,True,,,,False,0.006710457600000552
657,658,2025-11-07T21:38:56.366222-05:00,2025-11-07T21:38:57.367806-05:00,1.0015839999999798,True,,,,False,0.008947276800000736
658,659,2025-11-07T21:38:57.367806-05:00,2025-11-07T21:38:58.369729-05:00,1.0019230000000334,True,,,,False,0.00894727679999896
659,660,2025-11-07T21:38:58.369729-05:00,2025-11-07T21:38:59.370888-05:00,1.0011590000000297,True,,,,False,0.008947276800002513
660,661,2025-11-07T21:38:59.370888-05:00,2025-11-07T21:39:00.372453-05:00,1.0015650000000278,True,,,,False,0.008947276800002513
661,662,2025-11-07T21:39:00.372453-05:00,2025-11-07T21:39:01.373901-05:00,1.0014479999999821,True,,,,False,0.00894727679999896
662,663,2025-11-07T21:39:01.373901-05:00,2025-11-07T21:39:02.375172-05:00,1.0012709999999743,True,,,,False,0.008947276800000736
663,664,2025-11-07T21:39:02.375172-05:00,2025-11-07T21:39:03.376742-05:00,1.0015700000000152,True,,,,False,0.011184095999999144
664,665,2025-11-07T21:39:03.376742-05:00,2025-11-07T21:39:04.378218-05:00,1.0014760000000251,True,,,,False,0.008947276800000736
665,666,2025-11-07T21:39:04.378218-05:00,2025-11-07T21:39:05.379738-05:00,1.001519999999914,True,,,,False,0.011184095999999144
666,667,2025-11-07T21:39:05.379738-05:00,2025-11-07T21:39:06.381295-05:00,1.001557000000048,True,,,,False,0.008947276800000736
667,668,2025-11-07T21:39:06.381295-05:00,2025-11-07T21:39:07.382805-05:00,1.0015099999999393,True,,,,False,0.01118409600000092
668,669,2025-11-07T21:39:07.382805-05:00,2025-11-07T21:39:08.384349-05:00,1.0015440000000808,True,,,,False,0.011184095999997368
669,670,2025-11-07T21:39:08.384349-05:00,2025-11-07T21:39:09.385814-05:00,1.0014649999999392,True,,,,False,0.008947276800002513
670,671,2025-11-07T21:39:09.385814-05:00,2025-11-07T21:39:10.387325-05:00,1.0015110000000504,True,,,,False,0.011184095999997368
671,672,2025-11-07T21:39:10.387325-05:00,2025-11-07T21:39:11.388672-05:00,1.0013470000000098,True,,,,False,0.011184095999997368
672,673,2025-11-07T21:39:11.388672-05:00,2025-11-07T21:39:12.389738-05:00,1.0010659999999234,True,,,,False,0.01118409600000092
673,674,2025-11-07T21:39:12.389738-05:00,2025-11-07T21:39:13.390917-05:00,1.0011790000000929,True,,,,False,0.011184095999999144
674,675,2025-11-07T21:39:13.390917-05:00,2025-11-07T21:39:14.392668-05:00,1.0017509999998992,True,,,,False,0.013420915200001104
675,676,2025-11-07T21:39:14.392668-05:00,2025-11-07T21:39:15.394201-05:00,1.0015330000001086,True,,,,False,0.011184095999997368
676,677,2025-11-07T21:39:15.394201-05:00,2025-11-07T21:39:16.395683-05:00,1.0014819999998963,True,,,,False,0.008947276800002513
677,678,2025-11-07T21:39:16.395683-05:00,2025-11-07T21:39:17.400578-05:00,1.0048950000000332,True,,,,False,0.013420915199997552
678,679,2025-11-07T21:39:17.400578-05:00,2025-11-07T21:39:18.403573-05:00,1.0029950000000554,True,,,,False,0.013420915199997552
679,680,2025-11-07T21:39:18.403573-05:00,2025-11-07T21:39:19.405277-05:00,1.0017039999999042,True,,,,False,0.01118409600000092
680,681,2025-11-07T21:39:19.405277-05:00,2025-11-07T21:39:20.408208-05:00,1.0029310000001033,True,,,,False,0.013420915199999328
681,682,2025-11-07T21:39:20.408208-05:00,2025-11-07T21:39:21.409486-05:00,1.0012779999999566,True,,,,False,0.013420915199999328
682,683,2025-11-07T21:39:21.409486-05:00,2025-11-07T21:39:22.410909-05:00,1.0014230000000452,True,,,,False,0.013420915199999328
683,684,2025-11-07T21:39:22.410909-05:00,2025-11-07T21:39:23.412192-05:00,1.001282999999944,True,,,,False,0.013420915199999328
684,685,2025-11-07T21:39:23.412192-05:00,2025-11-07T21:39:24.413442-05:00,1.0012500000000273,True,,,,False,0.013420915199997552
685,686,2025-11-07T21:39:24.413442-05:00,2025-11-07T21:39:25.414598-05:00,1.0011559999999236,True,,,,False,0.013420915200001104
686,687,2025-11-07T21:39:25.414598-05:00,2025-11-07T21:39:26.415778-05:00,1.0011800000000903,True,,,,False,0.013420915199999328
687,688,2025-11-07T21:39:26.415778-05:00,2025-11-07T21:39:27.416921-05:00,1.0011429999999564,True,,,,False,0.01118409600000092
688,689,2025-11-07T21:39:27.416921-05:00,2025-11-07T21:39:28.418166-05:00,1.00124500000004,True,,,,False,0.011184095999997368
689,690,2025-11-07T21:39:28.418166-05:00,2025-11-07T21:39:29.419984-05:00,1.0018179999999575,True,,,,False,0.011184095999999144
690,691,2025-11-07T21:39:29.419984-05:00,2025-11-07T21:39:30.421205-05:00,1.0012209999999868,True,,,,False,0.011184095999999144
691,692,2025-11-07T21:39:30.421205-05:00,2025-11-07T21:39:31.423053-05:00,1.0018479999999954,True,,,,False,0.011184095999999144
692,693,2025-11-07T21:39:31.423053-05:00,2025-11-07T21:39:32.424218-05:00,1.0011650000000145,True,,,,False,0.008947276800000736
693,694,2025-11-07T21:39:32.424218-05:00,2025-11-07T21:39:33.425868-05:00,1.0016500000000406,True,,,,False,0.00894727679999896
694,695,2025-11-07T21:39:33.425868-05:00,2025-11-07T21:39:34.427278-05:00,1.0014099999999644,True,,,,False,0.008947276800002513
695,696,2025-11-07T21:39:34.427278-05:00,2025-11-07T21:39:35.428669-05:00,1.0013910000000124,True,,,,False,0.008947276800000736
696,697,2025-11-07T21:39:35.428669-05:00,2025-11-07T21:39:36.430024-05:00,1.0013549999999896,True,,,,False,0.008947276800000736
697,698,2025-11-07T21:39:36.430024-05:00,2025-11-07T21:39:37.431517-05:00,1.0014929999999822,True,,,,False,0.011184095999999144
698,699,2025-11-07T21:39:37.431517-05:00,2025-11-07T21:39:38.432879-05:00,1.0013619999999719,True,,,,False,0.011184095999999144
699,700,2025-11-07T21:39:38.432879-05:00,2025-11-07T21:39:39.435942-05:00,1.003063000000111,True,,,,False,0.011184095999999144
700,701,2025-11-07T21:39:39.435942-05:00,2025-11-07T21:39:40.437368-05:00,1.001425999999924,True,,,,False,0.011184095999999144
701,702,2025-11-07T21:39:40.437368-05:00,2025-11-07T21:39:41.438686-05:00,1.0013179999999693,True,,,,False,0.01118409600000092
702,703,2025-11-07T21:39:41.438686-05:00,2025-11-07T21:39:42.440113-05:00,1.0014270000000352,True,,,,False,0.011184095999997368
703,704,2025-11-07T21:39:42.440113-05:00,2025-11-07T21:39:43.441469-05:00,1.001355999999987,True,,,,False,0.011184095999997368
704,705,2025-11-07T21:39:43.441469-05:00,2025-11-07T21:39:44.442898-05:00,1.00142900000003,True,,,,False,0.01118409600000092
705,706,2025-11-07T21:39:44.442898-05:00,2025-11-07T21:39:45.444276-05:00,1.0013780000000452,True,,,,False,0.011184095999999144
706,707,2025-11-07T21:39:45.444276-05:00,2025-11-07T21:39:46.445772-05:00,1.0014959999999746,True,,,,False,0.01118409600000092
707,708,2025-11-07T21:39:46.445772-05:00,2025-11-07T21:39:47.447171-05:00,1.0013989999999922,True,,,,False,0.00894727679999896
708,709,2025-11-07T21:39:47.447171-05:00,2025-11-07T21:39:48.448506-05:00,1.00133500000004,True,,,,False,0.011184095999999144
709,710,2025-11-07T21:39:48.448506-05:00,2025-11-07T21:39:49.449770-05:00,1.001263999999992,True,,,,False,0.011184095999999144
710,711,2025-11-07T21:39:49.449770-05:00,2025-11-07T21:39:50.451149-05:00,1.001378999999929,True,,,,False,0.011184095999999144
711,712,2025-11-07T21:39:50.451149-05:00,2025-11-07T21:39:51.452539-05:00,1.0013900000000149,True,,,,False,0.011184095999999144
712,713,2025-11-07T21:39:51.452539-05:00,2025-11-07T21:39:52.453965-05:00,1.0014260000000377,True,,,,False,0.01118409600000092
713,714,2025-11-07T21:39:52.453965-05:00,2025-11-07T21:39:53.455310-05:00,1.0013450000000148,True,,,,False,0.011184095999997368
714,715,2025-11-07T21:39:53.455310-05:00,2025-11-07T21:39:54.456693-05:00,1.0013829999999189,True,,,,False,0.011184095999997368
715,716,2025-11-07T21:39:54.456693-05:00,2025-11-07T21:39:55.458143-05:00,1.0014500000000908,True,,,,False,0.008947276800002513
716,717,2025-11-07T21:39:55.458143-05:00,2025-11-07T21:39:56.459529-05:00,1.0013859999999113,True,,,,False,0.011184095999997368
717,718,2025-11-07T21:39:56.459529-05:00,2025-11-07T21:39:57.460934-05:00,1.0014050000000907,True,,,,False,0.01118409600000092
718,719,2025-11-07T21:39:57.460934-05:00,2025-11-07T21:39:58.462309-05:00,1.001374999999939,True,,,,False,0.011184095999999144
719,720,2025-11-07T21:39:58.462309-05:00,2025-11-07T21:39:59.463676-05:00,1.0013669999999593,True,,,,False,0.01118409600000092
720,721,2025-11-07T21:39:59.463676-05:00,2025-11-07T21:40:00.465033-05:00,1.0013570000000982,True,,,,False,0.011184095999997368
721,722,2025-11-07T21:40:00.465033-05:00,2025-11-07T21:40:01.466496-05:00,1.0014629999999443,True,,,,False,0.011184095999997368
722,723,2025-11-07T21:40:01.466496-05:00,2025-11-07T21:40:02.467887-05:00,1.0013910000000124,True,,,,False,0.01118409600000092
723,724,2025-11-07T21:40:02.467887-05:00,2025-11-07T21:40:03.469173-05:00,1.00128600000005,True,,,,False,0.011184095999999144
724,725,2025-11-07T21:40:03.469173-05:00,2025-11-07T21:40:04.470613-05:00,1.0014399999998886,True,,,,False,0.011184095999999144
725,726,2025-11-07T21:40:04.470613-05:00,2025-11-07T21:40:05.472066-05:00,1.0014530000000832,True,,,,False,0.011184095999999144
726,727,2025-11-07T21:40:05.472066-05:00,2025-11-07T21:40:06.473448-05:00,1.0013819999999214,True,,,,False,0.008947276800000736
727,728,2025-11-07T21:40:06.473448-05:00,2025-11-07T21:40:07.474834-05:00,1.001386000000025,True,,,,False,0.011184095999999144
728,729,2025-11-07T21:40:07.474834-05:00,2025-11-07T21:40:08.476255-05:00,1.0014210000000503,True,,,,False,0.011184095999999144
729,730,2025-11-07T21:40:08.476255-05:00,2025-11-07T21:40:09.477676-05:00,1.0014209999999366,True,,,,False,0.011184095999999144
730,731,2025-11-07T21:40:09.477676-05:00,2025-11-07T21:40:10.479057-05:00,1.0013810000000376,True,,,,False,0.01118409600000092
731,732,2025-11-07T21:40:10.479057-05:00,2025-11-07T21:40:11.480417-05:00,1.001359999999977,True,,,,False,0.013420915199997552
732,733,2025-11-07T21:40:11.480417-05:00,2025-11-07T21:40:12.481936-05:00,1.0015190000000302,True,,,,False,0.011184095999997368
733,734,2025-11-07T21:40:12.481936-05:00,2025-11-07T21:40:13.483445-05:00,1.0015089999999418,True,,,,False,0.01118409600000092
734,735,2025-11-07T21:40:13.483445-05:00,2025-11-07T21:40:14.484819-05:00,1.0013740000000553,True,,,,False,0.013420915199999328
735,736,2025-11-07T21:40:14.484819-05:00,2025-11-07T21:40:15.486068-05:00,1.0012490000000298,True,,,,False,0.013420915200001104
736,737,2025-11-07T21:40:15.486068-05:00,2025-11-07T21:40:16.487457-05:00,1.0013890000000174,True,,,,False,0.011184095999997368
737,738,2025-11-07T21:40:16.487457-05:00,2025-11-07T21:40:17.488911-05:00,1.001453999999967,True,,,,False,0.013420915199999328
738,739,2025-11-07T21:40:17.488911-05:00,2025-11-07T21:40:18.490260-05:00,1.0013490000000047,True,,,,False,0.013420915199997552
739,740,2025-11-07T21:40:18.490260-05:00,2025-11-07T21:40:19.491739-05:00,1.0014790000000175,True,,,,False,0.01118409600000092
740,741,2025-11-07T21:40:19.491739-05:00,2025-11-07T21:40:20.493166-05:00,1.0014269999999215,True,,,,False,0.013420915199999328
741,742,2025-11-07T21:40:20.493166-05:00,2025-11-07T21:40:21.494546-05:00,1.0013800000000401,True,,,,False,0.013420915200001104
742,743,2025-11-07T21:40:21.494546-05:00,2025-11-07T21:40:22.495979-05:00,1.00143300000002,True,,,,False,0.013420915199997552
743,744,2025-11-07T21:40:22.495979-05:00,2025-11-07T21:40:23.497324-05:00,1.0013450000000148,True,,,,False,0.013420915199997552
744,745,2025-11-07T21:40:23.497324-05:00,2025-11-07T21:40:24.498720-05:00,1.0013959999999997,True,,,,False,0.013420915200001104
745,746,2025-11-07T21:40:24.498720-05:00,2025-11-07T21:40:25.500211-05:00,1.0014909999999873,True,,,,False,0.013420915199999328
746,747,2025-11-07T21:40:25.500211-05:00,2025-11-07T21:40:26.501900-05:00,1.001688999999942,True,,,,False,0.013420915199999328
747,748,2025-11-07T21:40:26.501900-05:00,2025-11-07T21:40:27.503253-05:00,1.0013529999999946,True,,,,False,0.013420915200001104
748,749,2025-11-07T21:40:27.503253-05:00,2025-11-07T21:40:28.504746-05:00,1.001493000000096,True,,,,False,0.013420915199997552
749,750,2025-11-07T21:40:28.504746-05:00,2025-11-07T21:40:29.510500-05:00,1.0057539999999108,True,,,,False,0.011184095999997368
750,751,2025-11-07T21:40:29.510500-05:00,2025-11-07T21:40:30.512122-05:00,1.0016219999999976,True,,,,False,0.013420915200001104
751,752,2025-11-07T21:40:30.512122-05:00,2025-11-07T21:40:31.513989-05:00,1.0018670000000611,True,,,,False,0.011184095999999144
752,753,2025-11-07T21:40:31.513989-05:00,2025-11-07T21:40:32.515138-05:00,1.0011489999999412,True,,,,False,0.011184095999999144
753,754,2025-11-07T21:40:32.515138-05:00,2025-11-07T21:40:33.516292-05:00,1.0011540000000423,True,,,,False,0.008947276800000736
754,755,2025-11-07T21:40:33.516292-05:00,2025-11-07T21:40:34.518335-05:00,1.0020429999999578,True,,,,False,0.006710457600000552
755,756,2025-11-07T21:40:34.518335-05:00,2025-11-07T21:40:35.519519-05:00,1.0011840000000802,True,,,,False,0.006710457600000552
756,757,2025-11-07T21:40:35.519519-05:00,2025-11-07T21:40:36.521289-05:00,1.001769999999965,True,,,,False,0.006710457599998776
757,758,2025-11-07T21:40:36.521289-05:00,2025-11-07T21:40:37.522774-05:00,1.0014850000000024,True,,,,False,0.008947276800002513
758,759,2025-11-07T21:40:37.522774-05:00,2025-11-07T21:40:38.524152-05:00,1.0013779999999315,True,,,,False,0.006710457600000552
759,760,2025-11-07T21:40:38.524152-05:00,2025-11-07T21:40:39.525626-05:00,1.0014740000000302,True,,,,False,0.008947276800000736
760,761,2025-11-07T21:40:39.525626-05:00,2025-11-07T21:40:40.527032-05:00,1.0014059999999745,True,,,,False,0.008947276800000736
761,762,2025-11-07T21:40:40.527032-05:00,2025-11-07T21:40:41.528542-05:00,1.001510000000053,True,,,,False,0.008947276800000736
762,763,2025-11-07T21:40:41.528542-05:00,2025-11-07T21:40:42.529578-05:00,1.0010359999999991,True,,,,False,0.00894727679999896
763,764,2025-11-07T21:40:42.529578-05:00,2025-11-07T21:40:43.530944-05:00,1.0013659999999618,True,,,,False,0.01118409600000092
764,765,2025-11-07T21:40:43.530944-05:00,2025-11-07T21:40:44.532284-05:00,1.0013400000000274,True,,,,False,0.00894727679999896
765,766,2025-11-07T21:40:44.532284-05:00,2025-11-07T21:40:45.533650-05:00,1.0013659999999618,True,,,,False,0.008947276800002513
766,767,2025-11-07T21:40:45.533650-05:00,2025-11-07T21:40:46.534986-05:00,1.0013360000000375,True,,,,False,0.011184095999997368
767,768,2025-11-07T21:40:46.534986-05:00,2025-11-07T21:40:47.536363-05:00,1.0013770000000477,True,,,,False,0.01118409600000092
768,769,2025-11-07T21:40:47.536363-05:00,2025-11-07T21:40:48.537622-05:00,1.0012590000000046,True,,,,False,0.011184095999999144
769,770,2025-11-07T21:40:48.537622-05:00,2025-11-07T21:40:49.538977-05:00,1.0013549999999896,True,,,,False,0.008947276800000736
770,771,2025-11-07T21:40:49.538977-05:00,2025-11-07T21:40:50.540312-05:00,1.0013349999999264,True,,,,False,0.011184095999999144
771,772,2025-11-07T21:40:50.540312-05:00,2025-11-07T21:40:51.541727-05:00,1.0014150000000654,True,,,,False,0.011184095999999144
772,773,2025-11-07T21:40:51.541727-05:00,2025-11-07T21:40:52.543058-05:00,1.0013309999999365,True,,,,False,0.011184095999999144
773,774,2025-11-07T21:40:52.543058-05:00,2025-11-07T21:40:53.544485-05:00,1.0014270000000352,True,,,,False,0.011184095999999144
774,775,2025-11-07T21:40:53.544485-05:00,2025-11-07T21:40:54.545705-05:00,1.0012199999999893,True,,,,False,0.011184095999999144
775,776,2025-11-07T21:40:54.545705-05:00,2025-11-07T21:40:55.547037-05:00,1.0013320000000476,True,,,,False,0.01118409600000092
776,777,2025-11-07T21:40:55.547037-05:00,2025-11-07T21:40:56.548400-05:00,1.0013629999999694,True,,,,False,0.011184095999997368
777,778,2025-11-07T21:40:56.548400-05:00,2025-11-07T21:40:57.549763-05:00,1.0013629999999694,True,,,,False,0.008947276800002513
778,779,2025-11-07T21:40:57.549763-05:00,2025-11-07T21:40:58.551229-05:00,1.0014660000000504,True,,,,False,0.011184095999997368
779,780,2025-11-07T21:40:58.551229-05:00,2025-11-07T21:40:59.552647-05:00,1.0014179999999442,True,,,,False,0.011184095999999144
780,781,2025-11-07T21:40:59.552647-05:00,2025-11-07T21:41:00.553920-05:00,1.001273000000083,True,,,,False,0.011184095999999144
781,782,2025-11-07T21:41:00.553920-05:00,2025-11-07T21:41:01.555246-05:00,1.001325999999949,True,,,,False,0.011184095999999144
782,783,2025-11-07T21:41:01.555246-05:00,2025-11-07T21:41:02.556597-05:00,1.0013509999999997,True,,,,False,0.01118409600000092
783,784,2025-11-07T21:41:02.556597-05:00,2025-11-07T21:41:03.558014-05:00,1.0014169999999467,True,,,,False,0.011184095999997368
784,785,2025-11-07T21:41:03.558014-05:00,2025-11-07T21:41:04.559350-05:00,1.0013360000000375,True,,,,False,0.013420915199997552
785,786,2025-11-07T21:41:04.559350-05:00,2025-11-07T21:41:05.560740-05:00,1.0013900000000149,True,,,,False,0.01118409600000092
786,787,2025-11-07T21:41:05.560740-05:00,2025-11-07T21:41:06.561912-05:00,1.0011719999999968,True,,,,False,0.013420915199999328
787,788,2025-11-07T21:41:06.561912-05:00,2025-11-07T21:41:07.563240-05:00,1.0013280000000577,True,,,,False,0.01118409600000092
788,789,2025-11-07T21:41:07.563240-05:00,2025-11-07T21:41:08.564526-05:00,1.0012859999999364,True,,,,False,0.013420915199997552
789,790,2025-11-07T21:41:08.564526-05:00,2025-11-07T21:41:09.565832-05:00,1.0013059999999996,True,,,,False,0.013420915199997552
790,791,2025-11-07T21:41:09.565832-05:00,2025-11-07T21:41:10.567200-05:00,1.0013679999999567,True,,,,False,0.01118409600000092
791,792,2025-11-07T21:41:10.567200-05:00,2025-11-07T21:41:11.568465-05:00,1.001265000000103,True,,,,False,0.013420915199999328
792,793,2025-11-07T21:41:11.568465-05:00,2025-11-07T21:41:12.569858-05:00,1.0013930000000073,True,,,,False,0.013420915199999328
793,794,2025-11-07T21:41:12.569858-05:00,2025-11-07T21:41:13.571242-05:00,1.0013839999999163,True,,,,False,0.013420915200001104
794,795,2025-11-07T21:41:13.571242-05:00,2025-11-07T21:41:14.572668-05:00,1.0014260000000377,True,,,,False,0.013420915199997552
795,796,2025-11-07T21:41:14.572668-05:00,2025-11-07T21:41:15.574010-05:00,1.0013420000000224,True,,,,False,0.011184095999997368
796,797,2025-11-07T21:41:15.574010-05:00,2025-11-07T21:41:16.575451-05:00,1.0014409999999998,True,,,,False,0.01118409600000092
797,798,2025-11-07T21:41:16.575451-05:00,2025-11-07T21:41:17.576601-05:00,1.0011499999999387,True,,,,False,0.011184095999999144
798,799,2025-11-07T21:41:17.576601-05:00,2025-11-07T21:41:18.577809-05:00,1.0012080000000196,True,,,,False,0.011184095999999144
799,800,2025-11-07T21:41:18.577809-05:00,2025-11-07T21:41:19.579748-05:00,1.001938999999993,True,,,,False,0.011184095999999144
800,801,2025-11-07T21:41:19.579748-05:00,2025-11-07T21:41:20.580802-05:00,1.0010540000000674,True,,,,False,0.011184095999999144
801,802,2025-11-07T21:41:20.580802-05:00,2025-11-07T21:41:21.582099-05:00,1.0012969999999086,True,,,,False,0.011184095999999144
802,803,2025-11-07T21:41:21.582099-05:00,2025-11-07T21:41:22.583491-05:00,1.0013920000000098,True,,,,False,0.006710457600000552
803,804,2025-11-07T21:41:22.583491-05:00,2025-11-07T21:41:23.584898-05:00,1.0014070000000856,True,,,,False,0.00894727679999896
804,805,2025-11-07T21:41:23.584898-05:00,2025-11-07T21:41:24.586201-05:00,1.0013029999998935,True,,,,False,0.008947276800002513
805,806,2025-11-07T21:41:24.586201-05:00,2025-11-07T21:41:25.587605-05:00,1.0014040000000932,True,,,,False,0.008947276800002513
806,807,2025-11-07T21:41:25.587605-05:00,2025-11-07T21:41:26.588985-05:00,1.0013799999999264,True,,,,False,0.011184095999997368
807,808,2025-11-07T21:41:26.588985-05:00,2025-11-07T21:41:27.590369-05:00,1.00138400000003,True,,,,False,0.011184095999997368
808,809,2025-11-07T21:41:27.590369-05:00,2025-11-07T21:41:28.591729-05:00,1.001359999999977,True,,,,False,0.008947276800002513
809,810,2025-11-07T21:41:28.591729-05:00,2025-11-07T21:41:29.593046-05:00,1.0013169999999718,True,,,,False,0.011184095999999144
810,811,2025-11-07T21:41:29.593046-05:00,2025-11-07T21:41:30.594985-05:00,1.0019390000001067,True,,,,False,0.011184095999999144
811,812,2025-11-07T21:41:30.594985-05:00,2025-11-07T21:41:31.596175-05:00,1.0011899999999514,True,,,,False,0.008947276800000736
812,813,2025-11-07T21:41:31.596175-05:00,2025-11-07T21:41:32.597296-05:00,1.001121000000012,True,,,,False,0.011184095999999144
813,814,2025-11-07T21:41:32.597296-05:00,2025-11-07T21:41:33.598342-05:00,1.001045999999974,True,,,,False,0.01118409600000092
814,815,2025-11-07T21:41:33.598342-05:00,2025-11-07T21:41:34.599464-05:00,1.0011220000000094,True,,,,False,0.011184095999997368
815,816,2025-11-07T21:41:34.599464-05:00,2025-11-07T21:41:35.600597-05:00,1.0011329999999816,True,,,,False,0.011184095999999144
816,817,2025-11-07T21:41:35.600597-05:00,2025-11-07T21:41:36.601977-05:00,1.0013800000000401,True,,,,False,0.011184095999999144
817,818,2025-11-07T21:41:36.601977-05:00,2025-11-07T21:41:37.603108-05:00,1.0011309999999867,True,,,,False,0.011184095999999144
818,819,2025-11-07T21:41:37.603108-05:00,2025-11-07T21:41:38.604236-05:00,1.0011279999999942,True,,,,False,0.01118409600000092
819,820,2025-11-07T21:41:38.604236-05:00,2025-11-07T21:41:39.606307-05:00,1.0020710000000008,True,,,,False,0.00894727679999896
820,821,2025-11-07T21:41:39.606307-05:00,2025-11-07T21:41:40.607801-05:00,1.0014939999999797,True,,,,False,0.01118409600000092
821,822,2025-11-07T21:41:40.607801-05:00,2025-11-07T21:41:41.609273-05:00,1.0014720000000352,True,,,,False,0.011184095999997368
822,823,2025-11-07T21:41:41.609273-05:00,2025-11-07T21:41:42.610736-05:00,1.0014629999999443,True,,,,False,0.011184095999999144
823,824,2025-11-07T21:41:42.610736-05:00,2025-11-07T21:41:43.612149-05:00,1.0014130000000705,True,,,,False,0.011184095999999144
824,825,2025-11-07T21:41:43.612149-05:00,2025-11-07T21:41:44.613241-05:00,1.0010919999999714,True,,,,False,0.011184095999999144
825,826,2025-11-07T21:41:44.613241-05:00,2025-11-07T21:41:45.614333-05:00,1.0010919999999714,True,,,,False,0.011184095999999144
826,827,2025-11-07T21:41:45.614333-05:00,2025-11-07T21:41:46.615516-05:00,1.001182999999969,True,,,,False,0.011184095999997368
827,828,2025-11-07T21:41:46.615516-05:00,2025-11-07T21:41:47.617282-05:00,1.0017660000000888,True,,,,False,0.01118409600000092
828,829,2025-11-07T21:41:47.617282-05:00,2025-11-07T21:41:48.618420-05:00,1.001137999999969,True,,,,False,0.00894727679999896
829,830,2025-11-07T21:41:48.618420-05:00,2025-11-07T21:41:49.627893-05:00,1.0094729999999572,True,,,,False,0.01118409600000092
830,831,2025-11-07T21:41:49.627893-05:00,2025-11-07T21:41:50.629900-05:00,1.0020070000000487,True,,,,False,0.011184095999999144
831,832,2025-11-07T21:41:50.629900-05:00,2025-11-07T21:41:51.631073-05:00,1.0011729999999943,True,,,,False,0.01118409600000092
832,833,2025-11-07T21:41:51.631073-05:00,2025-11-07T21:41:52.632815-05:00,1.0017420000000357,True,,,,False,0.011184095999997368
833,834,2025-11-07T21:41:52.632815-05:00,2025-11-07T21:41:53.634264-05:00,1.0014489999999796,True,,,,False,0.011184095999997368
834,835,2025-11-07T21:41:53.634264-05:00,2025-11-07T21:41:54.635403-05:00,1.0011389999999665,True,,,,False,0.01118409600000092
835,836,2025-11-07T21:41:54.635403-05:00,2025-11-07T21:41:55.636556-05:00,1.0011530000000448,True,,,,False,0.011184095999999144
836,837,2025-11-07T21:41:55.636556-05:00,2025-11-07T21:41:56.637701-05:00,1.0011449999999513,True,,,,False,0.011184095999999144
837,838,2025-11-07T21:41:56.637701-05:00,2025-11-07T21:41:57.638813-05:00,1.0011120000000346,True,,,,False,0.008947276800000736
838,839,2025-11-07T21:41:57.638813-05:00,2025-11-07T21:41:58.640444-05:00,1.0016309999999748,True,,,,False,0.011184095999999144
839,840,2025-11-07T21:41:58.640444-05:00,2025-11-07T21:41:59.641833-05:00,1.0013890000000174,True,,,,False,0.011184095999997368
840,841,2025-11-07T21:41:59.641833-05:00,2025-11-07T21:42:00.643275-05:00,1.0014419999999973,True,,,,False,0.01118409600000092
841,842,2025-11-07T21:42:00.643275-05:00,2025-11-07T21:42:01.644709-05:00,1.0014340000000175,True,,,,False,0.013420915199999328
842,843,2025-11-07T21:42:01.644709-05:00,2025-11-07T21:42:02.646136-05:00,1.0014269999999215,True,,,,False,0.01118409600000092
843,844,2025-11-07T21:42:02.646136-05:00,2025-11-07T21:42:03.647557-05:00,1.0014210000000503,True,,,,False,0.013420915199997552
844,845,2025-11-07T21:42:03.647557-05:00,2025-11-07T21:42:04.649006-05:00,1.0014489999999796,True,,,,False,0.008947276800000736
845,846,2025-11-07T21:42:04.649006-05:00,2025-11-07T21:42:05.650471-05:00,1.001465000000053,True,,,,False,0.013420915199999328
846,847,2025-11-07T21:42:05.650471-05:00,2025-11-07T21:42:06.652014-05:00,1.0015429999999697,True,,,,False,0.011184095999999144
847,848,2025-11-07T21:42:06.652014-05:00,2025-11-07T21:42:07.653546-05:00,1.0015319999999974,True,,,,False,0.013420915199997552
848,849,2025-11-07T21:42:07.653546-05:00,2025-11-07T21:42:08.655102-05:00,1.0015560000000505,True,,,,False,0.01118409600000092
849,850,2025-11-07T21:42:08.655102-05:00,2025-11-07T21:42:09.656707-05:00,1.0016049999999268,True,,,,False,0.013420915199999328
850,851,2025-11-07T21:42:09.656707-05:00,2025-11-07T21:42:10.658184-05:00,1.0014770000000226,True,,,,False,0.013420915200001104
851,852,2025-11-07T21:42:10.658184-05:00,2025-11-07T21:42:11.659750-05:00,1.0015660000000253,True,,,,False,0.013420915199997552
852,853,2025-11-07T21:42:11.659750-05:00,2025-11-07T21:42:12.661296-05:00,1.001545999999962,True,,,,False,0.013420915199997552
853,854,2025-11-07T21:42:12.661296-05:00,2025-11-07T21:42:13.662893-05:00,1.0015970000000607,True,,,,False,0.013420915200001104
854,855,2025-11-07T21:42:13.662893-05:00,2025-11-07T21:42:14.664396-05:00,1.001502999999957,True,,,,False,0.011184095999999144
855,856,2025-11-07T21:42:14.664396-05:00,2025-11-07T21:42:15.665894-05:00,1.0014979999999696,True,,,,False,0.013420915199999328
856,857,2025-11-07T21:42:15.665894-05:00,2025-11-07T21:42:16.666819-05:00,1.000925000000052,True,,,,False,0.013420915200001104
857,858,2025-11-07T21:42:16.666819-05:00,2025-11-07T21:42:17.668002-05:00,1.001182999999969,True,,,,False,0.013420915199997552
858,859,2025-11-07T21:42:17.668002-05:00,2025-11-07T21:42:18.669815-05:00,1.00181299999997,True,,,,False,0.013420915199997552
859,860,2025-11-07T21:42:18.669815-05:00,2025-11-07T21:42:19.675830-05:00,1.0060150000000476,True,,,,False,0.01118409600000092
860,861,2025-11-07T21:42:19.675830-05:00,2025-11-07T21:42:20.676956-05:00,1.0011259999999993,True,,,,False,0.013420915199999328
861,862,2025-11-07T21:42:20.676956-05:00,2025-11-07T21:42:21.678098-05:00,1.001141999999959,True,,,,False,0.008947276800000736
862,863,2025-11-07T21:42:21.678098-05:00,2025-11-07T21:42:22.679216-05:00,1.0011180000000195,True,,,,False,0.011184095999999144
863,864,2025-11-07T21:42:22.679216-05:00,2025-11-07T21:42:23.680288-05:00,1.001072000000022,True,,,,False,0.008947276800000736
864,865,2025-11-07T21:42:23.680288-05:00,2025-11-07T21:42:24.681728-05:00,1.0014400000000023,True,,,,False,0.00894727679999896
865,866,2025-11-07T21:42:24.681728-05:00,2025-11-07T21:42:25.682878-05:00,1.0011499999999387,True,,,,False,0.006710457600002329
866,867,2025-11-07T21:42:25.682878-05:00,2025-11-07T21:42:26.684061-05:00,1.0011830000000828,True,,,,False,0.008947276800000736
867,868,2025-11-07T21:42:26.684061-05:00,2025-11-07T21:42:27.688981-05:00,1.00491999999997,True,,,,False,0.0044736384000021445
868,869,2025-11-07T21:42:27.688981-05:00,2025-11-07T21:42:28.690115-05:00,1.001133999999979,True,,,,False,0.00894727679999896
869,870,2025-11-07T21:42:28.690115-05:00,2025-11-07T21:42:29.691328-05:00,1.001213000000007,True,,,,False,0.008947276800000736
870,871,2025-11-07T21:42:29.691328-05:00,2025-11-07T21:42:30.693085-05:00,1.0017569999999978,True,,,,False,0.00894727679999896
871,872,2025-11-07T21:42:30.693085-05:00,2025-11-07T21:42:31.694210-05:00,1.0011250000000018,True,,,,False,0.008947276800002513
872,873,2025-11-07T21:42:31.694210-05:00,2025-11-07T21:42:32.695552-05:00,1.0013420000000224,True,,,,False,0.008947276800000736
873,874,2025-11-07T21:42:32.695552-05:00,2025-11-07T21:42:33.696803-05:00,1.0012510000000248,True,,,,False,0.008947276800002513
874,875,2025-11-07T21:42:33.696803-05:00,2025-11-07T21:42:34.705522-05:00,1.0087189999999282,True,,,,False,0.011184095999997368
875,876,2025-11-07T21:42:34.705522-05:00,2025-11-07T21:42:35.706772-05:00,1.0012500000000273,True,,,,False,0.008947276800002513
876,877,2025-11-07T21:42:35.706772-05:00,2025-11-07T21:42:36.707804-05:00,1.0010320000000092,True,,,,False,0.011184095999997368
877,878,2025-11-07T21:42:36.707804-05:00,2025-11-07T21:42:37.709179-05:00,1.0013750000000528,True,,,,False,0.011184095999997368
878,879,2025-11-07T21:42:37.709179-05:00,2025-11-07T21:42:38.710805-05:00,1.0016259999999875,True,,,,False,0.01118409600000092
879,880,2025-11-07T21:42:38.710805-05:00,2025-11-07T21:42:39.712495-05:00,1.0016899999999396,True,,,,False,0.00894727679999896
880,881,2025-11-07T21:42:39.712495-05:00,2025-11-07T21:42:40.714110-05:00,1.0016150000000152,True,,,,False,0.01118409600000092
881,882,2025-11-07T21:42:40.714110-05:00,2025-11-07T21:42:41.715793-05:00,1.0016829999999572,True,,,,False,0.011184095999999144
882,883,2025-11-07T21:42:41.715793-05:00,2025-11-07T21:42:42.717348-05:00,1.001555000000053,True,,,,False,0.01118409600000092
883,884,2025-11-07T21:42:42.717348-05:00,2025-11-07T21:42:43.719019-05:00,1.0016709999999875,True,,,,False,0.011184095999997368
884,885,2025-11-07T21:42:43.719019-05:00,2025-11-07T21:42:44.720490-05:00,1.0014710000000377,True,,,,False,0.011184095999999144
885,886,2025-11-07T21:42:44.720490-05:00,2025-11-07T21:42:45.722147-05:00,1.001657000000023,True,,,,False,0.011184095999999144
886,887,2025-11-07T21:42:45.722147-05:00,2025-11-07T21:42:46.727640-05:00,1.0054930000000013,True,,,,False,0.011184095999999144
887,888,2025-11-07T21:42:46.727640-05:00,2025-11-07T21:42:47.733870-05:00,1.0062299999999595,True,,,,False,0.008947276800000736
888,889,2025-11-07T21:42:47.733870-05:00,2025-11-07T21:42:48.735462-05:00,1.0015919999999596,True,,,,False,0.01118409600000092
889,890,2025-11-07T21:42:48.735462-05:00,2025-11-07T21:42:49.737024-05:00,1.0015620000000354,True,,,,False,0.011184095999997368
890,891,2025-11-07T21:42:49.737024-05:00,2025-11-07T21:42:50.738411-05:00,1.0013870000000225,True,,,,False,0.011184095999997368
891,892,2025-11-07T21:42:50.738411-05:00,2025-11-07T21:42:51.739903-05:00,1.0014919999999847,True,,,,False,0.01118409600000092
892,893,2025-11-07T21:42:51.739903-05:00,2025-11-07T21:42:52.741450-05:00,1.0015469999999596,True,,,,False,0.011184095999999144
893,894,2025-11-07T21:42:52.741450-05:00,2025-11-07T21:42:53.743230-05:00,1.0017800000000534,True,,,,False,0.01118409600000092
894,895,2025-11-07T21:42:53.743230-05:00,2025-11-07T21:42:54.744729-05:00,1.001498999999967,True,,,,False,0.011184095999997368
895,896,2025-11-07T21:42:54.744729-05:00,2025-11-07T21:42:55.746254-05:00,1.001525000000015,True,,,,False,0.013420915199997552
896,897,2025-11-07T21:42:55.746254-05:00,2025-11-07T21:42:56.747722-05:00,1.0014680000000453,True,,,,False,0.01118409600000092
897,898,2025-11-07T21:42:56.747722-05:00,2025-11-07T21:42:57.749182-05:00,1.0014599999999518,True,,,,False,0.013420915199999328
898,899,2025-11-07T21:42:57.749182-05:00,2025-11-07T21:42:58.750737-05:00,1.0015549999999394,True,,,,False,0.011184095999999144
899,900,2025-11-07T21:42:58.750737-05:00,2025-11-07T21:42:59.751967-05:00,1.0012300000000778,True,,,,False,0.013420915199999328
900,901,2025-11-07T21:42:59.751967-05:00,2025-11-07T21:43:00.753472-05:00,1.001504999999952,True,,,,False,0.013420915199999328
901,902,2025-11-07T21:43:00.753472-05:00,2025-11-07T21:43:01.754917-05:00,1.0014449999999897,True,,,,False,0.011184095999999144
902,903,2025-11-07T21:43:01.754917-05:00,2025-11-07T21:43:02.756327-05:00,1.001410000000078,True,,,,False,0.013420915199999328
903,904,2025-11-07T21:43:02.756327-05:00,2025-11-07T21:43:03.757782-05:00,1.0014549999999645,True,,,,False,0.013420915199999328
904,905,2025-11-07T21:43:03.757782-05:00,2025-11-07T21:43:04.759278-05:00,1.0014959999999746,True,,,,False,0.013420915200001104
905,906,2025-11-07T21:43:04.759278-05:00,2025-11-07T21:43:05.760717-05:00,1.0014390000000049,True,,,,False,0.011184095999997368
906,907,2025-11-07T21:43:05.760717-05:00,2025-11-07T21:43:06.762141-05:00,1.0014240000000427,True,,,,False,0.011184095999997368
907,908,2025-11-07T21:43:06.762141-05:00,2025-11-07T21:43:07.763541-05:00,1.0013999999999896,True,,,,False,0.01118409600000092
908,909,2025-11-07T21:43:07.763541-05:00,2025-11-07T21:43:08.764945-05:00,1.0014039999999795,True,,,,False,0.008947276800000736
909,910,2025-11-07T21:43:08.764945-05:00,2025-11-07T21:43:09.766354-05:00,1.001408999999967,True,,,,False,0.011184095999999144
910,911,2025-11-07T21:43:09.766354-05:00,2025-11-07T21:43:10.767933-05:00,1.0015789999999924,True,,,,False,0.01118409600000092
911,912,2025-11-07T21:43:10.767933-05:00,2025-11-07T21:43:11.769467-05:00,1.0015339999999924,True,,,,False,0.011184095999997368
912,913,2025-11-07T21:43:11.769467-05:00,2025-11-07T21:43:12.997432-05:00,1.2279650000000402,True,,,,False,0.008947276800002513
913,914,2025-11-07T21:43:12.997432-05:00,2025-11-07T21:43:13.998785-05:00,1.0013529999999946,True,,,,False,0.00894727679999896
914,915,2025-11-07T21:43:13.998785-05:00,2025-11-07T21:43:15.000073-05:00,1.001288000000045,True,,,,False,0.008947276800000736
915,916,2025-11-07T21:43:15.000073-05:00,2025-11-07T21:43:16.001104-05:00,1.0010310000000118,True,,,,False,0.00894727679999896
916,917,2025-11-07T21:43:16.001104-05:00,2025-11-07T21:43:17.003067-05:00,1.0019629999999324,True,,,,False,0.01118409600000092
917,918,2025-11-07T21:43:17.003067-05:00,2025-11-07T21:43:18.004829-05:00,1.0017619999999852,True,,,,False,0.00894727679999896
918,919,2025-11-07T21:43:18.004829-05:00,2025-11-07T21:43:19.006256-05:00,1.0014270000000352,True,,,,False,0.01118409600000092
919,920,2025-11-07T21:43:19.006256-05:00,2025-11-07T21:43:20.007810-05:00,1.0015540000000556,True,,,,False,0.011184095999999144
920,921,2025-11-07T21:43:20.007810-05:00,2025-11-07T21:43:21.009458-05:00,1.001647999999932,True,,,,False,0.011184095999999144
921,922,2025-11-07T21:43:21.009458-05:00,2025-11-07T21:43:22.010951-05:00,1.0014929999999822,True,,,,False,0.011184095999999144
922,923,2025-11-07T21:43:22.010951-05:00,2025-11-07T21:43:23.012452-05:00,1.0015010000000757,True,,,,False,0.011184095999999144
923,924,2025-11-07T21:43:23.012452-05:00,2025-11-07T21:43:24.013905-05:00,1.0014529999999695,True,,,,False,0.011184095999999144
924,925,2025-11-07T21:43:24.013905-05:00,2025-11-07T21:43:25.015514-05:00,1.0016090000000304,True,,,,False,0.01118409600000092
925,926,2025-11-07T21:43:25.015514-05:00,2025-11-07T21:43:26.017129-05:00,1.0016150000000152,True,,,,False,0.011184095999997368
926,927,2025-11-07T21:43:26.017129-05:00,2025-11-07T21:43:27.018509-05:00,1.0013799999999264,True,,,negative_current|negative_power,True,0.011184095999997368
927,928,2025-11-07T21:43:27.018509-05:00,2025-11-07T21:43:28.019914-05:00,1.001404999999977,True,,negative_current|negative_power,,True,0.008947276800002513
928,929,2025-11-07T21:43:28.019914-05:00,2025-11-07T21:43:29.021082-05:00,1.001168000000007,True,,,,False,0.008947276800002513
929,930,2025-11-07T21:43:29.021082-05:00,2025-11-07T21:43:30.022653-05:00,1.0015710000000126,True,,,,False,0.00894727679999896
930,931,2025-11-07T21:43:30.022653-05:00,2025-11-07T21:43:31.024366-05:00,1.0017129999999952,True,,,,False,0.006710457600000552
931,932,2025-11-07T21:43:31.024366-05:00,2025-11-07T21:43:32.025865-05:00,1.0014990000000807,True,,,,False,0.008947276800000736
932,933,2025-11-07T21:43:32.025865-05:00,2025-11-07T21:43:33.027350-05:00,1.0014849999998887,True,,,,False,0.006710457599998776
933,934,2025-11-07T21:43:33.027350-05:00,2025-11-07T21:43:34.028872-05:00,1.0015220000000227,True,,,,False,0.006710457600002329
934,935,2025-11-07T21:43:34.028872-05:00,2025-11-07T21:43:35.030349-05:00,1.0014770000000226,True,,,,False,0.006710457600002329
935,936,2025-11-07T21:43:35.030349-05:00,2025-11-07T21:43:36.031997-05:00,1.0016480000000456,True,,,,False,0.006710457600000552
936,937,2025-11-07T21:43:36.031997-05:00,2025-11-07T21:43:37.033543-05:00,1.001545999999962,True,,,,False,0.00894727679999896
937,938,2025-11-07T21:43:37.033543-05:00,2025-11-07T21:43:38.035042-05:00,1.001498999999967,True,,,,False,0.006710457600000552
938,939,2025-11-07T21:43:38.035042-05:00,2025-11-07T21:43:39.036583-05:00,1.0015410000000884,True,,,,False,0.00894727679999896
939,940,2025-11-07T21:43:39.036583-05:00,2025-11-07T21:43:40.038135-05:00,1.001551999999947,True,,,,False,0.006710457600002329
940,941,2025-11-07T21:43:40.038135-05:00,2025-11-07T21:43:41.039741-05:00,1.001606000000038,True,,,,False,0.008947276800000736
941,942,2025-11-07T21:43:41.039741-05:00,2025-11-07T21:43:42.041228-05:00,1.0014869999999974,True,,,,False,0.008947276800002513
942,943,2025-11-07T21:43:42.041228-05:00,2025-11-07T21:43:43.042775-05:00,1.0015469999999596,True,,,,False,0.00894727679999896
943,944,2025-11-07T21:43:43.042775-05:00,2025-11-07T21:43:44.044269-05:00,1.0014939999999797,True,,,,False,0.008947276800000736
944,945,2025-11-07T21:43:44.044269-05:00,2025-11-07T21:43:45.045717-05:00,1.0014479999999821,True,,,,False,0.008947276800000736
945,946,2025-11-07T21:43:45.045717-05:00,2025-11-07T21:43:46.047282-05:00,1.0015650000000278,True,,,,False,0.011184095999999144
946,947,2025-11-07T21:43:46.047282-05:00,2025-11-07T21:43:47.048773-05:00,1.0014909999999873,True,,,,False,0.008947276800000736
947,948,2025-11-07T21:43:47.048773-05:00,2025-11-07T21:43:48.050312-05:00,1.0015389999999798,True,,,,False,0.008947276800000736
948,949,2025-11-07T21:43:48.050312-05:00,2025-11-07T21:43:49.051793-05:00,1.0014810000000125,True,,,,False,0.011184095999997368
949,950,2025-11-07T21:43:49.051793-05:00,2025-11-07T21:43:50.053308-05:00,1.0015150000000403,True,,,,False,0.008947276800002513
950,951,2025-11-07T21:43:50.053308-05:00,2025-11-07T21:43:51.054840-05:00,1.0015319999999974,True,,,,False,0.011184095999997368
951,952,2025-11-07T21:43:51.054840-05:00,2025-11-07T21:43:52.056298-05:00,1.0014579999999569,True,,,,False,0.008947276800002513
952,953,2025-11-07T21:43:52.056298-05:00,2025-11-07T21:43:53.057606-05:00,1.0013079999999945,True,,,,False,0.011184095999999144
953,954,2025-11-07T21:43:53.057606-05:00,2025-11-07T21:43:54.060635-05:00,1.0030290000000832,True,,,,False,0.008947276800000736
954,955,2025-11-07T21:43:54.060635-05:00,2025-11-07T21:43:55.062291-05:00,1.0016559999999117,True,,,,False,0.011184095999999144
955,956,2025-11-07T21:43:55.062291-05:00,2025-11-07T21:43:56.063985-05:00,1.0016940000000432,True,,,,False,0.011184095999999144
956,957,2025-11-07T21:43:56.063985-05:00,2025-11-07T21:43:57.065349-05:00,1.0013639999999668,True,,,,False,0.01118409600000092
957,958,2025-11-07T21:43:57.065349-05:00,2025-11-07T21:43:58.066972-05:00,1.001622999999995,True,,,,False,0.011184095999997368
958,959,2025-11-07T21:43:58.066972-05:00,2025-11-07T21:43:59.068654-05:00,1.0016820000000735,True,,,,False,0.013420915199997552
959,960,2025-11-07T21:43:59.068654-05:00,2025-11-07T21:44:00.070262-05:00,1.0016079999999192,True,,,,False,0.01118409600000092
960,961,2025-11-07T21:44:00.070262-05:00,2025-11-07T21:44:01.071867-05:00,1.0016050000000405,True,,,,False,0.011184095999999144
961,962,2025-11-07T21:44:01.071867-05:00,2025-11-07T21:44:02.073475-05:00,1.001608000000033,True,,,,False,0.013420915200001104
962,963,2025-11-07T21:44:02.073475-05:00,2025-11-07T21:44:03.074989-05:00,1.0015139999999292,True,,,,False,0.011184095999997368
963,964,2025-11-07T21:44:03.074989-05:00,2025-11-07T21:44:04.076524-05:00,1.0015350000001035,True,,,,False,0.013420915199999328
964,965,2025-11-07T21:44:04.076524-05:00,2025-11-07T21:44:05.077967-05:00,1.0014429999999948,True,,,,False,0.013420915199997552
965,966,2025-11-07T21:44:05.077967-05:00,2025-11-07T21:44:06.079539-05:00,1.0015720000000101,True,,,,False,0.01118409600000092
966,967,2025-11-07T21:44:06.079539-05:00,2025-11-07T21:44:07.080874-05:00,1.0013349999999264,True,,,,False,0.013420915199999328
967,968,2025-11-07T21:44:07.080874-05:00,2025-11-07T21:44:08.082433-05:00,1.001559000000043,True,,,,False,0.013420915200001104
968,969,2025-11-07T21:44:08.082433-05:00,2025-11-07T21:44:09.083895-05:00,1.0014619999999468,True,,,,False,0.013420915199997552
969,970,2025-11-07T21:44:09.083895-05:00,2025-11-07T21:44:10.085438-05:00,1.0015430000000833,True,,,,False,0.013420915199997552
970,971,2025-11-07T21:44:10.085438-05:00,2025-11-07T21:44:11.086991-05:00,1.0015529999999444,True,,,,False,0.013420915200001104
971,972,2025-11-07T21:44:11.086991-05:00,2025-11-07T21:44:12.088488-05:00,1.001496999999972,True,,,negative_current|negative_power,True,0.011184095999999144
972,973,2025-11-07T21:44:12.088488-05:00,2025-11-07T21:44:13.089955-05:00,1.0014670000000478,True,,negative_current|negative_power,,True,0.013420915199999328
973,974,2025-11-07T21:44:13.089955-05:00,2025-11-07T21:44:14.091619-05:00,1.0016640000000052,True,,,,False,0.013420915199999328
974,975,2025-11-07T21:44:14.091619-05:00,2025-11-07T21:44:15.093750-05:00,1.002130999999963,True,,,,False,0.013420915199999328
975,976,2025-11-07T21:44:15.093750-05:00,2025-11-07T21:44:16.096711-05:00,1.0029610000000275,True,,,,False,0.013420915199997552
976,977,2025-11-07T21:44:16.096711-05:00,2025-11-07T21:44:17.098385-05:00,1.00167399999998,True,,,,False,0.01118409600000092
977,978,2025-11-07T21:44:17.098385-05:00,2025-11-07T21:44:18.103093-05:00,1.0047080000000506,True,,,,False,0.00894727679999896
978,979,2025-11-07T21:44:18.103093-05:00,2025-11-07T21:44:19.104534-05:00,1.0014409999999998,True,,,,False,0.01118409600000092
979,980,2025-11-07T21:44:19.104534-05:00,2025-11-07T21:44:20.105946-05:00,1.0014119999999593,True,,,,False,0.00894727679999896
980,981,2025-11-07T21:44:20.105946-05:00,2025-11-07T21:44:21.107590-05:00,1.001643999999942,True,,,,False,0.006710457600000552
981,982,2025-11-07T21:44:21.107590-05:00,2025-11-07T21:44:22.109157-05:00,1.0015670000000227,True,,,,False,0.008947276800002513
982,983,2025-11-07T21:44:22.109157-05:00,2025-11-07T21:44:23.110697-05:00,1.0015399999999772,True,,,,False,0.008947276800002513
983,984,2025-11-07T21:44:23.110697-05:00,2025-11-07T21:44:24.112298-05:00,1.0016010000000506,True,,,,False,0.00894727679999896
984,985,2025-11-07T21:44:24.112298-05:00,2025-11-07T21:44:25.113785-05:00,1.0014869999999974,True,,,,False,0.008947276800000736
985,986,2025-11-07T21:44:25.113785-05:00,2025-11-07T21:44:26.115382-05:00,1.0015970000000607,True,,,negative_current|negative_power,True,0.00894727679999896
986,987,2025-11-07T21:44:26.115382-05:00,2025-11-07T21:44:27.116957-05:00,1.0015749999998889,True,,negative_current|negative_power,,True,0.008947276800002513
987,988,2025-11-07T21:44:27.116957-05:00,2025-11-07T21:44:28.118515-05:00,1.0015580000000455,True,,,,False,0.008947276800002513
988,989,2025-11-07T21:44:28.118515-05:00,2025-11-07T21:44:29.119993-05:00,1.00147800000002,True,,,,False,0.006710457599998776
989,990,2025-11-07T21:44:29.119993-05:00,2025-11-07T21:44:30.121562-05:00,1.0015690000000177,True,,,,False,0.011184095999999144
990,991,2025-11-07T21:44:30.121562-05:00,2025-11-07T21:44:31.122957-05:00,1.0013950000000023,True,,,,False,0.008947276800002513
991,992,2025-11-07T21:44:31.122957-05:00,2025-11-07T21:44:32.123897-05:00,1.0009400000000142,True,,,,False,0.00894727679999896
992,993,2025-11-07T21:44:32.123897-05:00,2025-11-07T21:44:33.125155-05:00,1.001258000000007,True,,,,False,0.008947276800000736
993,994,2025-11-07T21:44:33.125155-05:00,2025-11-07T21:44:34.126690-05:00,1.0015349999999899,True,,,,False,0.00894727679999896
994,995,2025-11-07T21:44:34.126690-05:00,2025-11-07T21:44:35.128913-05:00,1.0022229999999581,True,,,,False,0.01118409600000092
995,996,2025-11-07T21:44:35.128913-05:00,2025-11-07T21:44:36.130363-05:00,1.001449999999977,True,,,,False,0.00894727679999896
996,997,2025-11-07T21:44:36.130363-05:00,2025-11-07T21:44:37.132006-05:00,1.0016430000000582,True,,,,False,0.01118409600000092
997,998,2025-11-07T21:44:37.132006-05:00,2025-11-07T21:44:38.133509-05:00,1.001502999999957,True,,,,False,0.011184095999999144
998,999,2025-11-07T21:44:38.133509-05:00,2025-11-07T21:44:39.134961-05:00,1.001451999999972,True,,,,False,0.008947276800000736
999,1000,2025-11-07T21:44:39.134961-05:00,2025-11-07T21:44:40.136408-05:00,1.0014469999999847,True,,,,False,0.011184095999999144
1000,1001,2025-11-07T21:44:40.136408-05:00,2025-11-07T21:44:41.137888-05:00,1.001480000000015,True,,,,False,0.011184095999999144
1001,1002,2025-11-07T21:44:41.137888-05:00,2025-11-07T21:44:42.139439-05:00,1.0015510000000631,True,,,,False,0.008947276800000736
1002,1003,2025-11-07T21:44:42.139439-05:00,2025-11-07T21:44:43.140953-05:00,1.0015139999999292,True,,,,False,0.011184095999999144
1003,1004,2025-11-07T21:44:43.140953-05:00,2025-11-07T21:44:44.142000-05:00,1.001047000000085,True,,,,False,0.006710457600002329
1004,1005,2025-11-07T21:44:44.142000-05:00,2025-11-07T21:44:45.143404-05:00,1.0014039999999795,True,,,,False,0.011184095999997368
1005,1006,2025-11-07T21:44:45.143404-05:00,2025-11-07T21:44:46.144710-05:00,1.0013059999999996,True,,,,False,0.008947276800002513
1006,1007,2025-11-07T21:44:46.144710-05:00,2025-11-07T21:44:47.145865-05:00,1.001154999999926,True,,,,False,0.011184095999997368
1007,1008,2025-11-07T21:44:47.145865-05:00,2025-11-07T21:44:48.147009-05:00,1.0011440000000675,True,,,,False,0.011184095999997368
1008,1009,2025-11-07T21:44:48.147009-05:00,2025-11-07T21:44:49.148158-05:00,1.0011489999999412,True,,,,False,0.008947276800002513
1009,1010,2025-11-07T21:44:49.148158-05:00,2025-11-07T21:44:50.149306-05:00,1.0011480000000574,True,,,,False,0.008947276800002513
1010,1011,2025-11-07T21:44:50.149306-05:00,2025-11-07T21:44:51.150521-05:00,1.001215000000002,True,,,,False,0.00894727679999896
1011,1012,2025-11-07T21:44:51.150521-05:00,2025-11-07T21:44:52.152283-05:00,1.0017619999999852,True,,,,False,0.006710457600000552
1012,1013,2025-11-07T21:44:52.152283-05:00,2025-11-07T21:44:53.153452-05:00,1.0011690000000044,True,,,,False,0.006710457600000552
1013,1014,2025-11-07T21:44:53.153452-05:00,2025-11-07T21:44:54.154623-05:00,1.0011709999999994,True,,,,False,0.006710457599998776
1014,1015,2025-11-07T21:44:54.154623-05:00,2025-11-07T21:44:55.155734-05:00,1.0011110000000372,True,,,,False,0.006710457600000552
1015,1016,2025-11-07T21:44:55.155734-05:00,2025-11-07T21:44:56.156725-05:00,1.000990999999999,True,,,,False,0.006710457600002329
1016,1017,2025-11-07T21:44:56.156725-05:00,2025-11-07T21:44:57.158199-05:00,1.0014739999999165,True,,,,False,0.004473638400000368
1017,1018,2025-11-07T21:44:57.158199-05:00,2025-11-07T21:44:58.159597-05:00,1.0013979999999947,True,,,,False,0.0044736384000021445
1018,1019,2025-11-07T21:44:58.159597-05:00,2025-11-07T21:44:59.161076-05:00,1.0014790000000175,True,,,,False,0.004473638399998592
1019,1020,2025-11-07T21:44:59.161076-05:00,2025-11-07T21:45:00.162749-05:00,1.0016729999999825,True,,,,False,0.006710457600000552
1020,1021,2025-11-07T21:45:00.162749-05:00,2025-11-07T21:45:01.164449-05:00,1.001700000000028,True,,,,False,0.004473638400000368
1021,1022,2025-11-07T21:45:01.164449-05:00,2025-11-07T21:45:02.166024-05:00,1.0015750000000025,True,,,,False,0.006710457600000552
1022,1023,2025-11-07T21:45:02.166024-05:00,2025-11-07T21:45:03.167646-05:00,1.0016219999999976,True,,,,False,0.004473638399998592
1023,1024,2025-11-07T21:45:03.167646-05:00,2025-11-07T21:45:04.169195-05:00,1.0015490000000682,True,,,,False,0.006710457600002329
1024,1025,2025-11-07T21:45:04.169195-05:00,2025-11-07T21:45:05.170832-05:00,1.001636999999846,True,,,,False,0.006710457600000552
1025,1026,2025-11-07T21:45:05.170832-05:00,2025-11-07T21:45:06.172424-05:00,1.0015920000000733,True,,,,False,0.006710457600002329
1026,1027,2025-11-07T21:45:06.172424-05:00,2025-11-07T21:45:07.173906-05:00,1.0014820000001237,True,,,,False,0.006710457599998776
1027,1028,2025-11-07T21:45:07.173906-05:00,2025-11-07T21:45:08.175139-05:00,1.0012329999999565,True,,,,False,0.006710457600000552
1028,1029,2025-11-07T21:45:08.175139-05:00,2025-11-07T21:45:09.176592-05:00,1.0014529999998558,True,,,,False,0.008947276800000736
1029,1030,2025-11-07T21:45:09.176592-05:00,2025-11-07T21:45:10.177808-05:00,1.0012160000001131,True,,,,False,0.008947276800000736
1030,1031,2025-11-07T21:45:10.177808-05:00,2025-11-07T21:45:11.179041-05:00,1.0012329999999565,True,,,,False,0.008947276800000736
1031,1032,2025-11-07T21:45:11.179041-05:00,2025-11-07T21:45:12.180200-05:00,1.001158999999916,True,,,,False,0.011184095999997368
1032,1033,2025-11-07T21:45:12.180200-05:00,2025-11-07T21:45:13.181386-05:00,1.0011860000001889,True,,,,False,0.008947276800002513
1033,1034,2025-11-07T21:45:13.181386-05:00,2025-11-07T21:45:14.193002-05:00,1.0116160000000036,True,,,,False,0.011184095999997368
1034,1035,2025-11-07T21:45:14.193002-05:00,2025-11-07T21:45:15.195979-05:00,1.0029769999998734,True,,,,False,0.008947276800002513
1035,1036,2025-11-07T21:45:15.195979-05:00,2025-11-07T21:45:16.197142-05:00,1.0011630000001333,True,,,,False,0.011184095999999144
1036,1037,2025-11-07T21:45:16.197142-05:00,2025-11-07T21:45:17.198374-05:00,1.0012319999998454,True,,,,False,0.011184095999999144
1037,1038,2025-11-07T21:45:17.198374-05:00,2025-11-07T21:45:18.199821-05:00,1.0014470000000983,True,,,,False,0.011184095999999144
1038,1039,2025-11-07T21:45:18.199821-05:00,2025-11-07T21:45:19.201375-05:00,1.0015539999999419,True,,,,False,0.008947276800000736
1039,1040,2025-11-07T21:45:19.201375-05:00,2025-11-07T21:45:20.202694-05:00,1.0013189999999668,True,,,,False,0.008947276800000736
1040,1041,2025-11-07T21:45:20.202694-05:00,2025-11-07T21:45:21.204411-05:00,1.0017170000000988,True,,,,False,0.008947276800000736
1041,1042,2025-11-07T21:45:21.204411-05:00,2025-11-07T21:45:22.205474-05:00,1.001062999999931,True,,,,False,0.008947276800000736
1042,1043,2025-11-07T21:45:22.205474-05:00,2025-11-07T21:45:23.206854-05:00,1.0013799999999264,True,,,,False,0.008947276800000736
1043,1044,2025-11-07T21:45:23.206854-05:00,2025-11-07T21:45:24.212598-05:00,1.0057440000000497,True,,,,False,0.011184095999999144
1044,1045,2025-11-07T21:45:24.212598-05:00,2025-11-07T21:45:25.213794-05:00,1.0011960000001636,True,,,,False,0.011184095999997368
1045,1046,2025-11-07T21:45:25.213794-05:00,2025-11-07T21:45:26.215574-05:00,1.001779999999826,True,,,,False,0.01118409600000092
1046,1047,2025-11-07T21:45:26.215574-05:00,2025-11-07T21:45:27.216798-05:00,1.001224000000093,True,,,,False,0.011184095999999144
1047,1048,2025-11-07T21:45:27.216798-05:00,2025-11-07T21:45:28.218569-05:00,1.0017709999999624,True,,,,False,0.01118409600000092
1048,1049,2025-11-07T21:45:28.218569-05:00,2025-11-07T21:45:29.219726-05:00,1.001156999999921,True,,,,False,0.011184095999997368
1049,1050,2025-11-07T21:45:29.219726-05:00,2025-11-07T21:45:30.220929-05:00,1.0012030000000323,True,,,,False,0.011184095999999144
1050,1051,2025-11-07T21:45:30.220929-05:00,2025-11-07T21:45:31.222750-05:00,1.0018210000000636,True,,,,False,0.011184095999999144
1051,1052,2025-11-07T21:45:31.222750-05:00,2025-11-07T21:45:32.223924-05:00,1.0011739999999918,True,,,,False,0.008947276800000736
1052,1053,2025-11-07T21:45:32.223924-05:00,2025-11-07T21:45:33.225321-05:00,1.0013969999999972,True,,,,False,0.011184095999999144
1053,1054,2025-11-07T21:45:33.225321-05:00,2025-11-07T21:45:34.226844-05:00,1.0015229999999065,True,,,,False,0.01118409600000092
1054,1055,2025-11-07T21:45:34.226844-05:00,2025-11-07T21:45:35.228198-05:00,1.001353999999992,True,,,,False,0.011184095999997368
1055,1056,2025-11-07T21:45:35.228198-05:00,2025-11-07T21:45:36.229727-05:00,1.0015290000001187,True,,,,False,0.011184095999997368
1056,1057,2025-11-07T21:45:36.229727-05:00,2025-11-07T21:45:37.230901-05:00,1.0011739999999918,True,,,,False,0.008947276800002513
1057,1058,2025-11-07T21:45:37.230901-05:00,2025-11-07T21:45:38.232413-05:00,1.001512000000048,True,,,,False,0.011184095999997368
1058,1059,2025-11-07T21:45:38.232413-05:00,2025-11-07T21:45:39.233965-05:00,1.001551999999947,True,,,,False,0.01118409600000092
1059,1060,2025-11-07T21:45:39.233965-05:00,2025-11-07T21:45:40.235417-05:00,1.001451999999972,True,,,,False,0.011184095999999144
1060,1061,2025-11-07T21:45:40.235417-05:00,2025-11-07T21:45:41.237040-05:00,1.0016230000001087,True,,,,False,0.01118409600000092
1061,1062,2025-11-07T21:45:41.237040-05:00,2025-11-07T21:45:42.238544-05:00,1.0015039999998407,True,,,,False,0.011184095999997368
1062,1063,2025-11-07T21:45:42.238544-05:00,2025-11-07T21:45:43.240177-05:00,1.0016330000000835,True,,,,False,0.008947276800000736
1063,1064,2025-11-07T21:45:43.240177-05:00,2025-11-07T21:45:44.241851-05:00,1.0016740000000937,True,,,,False,0.011184095999999144
1064,1065,2025-11-07T21:45:44.241851-05:00,2025-11-07T21:45:45.243516-05:00,1.0016650000000027,True,,,,False,0.011184095999999144
1065,1066,2025-11-07T21:45:45.243516-05:00,2025-11-07T21:45:46.245213-05:00,1.001696999999922,True,,,,False,0.011184095999999144
1066,1067,2025-11-07T21:45:46.245213-05:00,2025-11-07T21:45:47.246893-05:00,1.0016800000000785,True,,,,False,0.01118409600000092
1067,1068,2025-11-07T21:45:47.246893-05:00,2025-11-07T21:45:48.248595-05:00,1.0017019999997956,True,,,,False,0.011184095999997368
1068,1069,2025-11-07T21:45:48.248595-05:00,2025-11-07T21:45:49.250217-05:00,1.0016219999999976,True,,,,False,0.008947276800002513
1069,1070,2025-11-07T21:45:49.250217-05:00,2025-11-07T21:45:50.251946-05:00,1.0017290000000685,True,,,,False,0.011184095999997368
1070,1071,2025-11-07T21:45:50.251946-05:00,2025-11-07T21:45:51.253428-05:00,1.0014820000001237,True,,,,False,0.011184095999997368
1071,1072,2025-11-07T21:45:51.253428-05:00,2025-11-07T21:45:52.255138-05:00,1.0017100000000028,True,,,,False,0.01118409600000092
1072,1073,2025-11-07T21:45:52.255138-05:00,2025-11-07T21:45:53.256615-05:00,1.0014770000000226,True,,,,False,0.011184095999999144
1073,1074,2025-11-07T21:45:53.256615-05:00,2025-11-07T21:45:54.258156-05:00,1.001540999999861,True,,,,False,0.011184095999999144
1074,1075,2025-11-07T21:45:54.258156-05:00,2025-11-07T21:45:55.259575-05:00,1.0014189999999417,True,,,,False,0.011184095999999144
1075,1076,2025-11-07T21:45:55.259575-05:00,2025-11-07T21:45:56.261118-05:00,1.0015430000000833,True,,,,False,0.011184095999997368
1076,1077,2025-11-07T21:45:56.261118-05:00,2025-11-07T21:45:57.262624-05:00,1.001506000000063,True,,,,False,0.008947276800002513
1077,1078,2025-11-07T21:45:57.262624-05:00,2025-11-07T21:45:58.264072-05:00,1.0014479999999821,True,,,,False,0.013420915199997552
1078,1079,2025-11-07T21:45:58.264072-05:00,2025-11-07T21:45:59.265581-05:00,1.0015089999999418,True,,,,False,0.01118409600000092
1079,1080,2025-11-07T21:45:59.265581-05:00,2025-11-07T21:46:00.266943-05:00,1.0013619999999719,True,,,,False,0.011184095999999144
1080,1081,2025-11-07T21:46:00.266943-05:00,2025-11-07T21:46:01.268345-05:00,1.0014020000000983,True,,,,False,0.011184095999999144
1081,1082,2025-11-07T21:46:01.268345-05:00,2025-11-07T21:46:02.269734-05:00,1.0013890000000174,True,,,,False,0.011184095999999144
1082,1083,2025-11-07T21:46:02.269734-05:00,2025-11-07T21:46:03.271349-05:00,1.0016149999999016,True,,,,False,0.013420915199997552
1083,1084,2025-11-07T21:46:03.271349-05:00,2025-11-07T21:46:04.272899-05:00,1.001549999999952,True,,,,False,0.01118409600000092
1084,1085,2025-11-07T21:46:04.272899-05:00,2025-11-07T21:46:05.274506-05:00,1.0016070000001491,True,,,,False,0.011184095999999144
1085,1086,2025-11-07T21:46:05.274506-05:00,2025-11-07T21:46:06.275955-05:00,1.001448999999866,True,,,,False,0.013420915200001104
1086,1087,2025-11-07T21:46:06.275955-05:00,2025-11-07T21:46:07.277495-05:00,1.0015399999999772,True,,,,False,0.011184095999997368
1087,1088,2025-11-07T21:46:07.277495-05:00,2025-11-07T21:46:08.278960-05:00,1.001465000000053,True,,,,False,0.011184095999999144
1088,1089,2025-11-07T21:46:08.278960-05:00,2025-11-07T21:46:09.280420-05:00,1.0014599999999518,True,,,,False,0.013420915199999328
1089,1090,2025-11-07T21:46:09.280420-05:00,2025-11-07T21:46:10.284260-05:00,1.003840000000082,True,,,,False,0.011184095999999144
1090,1091,2025-11-07T21:46:10.284260-05:00,2025-11-07T21:46:11.285960-05:00,1.001700000000028,True,,,,False,0.011184095999999144
1091,1092,2025-11-07T21:46:11.285960-05:00,2025-11-07T21:46:12.287658-05:00,1.001698000000033,True,,,,False,0.013420915199999328
1092,1093,2025-11-07T21:46:12.287658-05:00,2025-11-07T21:46:13.288880-05:00,1.0012219999998706,True,,,,False,0.011184095999999144
1093,1094,2025-11-07T21:46:13.288880-05:00,2025-11-07T21:46:14.290666-05:00,1.0017860000000383,True,,,,False,0.011184095999999144
1094,1095,2025-11-07T21:46:14.290666-05:00,2025-11-07T21:46:15.291980-05:00,1.001314000000093,True,,,,False,0.011184095999999144
1095,1096,2025-11-07T21:46:15.291980-05:00,2025-11-07T21:46:16.293552-05:00,1.0015719999998964,True,,,,False,0.011184095999999144
1096,1097,2025-11-07T21:46:16.293552-05:00,2025-11-07T21:46:17.294885-05:00,1.0013329999999314,True,,,,False,0.008947276800002513
1097,1098,2025-11-07T21:46:17.294885-05:00,2025-11-07T21:46:18.296362-05:00,1.0014770000000226,True,,,,False,0.011184095999997368
1098,1099,2025-11-07T21:46:18.296362-05:00,2025-11-07T21:46:19.297885-05:00,1.0015230000001338,True,,,,False,0.011184095999997368
1099,1100,2025-11-07T21:46:19.297885-05:00,2025-11-07T21:46:20.299461-05:00,1.0015759999998863,True,,,,False,0.02013137279999988
1100,1101,2025-11-07T21:46:20.299461-05:00,2025-11-07T21:46:21.301077-05:00,1.0016160000000127,True,,,,False,0.01118409600000092
1101,1102,2025-11-07T21:46:21.301077-05:00,2025-11-07T21:46:22.302583-05:00,1.001506000000063,True,,,,False,0.00894727679999896
1102,1103,2025-11-07T21:46:22.302583-05:00,2025-11-07T21:46:23.304171-05:00,1.0015880000000834,True,,,,False,0.006710457600002329
1103,1104,2025-11-07T21:46:23.304171-05:00,2025-11-07T21:46:24.305750-05:00,1.0015789999999924,True,,,,False,0.008947276800000736
1104,1105,2025-11-07T21:46:24.305750-05:00,2025-11-07T21:46:25.307308-05:00,1.0015579999999318,True,,,,False,0.006710457600002329
1105,1106,2025-11-07T21:46:25.307308-05:00,2025-11-07T21:46:26.308940-05:00,1.0016319999999723,True,,,,False,0.00894727679999896
1106,1107,2025-11-07T21:46:26.308940-05:00,2025-11-07T21:46:27.341689-05:00,1.032748999999967,True,,,,False,0.006710457600000552
1107,1108,2025-11-07T21:46:27.341689-05:00,2025-11-07T21:46:28.343148-05:00,1.001459000000068,True,,,,False,0.00894727679999896
1108,1109,2025-11-07T21:46:28.343148-05:00,2025-11-07T21:46:29.344692-05:00,1.0015439999999671,True,,,,False,0.006710457600002329
1109,1110,2025-11-07T21:46:29.344692-05:00,2025-11-07T21:46:30.346216-05:00,1.0015240000000176,True,,,,False,0.008947276800000736
1110,1111,2025-11-07T21:46:30.346216-05:00,2025-11-07T21:46:31.347700-05:00,1.0014839999998912,True,,,,False,0.008947276800002513
1111,1112,2025-11-07T21:46:31.347700-05:00,2025-11-07T21:46:32.349212-05:00,1.001512000000048,True,,,,False,0.006710457599998776
1112,1113,2025-11-07T21:46:32.349212-05:00,2025-11-07T21:46:33.350365-05:00,1.0011530000001585,True,,,,False,0.008947276800000736
1113,1114,2025-11-07T21:46:33.350365-05:00,2025-11-07T21:46:34.351619-05:00,1.0012539999997898,True,,,,False,0.006710457600000552
1114,1115,2025-11-07T21:46:34.351619-05:00,2025-11-07T21:46:35.353202-05:00,1.0015830000002097,True,,,,False,0.008947276800000736
1115,1116,2025-11-07T21:46:35.353202-05:00,2025-11-07T21:46:36.354628-05:00,1.0014259999998103,True,,,,False,0.006710457600000552
1116,1117,2025-11-07T21:46:36.354628-05:00,2025-11-07T21:46:37.356155-05:00,1.0015270000001237,True,,,,False,0.006710457600002329
1117,1118,2025-11-07T21:46:37.356155-05:00,2025-11-07T21:46:38.357676-05:00,1.0015209999999115,True,,,,False,0.006710457599998776
1118,1119,2025-11-07T21:46:38.357676-05:00,2025-11-07T21:46:39.359155-05:00,1.0014790000000175,True,,,,False,0.006710457600000552
1119,1120,2025-11-07T21:46:39.359155-05:00,2025-11-07T21:46:40.360639-05:00,1.0014840000001186,True,,,,False,0.006710457600000552
1120,1121,2025-11-07T21:46:40.360639-05:00,2025-11-07T21:46:41.362362-05:00,1.0017229999998563,True,,,,False,0.006710457600000552
1121,1122,2025-11-07T21:46:41.362362-05:00,2025-11-07T21:46:42.363953-05:00,1.0015909999999622,True,,,,False,0.004473638399998592
1122,1123,2025-11-07T21:46:42.363953-05:00,2025-11-07T21:46:43.365471-05:00,1.0015180000000328,True,,,,False,0.006710457600002329
1123,1124,2025-11-07T21:46:43.365471-05:00,2025-11-07T21:46:44.366925-05:00,1.001453999999967,True,,,,False,0.008947276800002513
1124,1125,2025-11-07T21:46:44.366925-05:00,2025-11-07T21:46:45.368348-05:00,1.001423000000159,True,,,,False,0.006710457600000552
1125,1126,2025-11-07T21:46:45.368348-05:00,2025-11-07T21:46:46.369849-05:00,1.001500999999962,True,,,,False,0.006710457599998776
1126,1127,2025-11-07T21:46:46.369849-05:00,2025-11-07T21:46:47.371351-05:00,1.0015020000000732,True,,,,False,0.006710457600000552
1127,1128,2025-11-07T21:46:47.371351-05:00,2025-11-07T21:46:48.372890-05:00,1.001538999999866,True,,,,False,0.006710457600000552
1128,1129,2025-11-07T21:46:48.372890-05:00,2025-11-07T21:46:49.374567-05:00,1.0016769999999724,True,,,,False,0.008947276800000736
1129,1130,2025-11-07T21:46:49.374567-05:00,2025-11-07T21:46:50.376214-05:00,1.0016470000000481,True,,,,False,0.006710457600000552
1130,1131,2025-11-07T21:46:50.376214-05:00,2025-11-07T21:46:51.377822-05:00,1.001608000000033,True,,,,False,0.006710457600000552
1131,1132,2025-11-07T21:46:51.377822-05:00,2025-11-07T21:46:52.379230-05:00,1.0014080000000831,True,,,,False,0.006710457600000552
1132,1133,2025-11-07T21:46:52.379230-05:00,2025-11-07T21:46:53.380742-05:00,1.0015119999998205,True,,,,False,0.006710457600000552
1133,1134,2025-11-07T21:46:53.380742-05:00,2025-11-07T21:46:54.382392-05:00,1.0016500000001543,True,,,,False,0.008947276800000736
1134,1135,2025-11-07T21:46:54.382392-05:00,2025-11-07T21:46:55.383849-05:00,1.0014569999998457,True,,,,False,0.006710457599998776
1135,1136,2025-11-07T21:46:55.383849-05:00,2025-11-07T21:46:56.385363-05:00,1.0015140000000429,True,,,,False,0.006710457600002329
1136,1137,2025-11-07T21:46:56.385363-05:00,2025-11-07T21:46:57.386873-05:00,1.001510000000053,True,,,,False,0.008947276800000736
1137,1138,2025-11-07T21:46:57.386873-05:00,2025-11-07T21:46:58.388405-05:00,1.0015319999999974,True,,,,False,0.008947276800002513
1138,1139,2025-11-07T21:46:58.388405-05:00,2025-11-07T21:46:59.389861-05:00,1.001455999999962,True,,,,False,0.006710457599998776
1139,1140,2025-11-07T21:46:59.389861-05:00,2025-11-07T21:47:00.391015-05:00,1.0011540000000423,True,,,,False,0.008947276800000736
1140,1141,2025-11-07T21:47:00.391015-05:00,2025-11-07T21:47:01.392604-05:00,1.0015889999999672,True,,,,False,0.006710457600000552
1141,1142,2025-11-07T21:47:01.392604-05:00,2025-11-07T21:47:02.394127-05:00,1.0015229999999065,True,,,,False,0.008947276800000736
1142,1143,2025-11-07T21:47:02.394127-05:00,2025-11-07T21:47:03.395631-05:00,1.0015040000000681,True,,,,False,0.006710457600000552
1143,1144,2025-11-07T21:47:03.395631-05:00,2025-11-07T21:47:04.397003-05:00,1.0013719999999466,True,,,,False,0.006710457600002329
1144,1145,2025-11-07T21:47:04.397003-05:00,2025-11-07T21:47:05.398556-05:00,1.001553000000058,True,,,,False,0.00894727679999896
1145,1146,2025-11-07T21:47:05.398556-05:00,2025-11-07T21:47:06.400059-05:00,1.001502999999957,True,,,,False,0.008947276800000736
1146,1147,2025-11-07T21:47:06.400059-05:00,2025-11-07T21:47:07.401647-05:00,1.0015880000000834,True,,,,False,0.006710457600000552
1147,1148,2025-11-07T21:47:07.401647-05:00,2025-11-07T21:47:08.403139-05:00,1.0014920000000984,True,,,,False,0.00894727679999896
1148,1149,2025-11-07T21:47:08.403139-05:00,2025-11-07T21:47:09.404973-05:00,1.001833999999917,True,,,,False,0.008947276800002513
1149,1150,2025-11-07T21:47:09.404973-05:00,2025-11-07T21:47:10.406449-05:00,1.0014759999999114,True,,,,False,0.008947276800002513
1150,1151,2025-11-07T21:47:10.406449-05:00,2025-11-07T21:47:11.407955-05:00,1.001506000000063,True,,,,False,0.006710457599998776
1151,1152,2025-11-07T21:47:11.407955-05:00,2025-11-07T21:47:12.409509-05:00,1.0015539999999419,True,,,,False,0.008947276800000736
1152,1153,2025-11-07T21:47:12.409509-05:00,2025-11-07T21:47:13.411091-05:00,1.0015820000000986,True,,,,False,0.011184095999999144
1153,1154,2025-11-07T21:47:13.411091-05:00,2025-11-07T21:47:14.412572-05:00,1.0014810000000125,True,,,,False,0.008947276800000736
1154,1155,2025-11-07T21:47:14.412572-05:00,2025-11-07T21:47:15.413958-05:00,1.0013859999999113,True,,,,False,0.008947276800000736
1155,1156,2025-11-07T21:47:15.413958-05:00,2025-11-07T21:47:16.415551-05:00,1.001592999999957,True,,,,False,0.008947276800000736
1156,1157,2025-11-07T21:47:16.415551-05:00,2025-11-07T21:47:17.420781-05:00,1.0052299999999832,True,,,,False,0.008947276800000736
1157,1158,2025-11-07T21:47:17.420781-05:00,2025-11-07T21:47:18.422557-05:00,1.0017760000000635,True,,,,False,0.008947276800002513
1158,1159,2025-11-07T21:47:18.422557-05:00,2025-11-07T21:47:19.425253-05:00,1.0026960000000145,True,,,,False,0.011184095999997368
1159,1160,2025-11-07T21:47:19.425253-05:00,2025-11-07T21:47:20.426762-05:00,1.0015089999999418,True,,,,False,0.008947276800002513
1160,1161,2025-11-07T21:47:20.426762-05:00,2025-11-07T21:47:21.429840-05:00,1.0030779999999595,True,,,,False,0.00894727679999896
1161,1162,2025-11-07T21:47:21.429840-05:00,2025-11-07T21:47:22.433850-05:00,1.0040100000001075,True,,,,False,0.008947276800000736
1162,1163,2025-11-07T21:47:22.433850-05:00,2025-11-07T21:47:23.435446-05:00,1.0015960000000632,True,,,,False,0.008947276800000736
1163,1164,2025-11-07T21:47:23.435446-05:00,2025-11-07T21:47:24.438534-05:00,1.0030879999999343,True,,,,False,0.008947276800000736
1164,1165,2025-11-07T21:47:24.438534-05:00,2025-11-07T21:47:25.440002-05:00,1.0014679999999316,True,,,,False,0.008947276800000736
1165,1166,2025-11-07T21:47:25.440002-05:00,2025-11-07T21:47:26.441737-05:00,1.0017350000000533,True,,,,False,0.008947276800000736
1166,1167,2025-11-07T21:47:26.441737-05:00,2025-11-07T21:47:27.443304-05:00,1.0015670000000227,True,,,,False,0.006710457600000552
1167,1168,2025-11-07T21:47:27.443304-05:00,2025-11-07T21:47:28.444835-05:00,1.0015310000001136,True,,,,False,0.006710457600000552
1168,1169,2025-11-07T21:47:28.444835-05:00,2025-11-07T21:47:29.446053-05:00,1.0012179999998807,True,,,,False,0.006710457599998776
1169,1170,2025-11-07T21:47:29.446053-05:00,2025-11-07T21:47:30.447375-05:00,1.0013220000000729,True,,,,False,0.006710457600002329
1170,1171,2025-11-07T21:47:30.447375-05:00,2025-11-07T21:47:31.448660-05:00,1.0012849999998252,True,,,,False,0.008947276800000736
1171,1172,2025-11-07T21:47:31.448660-05:00,2025-11-07T21:47:32.450105-05:00,1.0014450000001034,True,,,,False,0.006710457600002329
1172,1173,2025-11-07T21:47:32.450105-05:00,2025-11-07T21:47:33.451505-05:00,1.0014000000001033,True,,,,False,0.00894727679999896
1173,1174,2025-11-07T21:47:33.451505-05:00,2025-11-07T21:47:34.452941-05:00,1.0014360000000124,True,,,,False,0.008947276800000736
1174,1175,2025-11-07T21:47:34.452941-05:00,2025-11-07T21:47:35.454093-05:00,1.00115199999982,True,,,,False,0.006710457600000552
1175,1176,2025-11-07T21:47:35.454093-05:00,2025-11-07T21:47:36.455869-05:00,1.0017760000000635,True,,,,False,0.008947276800000736
1176,1177,2025-11-07T21:47:36.455869-05:00,2025-11-07T21:47:37.457022-05:00,1.0011529999999311,True,,,,False,0.008947276800000736
1177,1178,2025-11-07T21:47:37.457022-05:00,2025-11-07T21:47:38.458737-05:00,1.0017150000001038,True,,,,False,0.008947276800002513
1178,1179,2025-11-07T21:47:38.458737-05:00,2025-11-07T21:47:39.459852-05:00,1.001115000000027,True,,,,False,0.006710457599998776
1179,1180,2025-11-07T21:47:39.459852-05:00,2025-11-07T21:47:40.460985-05:00,1.0011329999999816,True,,,,False,0.008947276800000736
1180,1181,2025-11-07T21:47:40.460985-05:00,2025-11-07T21:47:41.462817-05:00,1.0018319999999221,True,,,,False,0.006710457599998776
1181,1182,2025-11-07T21:47:41.462817-05:00,2025-11-07T21:47:42.463974-05:00,1.0011570000001484,True,,,,False,0.008947276800002513
1182,1183,2025-11-07T21:47:42.463974-05:00,2025-11-07T21:47:43.465055-05:00,1.0010809999998855,True,,,,False,0.006710457600000552
1183,1184,2025-11-07T21:47:43.465055-05:00,2025-11-07T21:47:44.466202-05:00,1.0011469999999463,True,,,,False,0.006710457600002329
1184,1185,2025-11-07T21:47:44.466202-05:00,2025-11-07T21:47:45.467376-05:00,1.0011739999999918,True,,,,False,0.006710457599998776
1185,1186,2025-11-07T21:47:45.467376-05:00,2025-11-07T21:47:46.470852-05:00,1.0034760000000915,True,,,,False,0.006710457600000552
1186,1187,2025-11-07T21:47:46.470852-05:00,2025-11-07T21:47:47.472516-05:00,1.0016639999998915,True,,,,False,0.008947276800000736
1187,1188,2025-11-07T21:47:47.472516-05:00,2025-11-07T21:47:48.473888-05:00,1.001372000000174,True,,,,False,0.006710457599998776
1188,1189,2025-11-07T21:47:48.473888-05:00,2025-11-07T21:47:49.475271-05:00,1.0013829999998052,True,,,,False,0.006710457600002329
1189,1190,2025-11-07T21:47:49.475271-05:00,2025-11-07T21:47:50.476623-05:00,1.0013519999999971,True,,,,False,0.006710457600000552
1190,1191,2025-11-07T21:47:50.476623-05:00,2025-11-07T21:47:51.477990-05:00,1.001367000000073,True,,,,False,0.006710457600002329
1191,1192,2025-11-07T21:47:51.477990-05:00,2025-11-07T21:47:52.479307-05:00,1.0013169999999718,True,,,,False,0.006710457599998776
1192,1193,2025-11-07T21:47:52.479307-05:00,2025-11-07T21:47:53.480942-05:00,1.0016350000000784,True,,,,False,0.004473638400000368
1193,1194,2025-11-07T21:47:53.480942-05:00,2025-11-07T21:47:54.482428-05:00,1.0014859999998862,True,,,,False,0.006710457600000552
1194,1195,2025-11-07T21:47:54.482428-05:00,2025-11-07T21:47:55.483552-05:00,1.001124000000118,True,,,,False,0.006710457600000552
1195,1196,2025-11-07T21:47:55.483552-05:00,2025-11-07T21:47:56.484751-05:00,1.0011990000000424,True,,,,False,0.006710457600000552
1196,1197,2025-11-07T21:47:56.484751-05:00,2025-11-07T21:47:57.485979-05:00,1.0012279999998555,True,,,,False,0.006710457600000552
1197,1198,2025-11-07T21:47:57.485979-05:00,2025-11-07T21:47:58.487453-05:00,1.0014740000001439,True,,,,False,0.004473638400000368
1198,1199,2025-11-07T21:47:58.487453-05:00,2025-11-07T21:47:59.488888-05:00,1.0014349999999013,True,,,,False,0.006710457600000552
1199,1200,2025-11-07T21:47:59.488888-05:00,2025-11-07T21:48:00.490264-05:00,1.0013759999999365,True,,,,False,0.006710457600000552
1200,1201,2025-11-07T21:48:00.490264-05:00,2025-11-07T21:48:01.491758-05:00,1.0014940000000934,True,,,,False,0.004473638400000368
1201,1202,2025-11-07T21:48:01.491758-05:00,2025-11-07T21:48:02.493092-05:00,1.0013340000000426,True,,,,False,0.006710457600000552
1202,1203,2025-11-07T21:48:02.493092-05:00,2025-11-07T21:48:03.494560-05:00,1.0014679999999316,True,,,,False,0.006710457600000552
1203,1204,2025-11-07T21:48:03.494560-05:00,2025-11-07T21:48:04.495955-05:00,1.0013950000000023,True,,,,False,0.008947276800000736
1204,1205,2025-11-07T21:48:04.495955-05:00,2025-11-07T21:48:05.497349-05:00,1.0013940000001185,True,,,,False,0.006710457600000552
1205,1206,2025-11-07T21:48:05.497349-05:00,2025-11-07T21:48:06.498705-05:00,1.001355999999987,True,,,,False,0.006710457600002329
1206,1207,2025-11-07T21:48:06.498705-05:00,2025-11-07T21:48:07.500009-05:00,1.001303999999891,True,,,,False,0.006710457599998776
1207,1208,2025-11-07T21:48:07.500009-05:00,2025-11-07T21:48:08.501365-05:00,1.001355999999987,True,,,,False,0.008947276800000736
1208,1209,2025-11-07T21:48:08.501365-05:00,2025-11-07T21:48:09.502890-05:00,1.0015250000001288,True,,,,False,0.004473638400000368
1209,1210,2025-11-07T21:48:09.502890-05:00,2025-11-07T21:48:10.504078-05:00,1.0011879999999564,True,,,,False,0.006710457599998776
1210,1211,2025-11-07T21:48:10.504078-05:00,2025-11-07T21:48:11.505936-05:00,1.0018579999998565,True,,,,False,0.006710457600000552
1211,1212,2025-11-07T21:48:11.505936-05:00,2025-11-07T21:48:12.507101-05:00,1.0011650000001282,True,,,,False,0.006710457600002329
1212,1213,2025-11-07T21:48:12.507101-05:00,2025-11-07T21:48:13.508498-05:00,1.0013969999999972,True,,,,False,0.006710457600002329
1213,1214,2025-11-07T21:48:13.508498-05:00,2025-11-07T21:48:14.509940-05:00,1.0014419999999973,True,,,,False,0.006710457599998776
1214,1215,2025-11-07T21:48:14.509940-05:00,2025-11-07T21:48:15.511284-05:00,1.0013440000000173,True,,,,False,0.006710457600000552
1215,1216,2025-11-07T21:48:15.511284-05:00,2025-11-07T21:48:16.512760-05:00,1.0014759999999114,True,,,,False,0.004473638400000368
1216,1217,2025-11-07T21:48:16.512760-05:00,2025-11-07T21:48:17.514139-05:00,1.0013790000000427,True,,,,False,0.006710457600000552
1217,1218,2025-11-07T21:48:17.514139-05:00,2025-11-07T21:48:18.515754-05:00,1.0016149999999016,True,,,,False,0.006710457599998776
1218,1219,2025-11-07T21:48:18.515754-05:00,2025-11-07T21:48:19.517213-05:00,1.001459000000068,True,,,,False,0.006710457600002329
1219,1220,2025-11-07T21:48:19.517213-05:00,2025-11-07T21:48:20.518605-05:00,1.0013920000001235,True,,,,False,0.004473638400000368
1220,1221,2025-11-07T21:48:20.518605-05:00,2025-11-07T21:48:21.519998-05:00,1.0013930000000073,True,,,,False,0.006710457600002329
1221,1222,2025-11-07T21:48:21.519998-05:00,2025-11-07T21:48:22.521577-05:00,1.0015789999999924,True,,,,False,0.006710457599998776
1222,1223,2025-11-07T21:48:22.521577-05:00,2025-11-07T21:48:23.523118-05:00,1.001540999999861,True,,,,False,0.004473638400000368
1223,1224,2025-11-07T21:48:23.523118-05:00,2025-11-07T21:48:24.524640-05:00,1.0015220000000227,True,,,,False,0.006710457600000552
1224,1225,2025-11-07T21:48:24.524640-05:00,2025-11-07T21:48:25.526189-05:00,1.0015490000000682,True,,,,False,0.006710457600000552
1225,1226,2025-11-07T21:48:25.526189-05:00,2025-11-07T21:48:26.527676-05:00,1.0014869999999974,True,,,,False,0.004473638399998592
1226,1227,2025-11-07T21:48:26.527676-05:00,2025-11-07T21:48:27.529176-05:00,1.0015000000000782,True,,,,False,0.006710457600002329
1227,1228,2025-11-07T21:48:27.529176-05:00,2025-11-07T21:48:28.530688-05:00,1.0015119999998205,True,,,,False,0.006710457600000552
1228,1229,2025-11-07T21:48:28.530688-05:00,2025-11-07T21:48:29.532182-05:00,1.0014940000000934,True,,,,False,0.008947276800002513
1229,1230,2025-11-07T21:48:29.532182-05:00,2025-11-07T21:48:30.533712-05:00,1.0015300000000025,True,,,,False,0.00894727679999896
1230,1231,2025-11-07T21:48:30.533712-05:00,2025-11-07T21:48:31.535139-05:00,1.0014269999999215,True,,,,False,0.008947276800000736
1231,1232,2025-11-07T21:48:31.535139-05:00,2025-11-07T21:48:32.536621-05:00,1.0014820000001237,True,,,,False,0.011184095999999144
1232,1233,2025-11-07T21:48:32.536621-05:00,2025-11-07T21:48:33.540305-05:00,1.0036840000000211,True,,,,False,0.01118409600000092
1233,1234,2025-11-07T21:48:33.540305-05:00,2025-11-07T21:48:34.541702-05:00,1.0013969999999972,True,,,,False,0.00894727679999896
1234,1235,2025-11-07T21:48:34.541702-05:00,2025-11-07T21:48:35.542641-05:00,1.0009390000000167,True,,,,False,0.01118409600000092
1235,1236,2025-11-07T21:48:35.542641-05:00,2025-11-07T21:48:36.543806-05:00,1.0011649999999008,True,,,,False,0.011184095999997368
1236,1237,2025-11-07T21:48:36.543806-05:00,2025-11-07T21:48:37.544971-05:00,1.0011649999999008,True,,,,False,0.011184095999999144
1237,1238,2025-11-07T21:48:37.544971-05:00,2025-11-07T21:48:38.546412-05:00,1.0014410000001135,True,,,,False,0.011184095999999144
1238,1239,2025-11-07T21:48:38.546412-05:00,2025-11-07T21:48:39.547975-05:00,1.0015630000000328,True,,,,False,0.01118409600000092
1239,1240,2025-11-07T21:48:39.547975-05:00,2025-11-07T21:48:40.549458-05:00,1.0014830000000075,True,,,,False,0.00894727679999896
1240,1241,2025-11-07T21:48:40.549458-05:00,2025-11-07T21:48:41.550887-05:00,1.0014289999999164,True,,,,False,0.01118409600000092
1241,1242,2025-11-07T21:48:41.550887-05:00,2025-11-07T21:48:42.552359-05:00,1.0014719999999215,True,,,,False,0.011184095999997368
1242,1243,2025-11-07T21:48:42.552359-05:00,2025-11-07T21:48:43.553760-05:00,1.0014010000002145,True,,,,False,0.011184095999997368
1243,1244,2025-11-07T21:48:43.553760-05:00,2025-11-07T21:48:44.555261-05:00,1.001500999999962,True,,,,False,0.01118409600000092
1244,1245,2025-11-07T21:48:44.555261-05:00,2025-11-07T21:48:45.556651-05:00,1.0013899999999012,True,,,,False,0.011184095999999144
1245,1246,2025-11-07T21:48:45.556651-05:00,2025-11-07T21:48:46.558136-05:00,1.0014850000000024,True,,,,False,0.01118409600000092
1246,1247,2025-11-07T21:48:46.558136-05:00,2025-11-07T21:48:47.559641-05:00,1.001504999999952,True,,,,False,0.011184095999997368
1247,1248,2025-11-07T21:48:47.559641-05:00,2025-11-07T21:48:48.561124-05:00,1.0014830000000075,True,,,,False,0.013420915199997552
1248,1249,2025-11-07T21:48:48.561124-05:00,2025-11-07T21:48:49.562818-05:00,1.0016940000000432,True,,,,False,0.01118409600000092
1249,1250,2025-11-07T21:48:49.562818-05:00,2025-11-07T21:48:50.564375-05:00,1.001557000000048,True,,,,False,0.013420915199999328
1250,1251,2025-11-07T21:48:50.564375-05:00,2025-11-07T21:48:51.565818-05:00,1.001442999999881,True,,,,False,0.01118409600000092
1251,1252,2025-11-07T21:48:51.565818-05:00,2025-11-07T21:48:52.567324-05:00,1.001506000000063,True,,,,False,0.011184095999997368
1252,1253,2025-11-07T21:48:52.567324-05:00,2025-11-07T21:48:53.568824-05:00,1.0015000000000782,True,,,,False,0.008947276800002513
1253,1254,2025-11-07T21:48:53.568824-05:00,2025-11-07T21:48:54.570285-05:00,1.0014609999998356,True,,,,False,0.011184095999997368
1254,1255,2025-11-07T21:48:54.570285-05:00,2025-11-07T21:48:55.571871-05:00,1.0015860000000885,True,,,,False,0.008947276800002513
1255,1256,2025-11-07T21:48:55.571871-05:00,2025-11-07T21:48:56.573320-05:00,1.0014490000000933,True,,,,False,0.006710457600000552
1256,1257,2025-11-07T21:48:56.573320-05:00,2025-11-07T21:48:57.574826-05:00,1.0015059999998357,True,,,,False,0.00894727679999896
1257,1258,2025-11-07T21:48:57.574826-05:00,2025-11-07T21:48:58.576262-05:00,1.0014360000000124,True,,,,False,0.008947276800000736
1258,1259,2025-11-07T21:48:58.576262-05:00,2025-11-07T21:48:59.577548-05:00,1.0012860000001638,True,,,,False,0.00894727679999896
1259,1260,2025-11-07T21:48:59.577548-05:00,2025-11-07T21:49:00.579028-05:00,1.0014799999999013,True,,,,False,0.008947276800002513
1260,1261,2025-11-07T21:49:00.579028-05:00,2025-11-07T21:49:01.580530-05:00,1.0015020000000732,True,,,,False,0.008947276800002513
1261,1262,2025-11-07T21:49:01.580530-05:00,2025-11-07T21:49:02.582041-05:00,1.0015109999999368,True,,,,False,0.00894727679999896
1262,1263,2025-11-07T21:49:02.582041-05:00,2025-11-07T21:49:03.583502-05:00,1.001461000000063,True,,,,False,0.01118409600000092
1263,1264,2025-11-07T21:49:03.583502-05:00,2025-11-07T21:49:04.585019-05:00,1.0015169999999216,True,,,,False,0.00894727679999896
1264,1265,2025-11-07T21:49:04.585019-05:00,2025-11-07T21:49:05.586570-05:00,1.0015510000000631,True,,,,False,0.01118409600000092
1265,1266,2025-11-07T21:49:05.586570-05:00,2025-11-07T21:49:06.588029-05:00,1.001459000000068,True,,,,False,0.00894727679999896
1266,1267,2025-11-07T21:49:06.588029-05:00,2025-11-07T21:49:07.588952-05:00,1.0009229999998297,True,,,,False,0.011184095999999144
1267,1268,2025-11-07T21:49:07.588952-05:00,2025-11-07T21:49:08.590118-05:00,1.001166000000012,True,,,,False,0.011184095999999144
1268,1269,2025-11-07T21:49:08.590118-05:00,2025-11-07T21:49:09.591352-05:00,1.0012340000000677,True,,,,False,0.011184095999999144
1269,1270,2025-11-07T21:49:09.591352-05:00,2025-11-07T21:49:10.593174-05:00,1.0018219999999474,True,,,,False,0.00894727679999896
1270,1271,2025-11-07T21:49:10.593174-05:00,2025-11-07T21:49:11.594340-05:00,1.001166000000012,True,,,,False,0.01118409600000092
1271,1272,2025-11-07T21:49:11.594340-05:00,2025-11-07T21:49:12.595414-05:00,1.001074000000017,True,,,,False,0.011184095999999144
1272,1273,2025-11-07T21:49:12.595414-05:00,2025-11-07T21:49:13.596579-05:00,1.0011649999999008,True,,,,False,0.01118409600000092
1273,1274,2025-11-07T21:49:13.596579-05:00,2025-11-07T21:49:14.597539-05:00,1.0009600000000773,True,,,,False,0.011184095999997368
1274,1275,2025-11-07T21:49:14.597539-05:00,2025-11-07T21:49:15.599227-05:00,1.0016880000000583,True,,,,False,0.011184095999997368
1275,1276,2025-11-07T21:49:15.599227-05:00,2025-11-07T21:49:16.600737-05:00,1.001510000000053,True,,,,False,0.008947276800002513
1276,1277,2025-11-07T21:49:16.600737-05:00,2025-11-07T21:49:17.602285-05:00,1.001547999999957,True,,,,False,0.011184095999997368
1277,1278,2025-11-07T21:49:17.602285-05:00,2025-11-07T21:49:18.603727-05:00,1.0014419999999973,True,,,,False,0.01118409600000092
1278,1279,2025-11-07T21:49:18.603727-05:00,2025-11-07T21:49:19.605099-05:00,1.0013719999999466,True,,,,False,0.011184095999999144
1279,1280,2025-11-07T21:49:19.605099-05:00,2025-11-07T21:49:20.606409-05:00,1.0013100000001032,True,,,,False,0.008947276800000736
1280,1281,2025-11-07T21:49:20.606409-05:00,2025-11-07T21:49:21.609102-05:00,1.0026929999999084,True,,,,False,0.011184095999999144
1281,1282,2025-11-07T21:49:21.609102-05:00,2025-11-07T21:49:22.610501-05:00,1.0013989999999922,True,,,,False,0.011184095999999144
1282,1283,2025-11-07T21:49:22.610501-05:00,2025-11-07T21:49:23.611962-05:00,1.001461000000063,True,,,,False,0.013420915199999328
1283,1284,2025-11-07T21:49:23.611962-05:00,2025-11-07T21:49:24.613455-05:00,1.0014929999999822,True,,,,False,0.011184095999999144
1284,1285,2025-11-07T21:49:24.613455-05:00,2025-11-07T21:49:25.614748-05:00,1.0012930000000324,True,,,,False,0.011184095999999144
1285,1286,2025-11-07T21:49:25.614748-05:00,2025-11-07T21:49:26.616202-05:00,1.001453999999967,True,,,,False,0.013420915199999328
1286,1287,2025-11-07T21:49:26.616202-05:00,2025-11-07T21:49:27.617699-05:00,1.001496999999972,True,,,,False,0.011184095999999144
1287,1288,2025-11-07T21:49:27.617699-05:00,2025-11-07T21:49:28.619139-05:00,1.0014400000000023,True,,,,False,0.013420915199999328
1288,1289,2025-11-07T21:49:28.619139-05:00,2025-11-07T21:49:29.620510-05:00,1.0013710000000628,True,,,,False,0.01118409600000092
1289,1290,2025-11-07T21:49:29.620510-05:00,2025-11-07T21:49:30.621868-05:00,1.001357999999982,True,,,,False,0.013420915200001104
1290,1291,2025-11-07T21:49:30.621868-05:00,2025-11-07T21:49:31.623322-05:00,1.001453999999967,True,,,,False,0.013420915200001104
1291,1292,2025-11-07T21:49:31.623322-05:00,2025-11-07T21:49:32.624905-05:00,1.0015829999999823,True,,,,False,0.01118409600000092
1292,1293,2025-11-07T21:49:32.624905-05:00,2025-11-07T21:49:33.626409-05:00,1.0015040000000681,True,,,,False,0.013420915200001104
1293,1294,2025-11-07T21:49:33.626409-05:00,2025-11-07T21:49:34.627856-05:00,1.001446999999871,True,,,,False,0.01118409600000092
1294,1295,2025-11-07T21:49:34.627856-05:00,2025-11-07T21:49:35.629279-05:00,1.001423000000159,True,,,,False,0.01118409600000092
1295,1296,2025-11-07T21:49:35.629279-05:00,2025-11-07T21:49:36.630829-05:00,1.001549999999952,True,,,,False,0.01118409600000092
1296,1297,2025-11-07T21:49:36.630829-05:00,2025-11-07T21:49:37.632353-05:00,1.0015240000000176,True,,,,False,0.008947276800000736
1297,1298,2025-11-07T21:49:37.632353-05:00,2025-11-07T21:49:38.633684-05:00,1.0013309999999365,True,,,,False,0.008947276800000736
1298,1299,2025-11-07T21:49:38.633684-05:00,2025-11-07T21:49:39.635046-05:00,1.0013619999999719,True,,,,False,0.01118409600000092
1299,1300,2025-11-07T21:49:39.635046-05:00,2025-11-07T21:49:40.636386-05:00,1.0013400000000274,True,,,,False,0.008947276800000736
1300,1301,2025-11-07T21:49:40.636386-05:00,2025-11-07T21:49:41.638002-05:00,1.0016160000000127,True,,,,False,0.008947276800000736
1301,1302,2025-11-07T21:49:41.638002-05:00,2025-11-07T21:49:42.639643-05:00,1.0016410000000633,True,,,,False,0.01118409600000092
1302,1303,2025-11-07T21:49:42.639643-05:00,2025-11-07T21:49:43.641266-05:00,1.0016229999998814,True,,,,False,0.006710457600000552
1303,1304,2025-11-07T21:49:43.641266-05:00,2025-11-07T21:49:44.642456-05:00,1.0011899999999514,True,,,,False,0.008947276800000736
1304,1305,2025-11-07T21:49:44.642456-05:00,2025-11-07T21:49:45.644415-05:00,1.00195900000017,True,,,,False,0.008947276800000736
1305,1306,2025-11-07T21:49:45.644415-05:00,2025-11-07T21:49:46.646160-05:00,1.001745000000028,True,,,,False,0.006710457600000552
1306,1307,2025-11-07T21:49:46.646160-05:00,2025-11-07T21:49:47.651639-05:00,1.005478999999923,True,,,,False,0.008947276800000736
1307,1308,2025-11-07T21:49:47.651639-05:00,2025-11-07T21:49:48.653131-05:00,1.001491999999871,True,,,,False,0.008947276800000736
1308,1309,2025-11-07T21:49:48.653131-05:00,2025-11-07T21:49:49.654584-05:00,1.0014530000000832,True,,,,False,0.01118409600000092
1309,1310,2025-11-07T21:49:49.654584-05:00,2025-11-07T21:49:50.655818-05:00,1.0012340000000677,True,,,,False,0.008947276800000736
1310,1311,2025-11-07T21:49:50.655818-05:00,2025-11-07T21:49:51.657144-05:00,1.0013259999998354,True,,,,False,0.008947276800000736
1311,1312,2025-11-07T21:49:51.657144-05:00,2025-11-07T21:49:52.658445-05:00,1.0013010000000122,True,,,,False,0.008947276800000736
1312,1313,2025-11-07T21:49:52.658445-05:00,2025-11-07T21:49:53.659892-05:00,1.0014470000000983,True,,,,False,0.01118409600000092
1313,1314,2025-11-07T21:49:53.659892-05:00,2025-11-07T21:49:54.661435-05:00,1.0015430000000833,True,,,,False,0.006710457600000552
1314,1315,2025-11-07T21:49:54.661435-05:00,2025-11-07T21:49:55.662764-05:00,1.0013289999999415,True,,,,False,0.008947276800000736
1315,1316,2025-11-07T21:49:55.662764-05:00,2025-11-07T21:49:56.664201-05:00,1.0014369999998962,True,,,,False,0.006710457600000552
1316,1317,2025-11-07T21:49:56.664201-05:00,2025-11-07T21:49:57.665622-05:00,1.001421000000164,True,,,,False,0.008947276800000736
1317,1318,2025-11-07T21:49:57.665622-05:00,2025-11-07T21:49:58.667035-05:00,1.0014129999999568,True,,,negative_current|negative_power,True,0.006710457600000552
1318,1319,2025-11-07T21:49:58.667035-05:00,2025-11-07T21:49:59.668510-05:00,1.0014750000000276,True,,negative_current|negative_power,,True,0.006710457600000552
1319,1320,2025-11-07T21:49:59.668510-05:00,2025-11-07T21:50:00.670238-05:00,1.0017279999999573,True,,,,False,0.006710457600000552
1320,1321,2025-11-07T21:50:00.670238-05:00,2025-11-07T21:50:01.672695-05:00,1.0024570000000494,True,,,,False,0.006710457600000552
1321,1322,2025-11-07T21:50:01.672695-05:00,2025-11-07T21:50:02.674001-05:00,1.001305999999886,True,,,,False,0.004473638400000368
1322,1323,2025-11-07T21:50:02.674001-05:00,2025-11-07T21:50:03.675166-05:00,1.0011650000001282,True,,,,False,0.006710457600000552
1323,1324,2025-11-07T21:50:03.675166-05:00,2025-11-07T21:50:04.676982-05:00,1.0018159999999625,True,,,,False,0.006710457600000552
1324,1325,2025-11-07T21:50:04.676982-05:00,2025-11-07T21:50:05.678161-05:00,1.0011789999998655,True,,,,False,0.006710457600000552
1325,1326,2025-11-07T21:50:05.678161-05:00,2025-11-07T21:50:06.679316-05:00,1.0011550000001534,True,,,,False,0.004473638400000368
1326,1327,2025-11-07T21:50:06.679316-05:00,2025-11-07T21:50:07.680473-05:00,1.001156999999921,True,,,,False,0.006710457600000552
1327,1328,2025-11-07T21:50:07.680473-05:00,2025-11-07T21:50:08.682285-05:00,1.0018119999999726,True,,,,False,0.004473638400000368
1328,1329,2025-11-07T21:50:08.682285-05:00,2025-11-07T21:50:09.683417-05:00,1.0011320000000978,True,,,,False,0.006710457600000552
1329,1330,2025-11-07T21:50:09.683417-05:00,2025-11-07T21:50:10.684621-05:00,1.001203999999916,True,,,,False,0.004473638400000368
1330,1331,2025-11-07T21:50:10.684621-05:00,2025-11-07T21:50:11.685771-05:00,1.0011500000000524,True,,,,False,0.004473638400000368
1331,1332,2025-11-07T21:50:11.685771-05:00,2025-11-07T21:50:12.686916-05:00,1.0011449999999513,True,,,,False,0.006710457600000552
1332,1333,2025-11-07T21:50:12.686916-05:00,2025-11-07T21:50:13.688690-05:00,1.0017740000000686,True,,,,False,0.004473638400000368
1333,1334,2025-11-07T21:50:13.688690-05:00,2025-11-07T21:50:14.690020-05:00,1.0013300000000527,True,,,,False,0.006710457600000552
1334,1335,2025-11-07T21:50:14.690020-05:00,2025-11-07T21:50:15.691437-05:00,1.0014169999999467,True,,,,False,0.004473638400000368
1335,1336,2025-11-07T21:50:15.691437-05:00,2025-11-07T21:50:16.693110-05:00,1.0016729999999825,True,,,,False,0.004473638400000368
1336,1337,2025-11-07T21:50:16.693110-05:00,2025-11-07T21:50:17.694446-05:00,1.0013360000000375,True,,,,False,0.006710457600000552
1337,1338,2025-11-07T21:50:17.694446-05:00,2025-11-07T21:50:18.695939-05:00,1.0014929999999822,True,,,,False,0.006710457600000552
1338,1339,2025-11-07T21:50:18.695939-05:00,2025-11-07T21:50:19.697113-05:00,1.0011739999999918,True,,,,False,0.004473638400000368
1339,1340,2025-11-07T21:50:19.697113-05:00,2025-11-07T21:50:20.698463-05:00,1.0013500000000022,True,,,,False,0.006710457600000552
1340,1341,2025-11-07T21:50:20.698463-05:00,2025-11-07T21:50:21.700020-05:00,1.001557000000048,True,,,,False,0.004473638400000368
1341,1342,2025-11-07T21:50:21.700020-05:00,2025-11-07T21:50:22.701630-05:00,1.0016099999998005,True,,,,False,0.006710457600000552
1342,1343,2025-11-07T21:50:22.701630-05:00,2025-11-07T21:50:23.703101-05:00,1.0014710000000377,True,,,,False,0.004473638400000368
1343,1344,2025-11-07T21:50:23.703101-05:00,2025-11-07T21:50:24.704577-05:00,1.0014760000001388,True,,,,False,0.006710457600000552
1344,1345,2025-11-07T21:50:24.704577-05:00,2025-11-07T21:50:25.706006-05:00,1.0014289999999164,True,,,,False,0.004473638400000368
1345,1346,2025-11-07T21:50:25.706006-05:00,2025-11-07T21:50:26.707370-05:00,1.0013639999999668,True,,,,False,0.004473638400000368
1346,1347,2025-11-07T21:50:26.707370-05:00,2025-11-07T21:50:27.708825-05:00,1.0014550000000781,True,,,,False,0.004473638400000368
1347,1348,2025-11-07T21:50:27.708825-05:00,2025-11-07T21:50:28.710305-05:00,1.0014799999999013,True,,,,False,0.004473638400000368
1348,1349,2025-11-07T21:50:28.710305-05:00,2025-11-07T21:50:29.711703-05:00,1.0013980000001084,True,,,,False,0.004473638400000368
1349,1350,2025-11-07T21:50:29.711703-05:00,2025-11-07T21:50:30.713310-05:00,1.0016069999999218,True,,,,False,0.002236819200000184
1350,1351,2025-11-07T21:50:30.713310-05:00,2025-11-07T21:50:31.714940-05:00,1.0016299999999774,True,,,,False,0.004473638400000368
1351,1352,2025-11-07T21:50:31.714940-05:00,2025-11-07T21:50:32.716457-05:00,1.001517000000149,True,,,,False,0.004473638400000368
1352,1353,2025-11-07T21:50:32.716457-05:00,2025-11-07T21:50:33.718130-05:00,1.0016729999999825,True,,,,False,0.004473638400000368
1353,1354,2025-11-07T21:50:33.718130-05:00,2025-11-07T21:50:34.719794-05:00,1.0016639999998915,True,,,,False,0.002236819200000184
1354,1355,2025-11-07T21:50:34.719794-05:00,2025-11-07T21:50:35.721475-05:00,1.0016809999999623,True,,,,False,0.004473638400000368
1355,1356,2025-11-07T21:50:35.721475-05:00,2025-11-07T21:50:36.724337-05:00,1.00286200000005,True,,,,False,0.004473638400000368
1356,1357,2025-11-07T21:50:36.724337-05:00,2025-11-07T21:50:37.725902-05:00,1.0015650000000278,True,,,,False,0.004473638400000368
1357,1358,2025-11-07T21:50:37.725902-05:00,2025-11-07T21:50:38.727598-05:00,1.0016960000000381,True,,,,False,0.004473638400000368
1358,1359,2025-11-07T21:50:38.727598-05:00,2025-11-07T21:50:39.729204-05:00,1.001606000000038,True,,,,False,0.002236819200000184
1359,1360,2025-11-07T21:50:39.729204-05:00,2025-11-07T21:50:40.730821-05:00,1.0016169999998965,True,,,,False,0.004473638400000368
1360,1361,2025-11-07T21:50:40.730821-05:00,2025-11-07T21:50:41.732269-05:00,1.0014479999999821,True,,,,False,0.004473638400000368
1361,1362,2025-11-07T21:50:41.732269-05:00,2025-11-07T21:50:42.733901-05:00,1.0016319999999723,True,,,,False,0.002236819200000184
1362,1363,2025-11-07T21:50:42.733901-05:00,2025-11-07T21:50:43.735575-05:00,1.0016740000000937,True,,,,False,0.002236819200000184
1363,1364,2025-11-07T21:50:43.735575-05:00,2025-11-07T21:50:44.737185-05:00,1.0016100000000279,True,,,,False,0.004473638400000368
1364,1365,2025-11-07T21:50:44.737185-05:00,2025-11-07T21:50:45.738693-05:00,1.001508000000058,True,,,,False,0.002236819200000184
1365,1366,2025-11-07T21:50:45.738693-05:00,2025-11-07T21:50:46.740304-05:00,1.0016109999999117,True,,,,False,0.002236819200000184
1366,1367,2025-11-07T21:50:46.740304-05:00,2025-11-07T21:50:47.741856-05:00,1.001551999999947,True,,,,False,0.0
1367,1368,2025-11-07T21:50:47.741856-05:00,2025-11-07T21:50:48.743380-05:00,1.0015240000000176,True,,,,False,0.002236819200000184
1368,1369,2025-11-07T21:50:48.743380-05:00,2025-11-07T21:50:49.744838-05:00,1.0014579999999569,True,,,,False,0.002236819200000184
1369,1370,2025-11-07T21:50:49.744838-05:00,2025-11-07T21:50:50.746297-05:00,1.001459000000068,True,,,,False,0.002236819200000184
1370,1371,2025-11-07T21:50:50.746297-05:00,2025-11-07T21:50:51.747833-05:00,1.0015359999999873,True,,,,False,0.002236819200000184
1371,1372,2025-11-07T21:50:51.747833-05:00,2025-11-07T21:50:52.749300-05:00,1.0014670000000478,True,,,,False,0.002236819200000184
1372,1373,2025-11-07T21:50:52.749300-05:00,2025-11-07T21:50:53.750809-05:00,1.0015089999999418,True,,,,False,0.002236819200000184
1373,1374,2025-11-07T21:50:53.750809-05:00,2025-11-07T21:50:54.752446-05:00,1.0016370000000734,True,,,,False,0.004473638400000368
1374,1375,2025-11-07T21:50:54.752446-05:00,2025-11-07T21:50:55.757568-05:00,1.0051220000000285,True,,,,False,0.002236819200000184
1375,1376,2025-11-07T21:50:55.757568-05:00,2025-11-07T21:50:56.758814-05:00,1.00124599999981,True,,,,False,0.002236819200000184
1376,1377,2025-11-07T21:50:56.758814-05:00,2025-11-07T21:50:57.760226-05:00,1.001412000000073,True,,,,False,0.002236819200000184
1377,1378,2025-11-07T21:50:57.760226-05:00,2025-11-07T21:50:58.764746-05:00,1.0045199999999568,True,,,,False,0.002236819200000184
1378,1379,2025-11-07T21:50:58.764746-05:00,2025-11-07T21:50:59.766973-05:00,1.0022270000001754,True,,,,False,0.002236819200000184
1379,1380,2025-11-07T21:50:59.766973-05:00,2025-11-07T21:51:00.768524-05:00,1.0015509999998358,True,,,,False,0.002236819200000184
1380,1381,2025-11-07T21:51:00.768524-05:00,2025-11-07T21:51:01.769729-05:00,1.0012050000000272,True,,,,False,0.002236819200000184
1381,1382,2025-11-07T21:51:01.769729-05:00,2025-11-07T21:51:02.770937-05:00,1.0012080000001333,True,,,,False,0.002236819200000184
1382,1383,2025-11-07T21:51:02.770937-05:00,2025-11-07T21:51:03.772181-05:00,1.001243999999815,True,,,,False,0.002236819200000184
1383,1384,2025-11-07T21:51:03.772181-05:00,2025-11-07T21:51:04.773388-05:00,1.0012070000000222,True,,,,False,0.004473638400000368
1384,1385,2025-11-07T21:51:04.773388-05:00,2025-11-07T21:51:05.774763-05:00,1.0013750000000528,True,,,,False,0.002236819200000184
1385,1386,2025-11-07T21:51:05.774763-05:00,2025-11-07T21:51:06.776286-05:00,1.0015229999999065,True,,,,False,0.002236819200000184
1386,1387,2025-11-07T21:51:06.776286-05:00,2025-11-07T21:51:07.777790-05:00,1.0015040000000681,True,,,,False,0.002236819200000184
1387,1388,2025-11-07T21:51:07.777790-05:00,2025-11-07T21:51:08.779154-05:00,1.0013639999999668,True,,,,False,0.002236819200000184
1388,1389,2025-11-07T21:51:08.779154-05:00,2025-11-07T21:51:09.780532-05:00,1.0013780000001589,True,,,,False,0.002236819200000184
1389,1390,2025-11-07T21:51:09.780532-05:00,2025-11-07T21:51:10.782119-05:00,1.0015869999999722,True,,,,False,0.004473638400000368
1390,1391,2025-11-07T21:51:10.782119-05:00,2025-11-07T21:51:11.783594-05:00,1.0014750000000276,True,,,,False,0.002236819200000184
1391,1392,2025-11-07T21:51:11.783594-05:00,2025-11-07T21:51:12.785162-05:00,1.0015679999999065,True,,,,False,0.002236819200000184
1392,1393,2025-11-07T21:51:12.785162-05:00,2025-11-07T21:51:13.786658-05:00,1.0014960000000883,True,,,,False,0.002236819200000184
1393,1394,2025-11-07T21:51:13.786658-05:00,2025-11-07T21:51:14.788143-05:00,1.0014850000000024,True,,,,False,0.004473638400000368
1394,1395,2025-11-07T21:51:14.788143-05:00,2025-11-07T21:51:15.789628-05:00,1.0014850000000024,True,,,,False,0.002236819200000184
1395,1396,2025-11-07T21:51:15.789628-05:00,2025-11-07T21:51:16.791184-05:00,1.0015559999999368,True,,,,False,0.002236819200000184
1396,1397,2025-11-07T21:51:16.791184-05:00,2025-11-07T21:51:17.792799-05:00,1.0016149999999016,True,,,,False,0.004473638400000368
1397,1398,2025-11-07T21:51:17.792799-05:00,2025-11-07T21:51:18.794223-05:00,1.0014240000000427,True,,,,False,0.002236819200000184
1398,1399,2025-11-07T21:51:18.794223-05:00,2025-11-07T21:51:19.795597-05:00,1.0013739999999416,True,,,,False,0.004473638400000368
1399,1400,2025-11-07T21:51:19.795597-05:00,2025-11-07T21:51:20.797022-05:00,1.0014250000001539,True,,,,False,0.002236819200000184
1400,1401,2025-11-07T21:51:20.797022-05:00,2025-11-07T21:51:21.798305-05:00,1.0012829999998303,True,,,,False,0.004473638400000368
1401,1402,2025-11-07T21:51:21.798305-05:00,2025-11-07T21:51:22.799649-05:00,1.0013440000000173,True,,,,False,0.004473638400000368
1402,1403,2025-11-07T21:51:22.799649-05:00,2025-11-07T21:51:23.800970-05:00,1.001321000000189,True,,,,False,0.002236819200000184
1403,1404,2025-11-07T21:51:23.800970-05:00,2025-11-07T21:51:24.802427-05:00,1.0014569999998457,True,,,,False,0.004473638400000368
1404,1405,2025-11-07T21:51:24.802427-05:00,2025-11-07T21:51:25.803857-05:00,1.0014300000000276,True,,,,False,0.002236819200000184
1405,1406,2025-11-07T21:51:25.803857-05:00,2025-11-07T21:51:26.805286-05:00,1.0014289999999164,True,,,,False,0.002236819200000184
1406,1407,2025-11-07T21:51:26.805286-05:00,2025-11-07T21:51:27.806817-05:00,1.0015310000001136,True,,,,False,0.002236819200000184
1407,1408,2025-11-07T21:51:27.806817-05:00,2025-11-07T21:51:28.808182-05:00,1.001365000000078,True,,,,False,0.002236819200000184
1408,1409,2025-11-07T21:51:28.808182-05:00,2025-11-07T21:51:29.809597-05:00,1.0014149999999518,True,,,,False,0.004473638400000368
1409,1410,2025-11-07T21:51:29.809597-05:00,2025-11-07T21:51:30.810953-05:00,1.001355999999987,True,,,,False,0.002236819200000184
1410,1411,2025-11-07T21:51:30.810953-05:00,2025-11-07T21:51:31.812381-05:00,1.0014280000000326,True,,,,False,0.004473638400000368
1411,1412,2025-11-07T21:51:31.812381-05:00,2025-11-07T21:51:32.813736-05:00,1.0013549999998759,True,,,,False,0.004473638400000368
1412,1413,2025-11-07T21:51:32.813736-05:00,2025-11-07T21:51:33.814995-05:00,1.0012590000001182,True,,,,False,0.006710457600000552
1413,1414,2025-11-07T21:51:33.814995-05:00,2025-11-07T21:51:34.816326-05:00,1.0013309999999365,True,,,,False,0.006710457600000552
1414,1415,2025-11-07T21:51:34.816326-05:00,2025-11-07T21:51:35.817812-05:00,1.0014860000001136,True,,,,False,0.008947276800000736
1415,1416,2025-11-07T21:51:35.817812-05:00,2025-11-07T21:51:36.819275-05:00,1.0014629999998306,True,,,,False,0.008947276800000736
1416,1417,2025-11-07T21:51:36.819275-05:00,2025-11-07T21:51:37.820787-05:00,1.001512000000048,True,,,,False,0.01118409600000092
1417,1418,2025-11-07T21:51:37.820787-05:00,2025-11-07T21:51:38.822489-05:00,1.001702000000023,True,,,,False,0.01118409600000092
1418,1419,2025-11-07T21:51:38.822489-05:00,2025-11-07T21:51:39.824191-05:00,1.001702000000023,True,,,,False,0.01118409600000092
1419,1420,2025-11-07T21:51:39.824191-05:00,2025-11-07T21:51:40.825836-05:00,1.0016450000000532,True,,,,False,0.01118409600000092
1420,1421,2025-11-07T21:51:40.825836-05:00,2025-11-07T21:51:41.827556-05:00,1.0017199999999775,True,,,,False,0.013420915200001104
1421,1422,2025-11-07T21:51:41.827556-05:00,2025-11-07T21:51:42.829078-05:00,1.0015220000000227,True,,,,False,0.008947276800000736
1422,1423,2025-11-07T21:51:42.829078-05:00,2025-11-07T21:51:43.830494-05:00,1.0014159999998355,True,,,,False,0.013420915200001104
1423,1424,2025-11-07T21:51:43.830494-05:00,2025-11-07T21:51:44.831967-05:00,1.0014730000000327,True,,,,False,0.01118409600000092
1424,1425,2025-11-07T21:51:44.831967-05:00,2025-11-07T21:51:45.833375-05:00,1.0014080000000831,True,,,,False,0.013420915200001104
1425,1426,2025-11-07T21:51:45.833375-05:00,2025-11-07T21:51:46.834745-05:00,1.0013699999999517,True,,,,False,0.01118409600000092
1426,1427,2025-11-07T21:51:46.834745-05:00,2025-11-07T21:51:47.836153-05:00,1.0014080000000831,True,,,,False,0.013420915200001104
1427,1428,2025-11-07T21:51:47.836153-05:00,2025-11-07T21:51:48.837651-05:00,1.001497999999856,True,,,,False,0.01118409600000092
1428,1429,2025-11-07T21:51:48.837651-05:00,2025-11-07T21:51:49.839074-05:00,1.001423000000159,True,,,,False,0.01118409600000092
1429,1430,2025-11-07T21:51:49.839074-05:00,2025-11-07T21:51:50.842204-05:00,1.0031299999998282,True,,,,False,0.008947276800000736
1430,1431,2025-11-07T21:51:50.842204-05:00,2025-11-07T21:51:51.843735-05:00,1.0015310000001136,True,,,,False,0.01118409600000092
1431,1432,2025-11-07T21:51:51.843735-05:00,2025-11-07T21:51:52.845313-05:00,1.0015779999998813,True,,,,False,0.006710457600000552
1432,1433,2025-11-07T21:51:52.845313-05:00,2025-11-07T21:51:53.846787-05:00,1.0014740000001439,True,,,,False,0.008947276800000736
1433,1434,2025-11-07T21:51:53.846787-05:00,2025-11-07T21:51:54.848253-05:00,1.0014659999999367,True,,,,False,0.006710457600000552
1434,1435,2025-11-07T21:51:54.848253-05:00,2025-11-07T21:51:55.849688-05:00,1.0014349999999013,True,,,,False,0.008947276800000736
1435,1436,2025-11-07T21:51:55.849688-05:00,2025-11-07T21:51:56.851181-05:00,1.0014930000002096,True,,,,False,0.008947276800000736
1436,1437,2025-11-07T21:51:56.851181-05:00,2025-11-07T21:51:57.853006-05:00,1.001824999999826,True,,,,False,0.006710457600000552
1437,1438,2025-11-07T21:51:57.853006-05:00,2025-11-07T21:51:58.854575-05:00,1.0015690000000177,True,,,,False,0.008947276800000736
1438,1439,2025-11-07T21:51:58.854575-05:00,2025-11-07T21:51:59.856083-05:00,1.001508000000058,True,,,,False,0.008947276800000736
1439,1440,2025-11-07T21:51:59.856083-05:00,2025-11-07T21:52:00.857191-05:00,1.001107999999931,True,,,,False,0.01118409600000092
1440,1441,2025-11-07T21:52:00.857191-05:00,2025-11-07T21:52:01.858439-05:00,1.0012480000000323,True,,,,False,0.008947276800000736
1441,1442,2025-11-07T21:52:01.858439-05:00,2025-11-07T21:52:02.859657-05:00,1.001218000000108,True,,,,False,0.008947276800000736
1442,1443,2025-11-07T21:52:02.859657-05:00,2025-11-07T21:52:03.861267-05:00,1.0016100000000279,True,,,,False,0.01118409600000092
1443,1444,2025-11-07T21:52:03.861267-05:00,2025-11-07T21:52:04.862835-05:00,1.0015679999999065,True,,,,False,0.008947276800000736
1444,1445,2025-11-07T21:52:04.862835-05:00,2025-11-07T21:52:05.864424-05:00,1.0015889999999672,True,,,,False,0.01118409600000092
1445,1446,2025-11-07T21:52:05.864424-05:00,2025-11-07T21:52:06.866074-05:00,1.0016499999999269,True,,,,False,0.008947276800000736
1446,1447,2025-11-07T21:52:06.866074-05:00,2025-11-07T21:52:07.867587-05:00,1.001513000000159,True,,,,False,0.01118409600000092
1447,1448,2025-11-07T21:52:07.867587-05:00,2025-11-07T21:52:08.869141-05:00,1.0015539999999419,True,,,,False,0.01118409600000092
1448,1449,2025-11-07T21:52:08.869141-05:00,2025-11-07T21:52:09.870678-05:00,1.0015370000000985,True,,,,False,0.008947276800000736
1449,1450,2025-11-07T21:52:09.870678-05:00,2025-11-07T21:52:10.872195-05:00,1.0015169999999216,True,,,,False,0.01118409600000092
1450,1451,2025-11-07T21:52:10.872195-05:00,2025-11-07T21:52:11.873573-05:00,1.0013779999999315,True,,,,False,0.01118409600000092
1451,1452,2025-11-07T21:52:11.873573-05:00,2025-11-07T21:52:12.874960-05:00,1.0013870000000225,True,,,,False,0.01118409600000092
1452,1453,2025-11-07T21:52:12.874960-05:00,2025-11-07T21:52:13.876408-05:00,1.0014479999999821,True,,,,False,0.008947276800000736
1453,1454,2025-11-07T21:52:13.876408-05:00,2025-11-07T21:52:14.877788-05:00,1.0013800000001538,True,,,,False,0.01118409600000092
1454,1455,2025-11-07T21:52:14.877788-05:00,2025-11-07T21:52:15.879170-05:00,1.0013819999999214,True,,,,False,0.008947276800000736
1455,1456,2025-11-07T21:52:15.879170-05:00,2025-11-07T21:52:16.880823-05:00,1.001653000000033,True,,,,False,0.01118409600000092
1456,1457,2025-11-07T21:52:16.880823-05:00,2025-11-07T21:52:17.882307-05:00,1.0014839999998912,True,,,,False,0.008947276800000736
1457,1458,2025-11-07T21:52:17.882307-05:00,2025-11-07T21:52:18.883979-05:00,1.0016720000000987,True,,,,False,0.01118409600000092
1458,1459,2025-11-07T21:52:18.883979-05:00,2025-11-07T21:52:19.885584-05:00,1.0016049999999268,True,,,,False,0.01118409600000092
1459,1460,2025-11-07T21:52:19.885584-05:00,2025-11-07T21:52:20.887079-05:00,1.0014949999999772,True,,,,False,0.01118409600000092
1460,1461,2025-11-07T21:52:20.887079-05:00,2025-11-07T21:52:21.888573-05:00,1.0014940000000934,True,,,,False,0.01118409600000092
1461,1462,2025-11-07T21:52:21.888573-05:00,2025-11-07T21:52:22.889973-05:00,1.001399999999876,True,,,,False,0.01118409600000092
1462,1463,2025-11-07T21:52:22.889973-05:00,2025-11-07T21:52:23.891614-05:00,1.0016410000000633,True,,,,False,0.01118409600000092
1463,1464,2025-11-07T21:52:23.891614-05:00,2025-11-07T21:52:24.892737-05:00,1.0011230000000069,True,,,,False,0.013420915200001104
1464,1465,2025-11-07T21:52:24.892737-05:00,2025-11-07T21:52:25.893861-05:00,1.0011239999998907,True,,,,False,0.01118409600000092
1465,1466,2025-11-07T21:52:25.893861-05:00,2025-11-07T21:52:26.895418-05:00,1.001557000000048,True,,,,False,0.013420915200001104
1466,1467,2025-11-07T21:52:26.895418-05:00,2025-11-07T21:52:27.896879-05:00,1.001461000000063,True,,,,False,0.01118409600000092
1467,1468,2025-11-07T21:52:27.896879-05:00,2025-11-07T21:52:28.898484-05:00,1.0016049999999268,True,,,,False,0.013420915200001104
1468,1469,2025-11-07T21:52:28.898484-05:00,2025-11-07T21:52:29.899999-05:00,1.001515000000154,True,,,,False,0.013420915200001104
1469,1470,2025-11-07T21:52:29.899999-05:00,2025-11-07T21:52:30.901798-05:00,1.0017989999998917,True,,,,False,0.01118409600000092
1470,1471,2025-11-07T21:52:30.901798-05:00,2025-11-07T21:52:31.903541-05:00,1.0017430000000331,True,,,,False,0.013420915200001104
1471,1472,2025-11-07T21:52:31.903541-05:00,2025-11-07T21:52:32.904897-05:00,1.001355999999987,True,,,,False,0.013420915200001104
1472,1473,2025-11-07T21:52:32.904897-05:00,2025-11-07T21:52:33.906273-05:00,1.0013759999999365,True,,,,False,0.013420915200001104
1473,1474,2025-11-07T21:52:33.906273-05:00,2025-11-07T21:52:34.907697-05:00,1.0014240000000427,True,,,,False,0.01118409600000092
1474,1475,2025-11-07T21:52:34.907697-05:00,2025-11-07T21:52:35.909078-05:00,1.0013810000000376,True,,,,False,0.01118409600000092
1475,1476,2025-11-07T21:52:35.909078-05:00,2025-11-07T21:52:36.910497-05:00,1.0014189999999417,True,,,,False,0.008947276800000736
1476,1477,2025-11-07T21:52:36.910497-05:00,2025-11-07T21:52:37.911909-05:00,1.001412000000073,True,,,,False,0.01118409600000092
1477,1478,2025-11-07T21:52:37.911909-05:00,2025-11-07T21:52:38.913251-05:00,1.0013420000000224,True,,,,False,0.01118409600000092
1478,1479,2025-11-07T21:52:38.913251-05:00,2025-11-07T21:52:39.914763-05:00,1.001512000000048,True,,,,False,0.01118409600000092
1479,1480,2025-11-07T21:52:39.914763-05:00,2025-11-07T21:52:40.916294-05:00,1.0015309999998863,True,,,,False,0.008947276800000736
1480,1481,2025-11-07T21:52:40.916294-05:00,2025-11-07T21:52:41.917737-05:00,1.0014430000001084,True,,,,False,0.008947276800000736
1481,1482,2025-11-07T21:52:41.917737-05:00,2025-11-07T21:52:42.919070-05:00,1.0013329999999314,True,,,,False,0.008947276800000736
1482,1483,2025-11-07T21:52:42.919070-05:00,2025-11-07T21:52:43.920537-05:00,1.0014670000000478,True,,,,False,0.008947276800000736
1483,1484,2025-11-07T21:52:43.920537-05:00,2025-11-07T21:52:44.921621-05:00,1.0010839999999916,True,,,,False,0.008947276800000736
1484,1485,2025-11-07T21:52:44.921621-05:00,2025-11-07T21:52:45.923142-05:00,1.0015209999999115,True,,,,False,0.01118409600000092
1485,1486,2025-11-07T21:52:45.923142-05:00,2025-11-07T21:52:46.924728-05:00,1.0015860000000885,True,,,,False,0.01118409600000092
1486,1487,2025-11-07T21:52:46.924728-05:00,2025-11-07T21:52:47.926357-05:00,1.0016289999998662,True,,,,False,0.008947276800000736
1487,1488,2025-11-07T21:52:47.926357-05:00,2025-11-07T21:52:48.927855-05:00,1.0014980000000833,True,,,,False,0.01118409600000092
1488,1489,2025-11-07T21:52:48.927855-05:00,2025-11-07T21:52:49.929219-05:00,1.0013639999999668,True,,,,False,0.01118409600000092
1489,1490,2025-11-07T21:52:49.929219-05:00,2025-11-07T21:52:50.930285-05:00,1.001066000000037,True,,,,False,0.01118409600000092
1490,1491,2025-11-07T21:52:50.930285-05:00,2025-11-07T21:52:51.931762-05:00,1.0014770000000226,True,,,,False,0.01118409600000092
1491,1492,2025-11-07T21:52:51.931762-05:00,2025-11-07T21:52:52.932957-05:00,1.0011950000000525,True,,,,False,0.01118409600000092
1492,1493,2025-11-07T21:52:52.932957-05:00,2025-11-07T21:52:53.934742-05:00,1.001784999999927,True,,,,False,0.008947276800000736
1493,1494,2025-11-07T21:52:53.934742-05:00,2025-11-07T21:52:54.936229-05:00,1.0014869999999974,True,,,,False,0.01118409600000092
1494,1495,2025-11-07T21:52:54.936229-05:00,2025-11-07T21:52:55.937773-05:00,1.0015439999999671,True,,,,False,0.01118409600000092
1495,1496,2025-11-07T21:52:55.937773-05:00,2025-11-07T21:52:56.939311-05:00,1.0015379999999823,True,,,,False,0.01118409600000092
1496,1497,2025-11-07T21:52:56.939311-05:00,2025-11-07T21:52:57.940899-05:00,1.0015880000000834,True,,,,False,0.008947276800000736
1497,1498,2025-11-07T21:52:57.940899-05:00,2025-11-07T21:52:58.944630-05:00,1.0037310000000161,True,,,,False,0.01118409600000092
1498,1499,2025-11-07T21:52:58.944630-05:00,2025-11-07T21:52:59.946160-05:00,1.0015300000000025,True,,,,False,0.008947276800000736
1499,1500,2025-11-07T21:52:59.946160-05:00,2025-11-07T21:53:00.947523-05:00,1.0013629999998557,True,,,,False,0.01118409600000092
1500,1501,2025-11-07T21:53:00.947523-05:00,2025-11-07T21:53:01.949035-05:00,1.001512000000048,True,,,,False,0.01118409600000092
1501,1502,2025-11-07T21:53:01.949035-05:00,2025-11-07T21:53:02.950533-05:00,1.0014980000000833,True,,,,False,0.008947276800000736
1502,1503,2025-11-07T21:53:02.950533-05:00,2025-11-07T21:53:03.951677-05:00,1.0011439999998402,True,,,,False,0.01118409600000092
1503,1504,2025-11-07T21:53:03.951677-05:00,2025-11-07T21:53:04.952946-05:00,1.001269000000093,True,,,,False,0.01118409600000092
1504,1505,2025-11-07T21:53:04.952946-05:00,2025-11-07T21:53:05.954442-05:00,1.0014960000000883,True,,,,False,0.008947276800000736
1505,1506,2025-11-07T21:53:05.954442-05:00,2025-11-07T21:53:06.955848-05:00,1.0014059999998608,True,,,,False,0.01118409600000092
1506,1507,2025-11-07T21:53:06.955848-05:00,2025-11-07T21:53:07.957349-05:00,1.001500999999962,True,,,,False,0.01118409600000092
1507,1508,2025-11-07T21:53:07.957349-05:00,2025-11-07T21:53:08.958757-05:00,1.0014080000000831,True,,,,False,0.008947276800000736
1508,1509,2025-11-07T21:53:08.958757-05:00,2025-11-07T21:53:09.959954-05:00,1.0011970000000474,True,,,,False,0.008947276800000736
1509,1510,2025-11-07T21:53:09.959954-05:00,2025-11-07T21:53:10.961164-05:00,1.001209999999901,True,,,,False,0.01118409600000092
1510,1511,2025-11-07T21:53:10.961164-05:00,2025-11-07T21:53:11.962707-05:00,1.0015430000000833,True,,,,False,0.01118409600000092
1511,1512,2025-11-07T21:53:11.962707-05:00,2025-11-07T21:53:12.964294-05:00,1.0015869999999722,True,,,,False,0.008947276800000736
1512,1513,2025-11-07T21:53:12.964294-05:00,2025-11-07T21:53:13.965908-05:00,1.0016140000000178,True,,,,False,0.01118409600000092
1513,1514,2025-11-07T21:53:13.965908-05:00,2025-11-07T21:53:14.967450-05:00,1.0015419999999722,True,,,,False,0.01118409600000092
1514,1515,2025-11-07T21:53:14.967450-05:00,2025-11-07T21:53:15.968637-05:00,1.0011870000000727,True,,,,False,0.008947276800000736
1515,1516,2025-11-07T21:53:15.968637-05:00,2025-11-07T21:53:16.969850-05:00,1.001213000000007,True,,,,False,0.01118409600000092
1516,1517,2025-11-07T21:53:16.969850-05:00,2025-11-07T21:53:17.971238-05:00,1.0013879999999062,True,,,,False,0.01118409600000092
1517,1518,2025-11-07T21:53:17.971238-05:00,2025-11-07T21:53:18.972628-05:00,1.0013900000001286,True,,,,False,0.01118409600000092
1518,1519,2025-11-07T21:53:18.972628-05:00,2025-11-07T21:53:19.973863-05:00,1.0012349999999515,True,,,,False,0.01118409600000092
1519,1520,2025-11-07T21:53:19.973863-05:00,2025-11-07T21:53:20.975033-05:00,1.001170000000002,True,,,,False,0.01118409600000092
1520,1521,2025-11-07T21:53:20.975033-05:00,2025-11-07T21:53:21.976251-05:00,1.0012179999998807,True,,,,False,0.01118409600000092
1521,1522,2025-11-07T21:53:21.976251-05:00,2025-11-07T21:53:22.978042-05:00,1.0017910000001393,True,,,,False,0.01118409600000092
1522,1523,2025-11-07T21:53:22.978042-05:00,2025-11-07T21:53:23.979631-05:00,1.0015889999999672,True,,,,False,0.01118409600000092
1523,1524,2025-11-07T21:53:23.979631-05:00,2025-11-07T21:53:24.981398-05:00,1.0017669999999725,True,,,,False,0.013420915200001104
1524,1525,2025-11-07T21:53:24.981398-05:00,2025-11-07T21:53:25.982851-05:00,1.0014530000000832,True,,,,False,0.01118409600000092
1525,1526,2025-11-07T21:53:25.982851-05:00,2025-11-07T21:53:26.984071-05:00,1.0012199999998757,True,,,,False,0.01118409600000092
1526,1527,2025-11-07T21:53:26.984071-05:00,2025-11-07T21:53:27.985877-05:00,1.0018059999999878,True,,,,False,0.01118409600000092
1527,1528,2025-11-07T21:53:27.985877-05:00,2025-11-07T21:53:28.987004-05:00,1.0011269999999968,True,,,,False,0.013420915200001104
1528,1529,2025-11-07T21:53:28.987004-05:00,2025-11-07T21:53:29.988091-05:00,1.0010870000000978,True,,,,False,0.01118409600000092
1529,1530,2025-11-07T21:53:29.988091-05:00,2025-11-07T21:53:30.989465-05:00,1.0013739999999416,True,,,,False,0.013420915200001104
1530,1531,2025-11-07T21:53:30.989465-05:00,2025-11-07T21:53:31.990905-05:00,1.0014400000000023,True,,,,False,0.013420915200001104
1531,1532,2025-11-07T21:53:31.990905-05:00,2025-11-07T21:53:32.992309-05:00,1.0014040000000932,True,,,,False,0.01118409600000092
1532,1533,2025-11-07T21:53:32.992309-05:00,2025-11-07T21:53:33.993697-05:00,1.0013879999999062,True,,,,False,0.013420915200001104
1533,1534,2025-11-07T21:53:33.993697-05:00,2025-11-07T21:53:34.995058-05:00,1.001361000000088,True,,,,False,0.013420915200001104
1534,1535,2025-11-07T21:53:34.995058-05:00,2025-11-07T21:53:35.996440-05:00,1.0013819999999214,True,,,,False,0.013420915200001104
1535,1536,2025-11-07T21:53:35.996440-05:00,2025-11-07T21:53:36.997811-05:00,1.0013710000000628,True,,,,False,0.013420915200001104
1536,1537,2025-11-07T21:53:36.997811-05:00,2025-11-07T21:53:37.999195-05:00,1.0013839999999163,True,,,,False,0.013420915200001104
1537,1538,2025-11-07T21:53:37.999195-05:00,2025-11-07T21:53:39.000596-05:00,1.001400999999987,True,,,,False,0.013420915200001104
1538,1539,2025-11-07T21:53:39.000596-05:00,2025-11-07T21:53:40.002006-05:00,1.001410000000078,True,,,,False,0.01118409600000092
1539,1540,2025-11-07T21:53:40.002006-05:00,2025-11-07T21:53:41.003378-05:00,1.0013719999999466,True,,,,False,0.013420915200004657
1540,1541,2025-11-07T21:53:41.003378-05:00,2025-11-07T21:53:42.004759-05:00,1.0013810000000376,True,,,,False,0.01118409600000092
1541,1542,2025-11-07T21:53:42.004759-05:00,2025-11-07T21:53:43.006183-05:00,1.0014240000000427,True,,,,False,0.011184095999997368
1542,1543,2025-11-07T21:53:43.006183-05:00,2025-11-07T21:53:44.007662-05:00,1.0014790000000175,True,,,,False,0.008947276800004289
1543,1544,2025-11-07T21:53:44.007662-05:00,2025-11-07T21:53:45.009076-05:00,1.0014139999998406,True,,,,False,0.008947276800000736
1544,1545,2025-11-07T21:53:45.009076-05:00,2025-11-07T21:53:46.010457-05:00,1.0013810000000376,True,,,,False,0.006710457600000552
1545,1546,2025-11-07T21:53:46.010457-05:00,2025-11-07T21:53:47.011976-05:00,1.001519000000144,True,,,,False,0.008947276800000736
1546,1547,2025-11-07T21:53:47.011976-05:00,2025-11-07T21:53:48.013378-05:00,1.001401999999871,True,,,,False,0.008947276799997184
1547,1548,2025-11-07T21:53:48.013378-05:00,2025-11-07T21:53:49.014725-05:00,1.0013470000001234,True,,,,False,0.006710457600000552
1548,1549,2025-11-07T21:53:49.014725-05:00,2025-11-07T21:53:50.016035-05:00,1.0013099999998758,True,,,,False,0.008947276800000736
1549,1550,2025-11-07T21:53:50.016035-05:00,2025-11-07T21:53:51.017382-05:00,1.0013470000001234,True,,,,False,0.008947276800000736
1550,1551,2025-11-07T21:53:51.017382-05:00,2025-11-07T21:53:52.018727-05:00,1.0013449999999011,True,,,,False,0.008947276800000736
1551,1552,2025-11-07T21:53:52.018727-05:00,2025-11-07T21:53:53.020599-05:00,1.0018720000000485,True,,,,False,0.008947276799997184
1552,1553,2025-11-07T21:53:53.020599-05:00,2025-11-07T21:53:54.022149-05:00,1.001549999999952,True,,,,False,0.011184096000004473
1553,1554,2025-11-07T21:53:54.022149-05:00,2025-11-07T21:53:55.025321-05:00,1.0031719999999495,True,,,,False,0.008947276800000736
1554,1555,2025-11-07T21:53:55.025321-05:00,2025-11-07T21:53:56.030368-05:00,1.0050470000001042,True,,,,False,0.008947276800000736
1555,1556,2025-11-07T21:53:56.030368-05:00,2025-11-07T21:53:57.031891-05:00,1.0015229999999065,True,,,,False,0.01118409600000092
1556,1557,2025-11-07T21:53:57.031891-05:00,2025-11-07T21:53:58.033426-05:00,1.0015350000001035,True,,,,False,0.008947276800004289
1557,1558,2025-11-07T21:53:58.033426-05:00,2025-11-07T21:53:59.034910-05:00,1.0014839999998912,True,,,,False,0.011184095999997368
1558,1559,2025-11-07T21:53:59.034910-05:00,2025-11-07T21:54:00.036456-05:00,1.001545999999962,True,,,,False,0.01118409600000092
1559,1560,2025-11-07T21:54:00.036456-05:00,2025-11-07T21:54:01.037990-05:00,1.0015339999999924,True,,,,False,0.008947276800000736
1560,1561,2025-11-07T21:54:01.037990-05:00,2025-11-07T21:54:02.039570-05:00,1.0015800000001036,True,,,,False,0.01118409600000092
1561,1562,2025-11-07T21:54:02.039570-05:00,2025-11-07T21:54:03.041028-05:00,1.0014579999999569,True,,,,False,0.01118409600000092
1562,1563,2025-11-07T21:54:03.041028-05:00,2025-11-07T21:54:04.042272-05:00,1.0012440000000424,True,,,,False,0.01118409600000092
1563,1564,2025-11-07T21:54:04.042272-05:00,2025-11-07T21:54:05.043472-05:00,1.0011999999999261,True,,,,False,0.008947276799997184
1564,1565,2025-11-07T21:54:05.043472-05:00,2025-11-07T21:54:06.044781-05:00,1.001308999999992,True,,,,False,0.011184096000004473
1565,1566,2025-11-07T21:54:06.044781-05:00,2025-11-07T21:54:07.046184-05:00,1.001402999999982,True,,,,False,0.008947276799997184
1566,1567,2025-11-07T21:54:07.046184-05:00,2025-11-07T21:54:08.047516-05:00,1.0013320000000476,True,,,,False,0.01118409600000092
1567,1568,2025-11-07T21:54:08.047516-05:00,2025-11-07T21:54:09.048664-05:00,1.0011480000000574,True,,,,False,0.008947276800004289
1568,1569,2025-11-07T21:54:09.048664-05:00,2025-11-07T21:54:10.050261-05:00,1.001596999999947,True,,,,False,0.01118409600000092
1569,1570,2025-11-07T21:54:10.050261-05:00,2025-11-07T21:54:11.051800-05:00,1.0015390000000934,True,,,,False,0.008947276800000736
1570,1571,2025-11-07T21:54:11.051800-05:00,2025-11-07T21:54:12.052908-05:00,1.001107999999931,True,,,,False,0.011184095999997368
1571,1572,2025-11-07T21:54:12.052908-05:00,2025-11-07T21:54:13.054055-05:00,1.0011469999999463,True,,,,False,0.011184096000004473
1572,1573,2025-11-07T21:54:13.054055-05:00,2025-11-07T21:54:14.055192-05:00,1.0011369999999715,True,,,,False,0.01118409600000092
1573,1574,2025-11-07T21:54:14.055192-05:00,2025-11-07T21:54:15.056365-05:00,1.001173000000108,True,,,,False,0.01118409600000092
1574,1575,2025-11-07T21:54:15.056365-05:00,2025-11-07T21:54:16.058146-05:00,1.0017809999999372,True,,,,False,0.011184096000004473
1575,1576,2025-11-07T21:54:16.058146-05:00,2025-11-07T21:54:17.059304-05:00,1.0011580000000322,True,,,,False,0.011184095999997368
1576,1577,2025-11-07T21:54:17.059304-05:00,2025-11-07T21:54:18.060917-05:00,1.0016129999999066,True,,,,False,0.013420915200001104
1577,1578,2025-11-07T21:54:18.060917-05:00,2025-11-07T21:54:19.062481-05:00,1.001564000000144,True,,,,False,0.01118409600000092
1578,1579,2025-11-07T21:54:19.062481-05:00,2025-11-07T21:54:20.063918-05:00,1.0014369999998962,True,,,,False,0.013420915199997552
1579,1580,2025-11-07T21:54:20.063918-05:00,2025-11-07T21:54:21.065305-05:00,1.0013870000000225,True,,,,False,0.011184096000004473
1580,1581,2025-11-07T21:54:21.065305-05:00,2025-11-07T21:54:22.066835-05:00,1.0015300000000025,True,,,,False,0.013420915200001104
1581,1582,2025-11-07T21:54:22.066835-05:00,2025-11-07T21:54:23.068274-05:00,1.0014390000001185,True,,,,False,0.013420915200001104
1582,1583,2025-11-07T21:54:23.068274-05:00,2025-11-07T21:54:24.069743-05:00,1.0014689999998154,True,,,,False,0.01118409600000092
1583,1584,2025-11-07T21:54:24.069743-05:00,2025-11-07T21:54:25.071240-05:00,1.0014970000001995,True,,,,False,0.013420915200001104
1584,1585,2025-11-07T21:54:25.071240-05:00,2025-11-07T21:54:26.072785-05:00,1.001544999999851,True,,,,False,0.01118409600000092
1585,1586,2025-11-07T21:54:26.072785-05:00,2025-11-07T21:54:27.074293-05:00,1.001508000000058,True,,,,False,0.011184096000004473
1586,1587,2025-11-07T21:54:27.074293-05:00,2025-11-07T21:54:28.075735-05:00,1.0014419999999973,True,,,,False,0.008947276800000736
1587,1588,2025-11-07T21:54:28.075735-05:00,2025-11-07T21:54:29.078938-05:00,1.003202999999985,True,,,,False,0.011184095999997368
1588,1589,2025-11-07T21:54:29.078938-05:00,2025-11-07T21:54:30.080469-05:00,1.0015310000001136,True,,,,False,0.008947276800000736
1589,1590,2025-11-07T21:54:30.080469-05:00,2025-11-07T21:54:31.082143-05:00,1.0016739999998663,True,,,,False,0.011184096000004473
1590,1591,2025-11-07T21:54:31.082143-05:00,2025-11-07T21:54:32.083811-05:00,1.0016680000001088,True,,,,False,0.008947276800000736
1591,1592,2025-11-07T21:54:32.083811-05:00,2025-11-07T21:54:33.085494-05:00,1.0016829999999572,True,,,,False,0.008947276800000736
1592,1593,2025-11-07T21:54:33.085494-05:00,2025-11-07T21:54:34.087021-05:00,1.0015269999998964,True,,,,False,0.008947276799997184
1593,1594,2025-11-07T21:54:34.087021-05:00,2025-11-07T21:54:35.088502-05:00,1.0014810000000125,True,,,,False,0.006710457600000552
1594,1595,2025-11-07T21:54:35.088502-05:00,2025-11-07T21:54:36.090002-05:00,1.0015000000000782,True,,,,False,0.006710457600000552
1595,1596,2025-11-07T21:54:36.090002-05:00,2025-11-07T21:54:37.091641-05:00,1.0016390000000683,True,,,,False,0.006710457600000552
1596,1597,2025-11-07T21:54:37.091641-05:00,2025-11-07T21:54:38.093098-05:00,1.0014569999998457,True,,,,False,0.008947276800000736
1597,1598,2025-11-07T21:54:38.093098-05:00,2025-11-07T21:54:39.094540-05:00,1.0014419999999973,True,,,,False,0.008947276800000736
1598,1599,2025-11-07T21:54:39.094540-05:00,2025-11-07T21:54:40.096032-05:00,1.0014920000000984,True,,,,False,0.008947276799997184
1599,1600,2025-11-07T21:54:40.096032-05:00,2025-11-07T21:54:41.097478-05:00,1.0014459999999872,True,,,,False,0.008947276800004289
1600,1601,2025-11-07T21:54:41.097478-05:00,2025-11-07T21:54:42.098918-05:00,1.0014400000000023,True,,,,False,0.01118409600000092
1601,1602,2025-11-07T21:54:42.098918-05:00,2025-11-07T21:54:43.100327-05:00,1.001408999999967,True,,,,False,0.01118409600000092
1602,1603,2025-11-07T21:54:43.100327-05:00,2025-11-07T21:54:44.101876-05:00,1.0015490000000682,True,,,,False,0.008947276800004289
1603,1604,2025-11-07T21:54:44.101876-05:00,2025-11-07T21:54:45.103367-05:00,1.0014909999999873,True,,,,False,0.011184095999997368
1604,1605,2025-11-07T21:54:45.103367-05:00,2025-11-07T21:54:46.104728-05:00,1.0013609999998607,True,,,,False,0.01118409600000092
1605,1606,2025-11-07T21:54:46.104728-05:00,2025-11-07T21:54:47.106048-05:00,1.001320000000078,True,,,,False,0.008947276800000736
1606,1607,2025-11-07T21:54:47.106048-05:00,2025-11-07T21:54:48.107814-05:00,1.0017660000000888,True,,,,False,0.01118409600000092
1607,1608,2025-11-07T21:54:48.107814-05:00,2025-11-07T21:54:49.109518-05:00,1.001704000000018,True,,,,False,0.01118409600000092
1608,1609,2025-11-07T21:54:49.109518-05:00,2025-11-07T21:54:50.111063-05:00,1.001544999999851,True,,,,False,0.008947276800000736
1609,1610,2025-11-07T21:54:50.111063-05:00,2025-11-07T21:54:51.112585-05:00,1.0015220000000227,True,,,,False,0.01118409600000092
1610,1611,2025-11-07T21:54:51.112585-05:00,2025-11-07T21:54:52.114094-05:00,1.0015089999999418,True,,,,False,0.01118409600000092
1611,1612,2025-11-07T21:54:52.114094-05:00,2025-11-07T21:54:53.115672-05:00,1.0015780000001087,True,,,,False,0.008947276800000736
1612,1613,2025-11-07T21:54:53.115672-05:00,2025-11-07T21:54:54.117183-05:00,1.0015109999999368,True,,,,False,0.011184095999997368
1613,1614,2025-11-07T21:54:54.117183-05:00,2025-11-07T21:54:55.118877-05:00,1.0016940000000432,True,,,,False,0.008947276800000736
1614,1615,2025-11-07T21:54:55.118877-05:00,2025-11-07T21:54:56.120341-05:00,1.0014639999999417,True,,,,False,0.011184096000004473
1615,1616,2025-11-07T21:54:56.120341-05:00,2025-11-07T21:54:57.121868-05:00,1.0015270000001237,True,,,,False,0.01118409600000092
1616,1617,2025-11-07T21:54:57.121868-05:00,2025-11-07T21:54:58.123348-05:00,1.0014799999999013,True,,,,False,0.008947276800000736
1617,1618,2025-11-07T21:54:58.123348-05:00,2025-11-07T21:54:59.124704-05:00,1.001355999999987,True,,,,False,0.01118409600000092
1618,1619,2025-11-07T21:54:59.124704-05:00,2025-11-07T21:55:00.125941-05:00,1.0012370000001738,True,,,,False,0.01118409600000092
1619,1620,2025-11-07T21:55:00.125941-05:00,2025-11-07T21:55:01.127495-05:00,1.0015539999999419,True,,,,False,0.008947276800000736
1620,1621,2025-11-07T21:55:01.127495-05:00,2025-11-07T21:55:02.128996-05:00,1.001500999999962,True,,,,False,0.01118409600000092
1621,1622,2025-11-07T21:55:02.128996-05:00,2025-11-07T21:55:03.130518-05:00,1.0015220000000227,True,,,,False,0.011184096000004473
1622,1623,2025-11-07T21:55:03.130518-05:00,2025-11-07T21:55:04.132040-05:00,1.0015220000000227,True,,,,False,0.008947276799997184
1623,1624,2025-11-07T21:55:04.132040-05:00,2025-11-07T21:55:05.138335-05:00,1.0062949999999091,True,,,,False,0.01118409600000092
1624,1625,2025-11-07T21:55:05.138335-05:00,2025-11-07T21:55:06.139905-05:00,1.0015700000001289,True,,,,False,0.01118409600000092
1625,1626,2025-11-07T21:55:06.139905-05:00,2025-11-07T21:55:07.141502-05:00,1.001596999999947,True,,,,False,0.008947276800000736
1626,1627,2025-11-07T21:55:07.141502-05:00,2025-11-07T21:55:08.143003-05:00,1.001500999999962,True,,,,False,0.011184095999997368
1627,1628,2025-11-07T21:55:08.143003-05:00,2025-11-07T21:55:09.144462-05:00,1.001459000000068,True,,,,False,0.011184096000004473
1628,1629,2025-11-07T21:55:09.144462-05:00,2025-11-07T21:55:10.145719-05:00,1.001256999999896,True,,,,False,0.01118409600000092
1629,1630,2025-11-07T21:55:10.145719-05:00,2025-11-07T21:55:11.147052-05:00,1.0013329999999314,True,,,,False,0.008947276800000736
1630,1631,2025-11-07T21:55:11.147052-05:00,2025-11-07T21:55:12.148471-05:00,1.001419000000169,True,,,,False,0.008947276800000736
1631,1632,2025-11-07T21:55:12.148471-05:00,2025-11-07T21:55:13.149612-05:00,1.0011409999999614,True,,,,False,0.006710457600000552
1632,1633,2025-11-07T21:55:13.149612-05:00,2025-11-07T21:55:14.150774-05:00,1.001162000000022,True,,,,False,0.004473638400000368
1633,1634,2025-11-07T21:55:14.150774-05:00,2025-11-07T21:55:15.152666-05:00,1.001891999999998,True,,,,False,0.004473638400000368
1634,1635,2025-11-07T21:55:15.152666-05:00,2025-11-07T21:55:16.154083-05:00,1.0014169999999467,True,,,,False,0.004473638400000368
1635,1636,2025-11-07T21:55:16.154083-05:00,2025-11-07T21:55:17.155622-05:00,1.0015390000000934,True,,,,False,0.002236819200000184
1636,1637,2025-11-07T21:55:17.155622-05:00,2025-11-07T21:55:18.157113-05:00,1.0014909999999873,True,,,,False,0.002236819200000184
1637,1638,2025-11-07T21:55:18.157113-05:00,2025-11-07T21:55:19.158555-05:00,1.0014419999999973,True,,,,False,0.002236819200000184
1638,1639,2025-11-07T21:55:19.158555-05:00,2025-11-07T21:55:20.159938-05:00,1.0013830000000326,True,,,,False,0.002236819200000184
1639,1640,2025-11-07T21:55:20.159938-05:00,2025-11-07T21:55:21.161400-05:00,1.0014619999999468,True,,,,False,0.002236819200000184
1640,1641,2025-11-07T21:55:21.161400-05:00,2025-11-07T21:55:22.162729-05:00,1.0013289999999415,True,,,,False,0.004473638400000368
1641,1642,2025-11-07T21:55:22.162729-05:00,2025-11-07T21:55:23.164461-05:00,1.0017319999999472,True,,,,False,0.002236819200003737
1642,1643,2025-11-07T21:55:23.164461-05:00,2025-11-07T21:55:24.165929-05:00,1.001468000000159,True,,,,False,0.004473638400000368
1643,1644,2025-11-07T21:55:24.165929-05:00,2025-11-07T21:55:25.167346-05:00,1.0014169999999467,True,,,,False,0.004473638400000368
1644,1645,2025-11-07T21:55:25.167346-05:00,2025-11-07T21:55:26.169034-05:00,1.0016880000000583,True,,,,False,0.002236819200000184
1645,1646,2025-11-07T21:55:26.169034-05:00,2025-11-07T21:55:27.170657-05:00,1.0016229999998814,True,,,,False,0.004473638400000368
1646,1647,2025-11-07T21:55:27.170657-05:00,2025-11-07T21:55:28.172474-05:00,1.0018170000000737,True,,,,False,0.0044736383999968155
1647,1648,2025-11-07T21:55:28.172474-05:00,2025-11-07T21:55:29.174103-05:00,1.0016289999998662,True,,,,False,0.004473638400000368
1648,1649,2025-11-07T21:55:29.174103-05:00,2025-11-07T21:55:30.175454-05:00,1.0013510000001133,True,,,,False,0.006710457600000552
1649,1650,2025-11-07T21:55:30.175454-05:00,2025-11-07T21:55:31.177118-05:00,1.0016639999998915,True,,,,False,0.004473638400003921
1650,1651,2025-11-07T21:55:31.177118-05:00,2025-11-07T21:55:32.178570-05:00,1.001451999999972,True,,,,False,0.004473638400000368
1651,1652,2025-11-07T21:55:32.178570-05:00,2025-11-07T21:55:33.180103-05:00,1.0015330000001086,True,,,,False,0.004473638400000368
1652,1653,2025-11-07T21:55:33.180103-05:00,2025-11-07T21:55:34.181603-05:00,1.0015000000000782,True,,,,False,0.004473638400000368
1653,1654,2025-11-07T21:55:34.181603-05:00,2025-11-07T21:55:35.182963-05:00,1.001359999999977,True,,,,False,0.004473638400000368
1654,1655,2025-11-07T21:55:35.182963-05:00,2025-11-07T21:55:36.184520-05:00,1.0015569999998206,True,,,,False,0.004473638400000368
1655,1656,2025-11-07T21:55:36.184520-05:00,2025-11-07T21:55:37.186072-05:00,1.0015520000001743,True,,,,False,0.002236819200000184
1656,1657,2025-11-07T21:55:37.186072-05:00,2025-11-07T21:55:38.187457-05:00,1.0013850000000275,True,,,,False,0.004473638400000368
1657,1658,2025-11-07T21:55:38.187457-05:00,2025-11-07T21:55:39.188891-05:00,1.00143399999979,True,,,,False,0.002236819200000184
1658,1659,2025-11-07T21:55:39.188891-05:00,2025-11-07T21:55:40.190466-05:00,1.0015750000000025,True,,,,False,0.0022368191999966314
1659,1660,2025-11-07T21:55:40.190466-05:00,2025-11-07T21:55:41.192032-05:00,1.001566000000139,True,,,,False,0.0
1660,1661,2025-11-07T21:55:41.192032-05:00,2025-11-07T21:55:42.193475-05:00,1.001442999999881,True,,,,False,0.0
1661,1662,2025-11-07T21:55:42.193475-05:00,2025-11-07T21:55:43.194948-05:00,1.0014730000000327,True,,,,False,0.0
1662,1663,2025-11-07T21:55:43.194948-05:00,2025-11-07T21:55:44.196463-05:00,1.001515000000154,True,,,,False,0.004473638400000368
1663,1664,2025-11-07T21:55:44.196463-05:00,2025-11-07T21:55:45.197959-05:00,1.001495999999861,True,,,,False,0.0
1664,1665,2025-11-07T21:55:45.197959-05:00,2025-11-07T21:55:46.199326-05:00,1.001367000000073,True,,,,False,0.002236819200000184
1665,1666,2025-11-07T21:55:46.199326-05:00,2025-11-07T21:55:47.200757-05:00,1.0014309999999114,True,,,,False,0.002236819200000184
1666,1667,2025-11-07T21:55:47.200757-05:00,2025-11-07T21:55:48.202335-05:00,1.0015780000001087,True,,,,False,0.002236819200000184
1667,1668,2025-11-07T21:55:48.202335-05:00,2025-11-07T21:55:49.203894-05:00,1.001559000000043,True,,,,False,0.002236819200000184
1668,1669,2025-11-07T21:55:49.203894-05:00,2025-11-07T21:55:50.205520-05:00,1.0016259999999875,True,,,,False,0.0
1669,1670,2025-11-07T21:55:50.205520-05:00,2025-11-07T21:55:51.206893-05:00,1.0013729999998304,True,,,,False,0.002236819200000184
1670,1671,2025-11-07T21:55:51.206893-05:00,2025-11-07T21:55:52.208457-05:00,1.001564000000144,True,,,,False,0.0
1671,1672,2025-11-07T21:55:52.208457-05:00,2025-11-07T21:55:53.209984-05:00,1.0015269999998964,True,,,,False,0.0
1672,1673,2025-11-07T21:55:53.209984-05:00,2025-11-07T21:55:54.211577-05:00,1.001592999999957,True,,,,False,0.0
1673,1674,2025-11-07T21:55:54.211577-05:00,2025-11-07T21:55:55.213201-05:00,1.0016239999999925,True,,,,False,0.0
1674,1675,2025-11-07T21:55:55.213201-05:00,2025-11-07T21:55:56.214711-05:00,1.001510000000053,True,,,,False,0.0
1675,1676,2025-11-07T21:55:56.214711-05:00,2025-11-07T21:55:57.216158-05:00,1.0014470000000983,True,,,,False,0.0
1676,1677,2025-11-07T21:55:57.216158-05:00,2025-11-07T21:55:58.217613-05:00,1.0014549999998508,True,,,,False,0.0
1677,1678,2025-11-07T21:55:58.217613-05:00,2025-11-07T21:55:59.219063-05:00,1.0014500000002045,True,,,,False,0.0
1678,1679,2025-11-07T21:55:59.219063-05:00,2025-11-07T21:56:00.220606-05:00,1.001542999999856,True,,,,False,0.0
1679,1680,2025-11-07T21:56:00.220606-05:00,2025-11-07T21:56:01.222226-05:00,1.0016200000000026,True,,,,False,0.0
1680,1681,2025-11-07T21:56:01.222226-05:00,2025-11-07T21:56:02.223611-05:00,1.0013850000000275,True,,,,False,0.0
1681,1682,2025-11-07T21:56:02.223611-05:00,2025-11-07T21:56:03.224961-05:00,1.0013500000000022,True,,,,False,0.0
1682,1683,2025-11-07T21:56:03.224961-05:00,2025-11-07T21:56:04.226376-05:00,1.0014149999999518,True,,,,False,0.0
1683,1684,2025-11-07T21:56:04.226376-05:00,2025-11-07T21:56:05.227993-05:00,1.0016170000001239,True,,,,False,0.0
1684,1685,2025-11-07T21:56:05.227993-05:00,2025-11-07T21:56:06.229417-05:00,1.0014239999998154,True,,,,False,0.0
1685,1686,2025-11-07T21:56:06.229417-05:00,2025-11-07T21:56:07.231047-05:00,1.0016300000002047,True,,,,False,0.0
1686,1687,2025-11-07T21:56:07.231047-05:00,2025-11-07T21:56:08.232228-05:00,1.0011809999998604,True,,,,False,0.0
1687,1688,2025-11-07T21:56:08.232228-05:00,2025-11-07T21:56:09.233363-05:00,1.0011349999999766,True,,,,False,0.0
1688,1689,2025-11-07T21:56:09.233363-05:00,2025-11-07T21:56:10.234783-05:00,1.0014200000000528,True,,,,False,0.0
1689,1690,2025-11-07T21:56:10.234783-05:00,2025-11-07T21:56:11.236510-05:00,1.0017270000000735,True,,,,False,0.0
1690,1691,2025-11-07T21:56:11.236510-05:00,2025-11-07T21:56:12.239099-05:00,1.0025889999999436,True,,,,False,0.0
1691,1692,2025-11-07T21:56:12.239099-05:00,2025-11-07T21:56:13.245821-05:00,1.0067220000000816,True,,,,False,0.0
1692,1693,2025-11-07T21:56:13.245821-05:00,2025-11-07T21:56:14.247120-05:00,1.0012990000000173,True,,,,False,0.0
1693,1694,2025-11-07T21:56:14.247120-05:00,2025-11-07T21:56:15.248270-05:00,1.001149999999825,True,,,,False,0.0
1694,1695,2025-11-07T21:56:15.248270-05:00,2025-11-07T21:56:16.250091-05:00,1.0018210000000636,True,,,,False,0.0
1695,1696,2025-11-07T21:56:16.250091-05:00,2025-11-07T21:56:17.251573-05:00,1.0014820000001237,True,,,,False,0.002236819200000184
1696,1697,2025-11-07T21:56:17.251573-05:00,2025-11-07T21:56:18.252649-05:00,1.0010759999997845,True,,,,False,0.0
1697,1698,2025-11-07T21:56:18.252649-05:00,2025-11-07T21:56:19.253668-05:00,1.001019000000042,True,,,,False,0.0
1698,1699,2025-11-07T21:56:19.253668-05:00,2025-11-07T21:56:20.255438-05:00,1.0017700000000787,True,,,,False,0.002236819200000184
1699,1700,2025-11-07T21:56:20.255438-05:00,2025-11-07T21:56:21.256563-05:00,1.0011250000000018,True,,,,False,0.0
1700,1701,2025-11-07T21:56:21.256563-05:00,2025-11-07T21:56:22.257648-05:00,1.0010849999998754,True,,,,False,0.0
1701,1702,2025-11-07T21:56:22.257648-05:00,2025-11-07T21:56:23.259226-05:00,1.0015780000001087,True,,,,False,0.002236819200000184
1702,1703,2025-11-07T21:56:23.259226-05:00,2025-11-07T21:56:24.260644-05:00,1.0014180000000579,True,,,,False,0.0
1703,1704,2025-11-07T21:56:24.260644-05:00,2025-11-07T21:56:25.262107-05:00,1.0014629999998306,True,,,,False,0.002236819200000184
1704,1705,2025-11-07T21:56:25.262107-05:00,2025-11-07T21:56:26.263517-05:00,1.001410000000078,True,,,,False,0.0
1705,1706,2025-11-07T21:56:26.263517-05:00,2025-11-07T21:56:27.264899-05:00,1.0013819999999214,True,,,,False,0.002236819200000184
1706,1707,2025-11-07T21:56:27.264899-05:00,2025-11-07T21:56:28.266254-05:00,1.0013550000001032,True,,,,False,0.0
1707,1708,2025-11-07T21:56:28.266254-05:00,2025-11-07T21:56:29.267649-05:00,1.0013950000000023,True,,,,False,0.002236819200000184
1708,1709,2025-11-07T21:56:29.267649-05:00,2025-11-07T21:56:30.268962-05:00,1.001312999999982,True,,,,False,0.0
1709,1710,2025-11-07T21:56:30.268962-05:00,2025-11-07T21:56:31.270220-05:00,1.001258000000007,True,,,,False,0.0
1710,1711,2025-11-07T21:56:31.270220-05:00,2025-11-07T21:56:32.271627-05:00,1.001406999999972,True,,,,False,0.0
1711,1712,2025-11-07T21:56:32.271627-05:00,2025-11-07T21:56:33.272997-05:00,1.0013699999999517,True,,,,False,0.002236819200000184
1712,1713,2025-11-07T21:56:33.272997-05:00,2025-11-07T21:56:34.274371-05:00,1.001374000000169,True,,,,False,0.0
1713,1714,2025-11-07T21:56:34.274371-05:00,2025-11-07T21:56:35.275761-05:00,1.0013899999999012,True,,,,False,0.002236819200000184
1714,1715,2025-11-07T21:56:35.275761-05:00,2025-11-07T21:56:36.277096-05:00,1.0013349999999264,True,,,,False,0.0
1715,1716,2025-11-07T21:56:36.277096-05:00,2025-11-07T21:56:37.278390-05:00,1.0012940000001436,True,,,,False,0.002236819200000184
1716,1717,2025-11-07T21:56:37.278390-05:00,2025-11-07T21:56:38.279711-05:00,1.0013209999999617,True,,,,False,0.0
1717,1718,2025-11-07T21:56:38.279711-05:00,2025-11-07T21:56:39.281024-05:00,1.001312999999982,True,,,,False,0.002236819200000184
1718,1719,2025-11-07T21:56:39.281024-05:00,2025-11-07T21:56:40.282948-05:00,1.0019239999999172,True,,,,False,0.0
1719,1720,2025-11-07T21:56:40.282948-05:00,2025-11-07T21:56:41.283851-05:00,1.0009030000001076,True,,,,False,0.002236819200000184
1720,1721,2025-11-07T21:56:41.283851-05:00,2025-11-07T21:56:42.284997-05:00,1.0011460000000625,True,,,,False,0.0
1721,1722,2025-11-07T21:56:42.284997-05:00,2025-11-07T21:56:43.286136-05:00,1.0011389999999665,True,,,,False,0.0
1722,1723,2025-11-07T21:56:43.286136-05:00,2025-11-07T21:56:44.287913-05:00,1.0017769999999473,True,,,,False,0.0
1723,1724,2025-11-07T21:56:44.287913-05:00,2025-11-07T21:56:45.289070-05:00,1.001156999999921,True,,,,False,0.0022368191999966314
1724,1725,2025-11-07T21:56:45.289070-05:00,2025-11-07T21:56:46.290394-05:00,1.0013240000000678,True,,,,False,0.0
1725,1726,2025-11-07T21:56:46.290394-05:00,2025-11-07T21:56:47.291331-05:00,1.0009370000000217,True,,,,False,0.0
1726,1727,2025-11-07T21:56:47.291331-05:00,2025-11-07T21:56:48.292420-05:00,1.0010890000000927,True,,,,False,0.0
1727,1728,2025-11-07T21:56:48.292420-05:00,2025-11-07T21:56:49.294100-05:00,1.0016799999998511,True,,,,False,0.002236819200000184
1728,1729,2025-11-07T21:56:49.294100-05:00,2025-11-07T21:56:50.295686-05:00,1.0015860000000885,True,,,,False,0.0
1729,1730,2025-11-07T21:56:50.295686-05:00,2025-11-07T21:56:51.297257-05:00,1.0015710000000126,True,,,,False,0.0
1730,1731,2025-11-07T21:56:51.297257-05:00,2025-11-07T21:56:52.298707-05:00,1.001449999999977,True,,,,False,0.0
1731,1732,2025-11-07T21:56:52.298707-05:00,2025-11-07T21:56:53.300082-05:00,1.0013750000000528,True,,,,False,0.0
1732,1733,2025-11-07T21:56:53.300082-05:00,2025-11-07T21:56:54.301487-05:00,1.001404999999977,True,,,,False,0.0
1733,1734,2025-11-07T21:56:54.301487-05:00,2025-11-07T21:56:55.303140-05:00,1.001653000000033,True,,,,False,0.0
1734,1735,2025-11-07T21:56:55.303140-05:00,2025-11-07T21:56:56.304604-05:00,1.0014639999999417,True,,,,False,0.0
1735,1736,2025-11-07T21:56:56.304604-05:00,2025-11-07T21:56:57.306148-05:00,1.0015439999999671,True,,,,False,0.0
1736,1737,2025-11-07T21:56:57.306148-05:00,2025-11-07T21:56:58.307677-05:00,1.0015289999998913,True,,,,False,0.0
1737,1738,2025-11-07T21:56:58.307677-05:00,2025-11-07T21:56:59.309168-05:00,1.0014910000002146,True,,,,False,0.0
1738,1739,2025-11-07T21:56:59.309168-05:00,2025-11-07T21:57:00.310707-05:00,1.001538999999866,True,,,,False,0.0
1739,1740,2025-11-07T21:57:00.310707-05:00,2025-11-07T21:57:01.312283-05:00,1.0015760000001137,True,,,,False,0.0
1740,1741,2025-11-07T21:57:01.312283-05:00,2025-11-07T21:57:02.313814-05:00,1.0015309999998863,True,,,,False,0.0
1741,1742,2025-11-07T21:57:02.313814-05:00,2025-11-07T21:57:03.315286-05:00,1.0014719999999215,True,,,,False,0.0
1742,1743,2025-11-07T21:57:03.315286-05:00,2025-11-07T21:57:04.316691-05:00,1.0014050000002044,True,,,,False,0.0
1743,1744,2025-11-07T21:57:04.316691-05:00,2025-11-07T21:57:05.318231-05:00,1.0015399999999772,True,,,,False,0.0
1744,1745,2025-11-07T21:57:05.318231-05:00,2025-11-07T21:57:06.319702-05:00,1.0014710000000377,True,,,,False,0.0
1745,1746,2025-11-07T21:57:06.319702-05:00,2025-11-07T21:57:07.321244-05:00,1.0015419999999722,True,,,,False,0.0
1746,1747,2025-11-07T21:57:07.321244-05:00,2025-11-07T21:57:08.322812-05:00,1.0015679999999065,True,,,,False,0.0
1747,1748,2025-11-07T21:57:08.322812-05:00,2025-11-07T21:57:09.324287-05:00,1.0014750000000276,True,,,,False,0.0
1748,1749,2025-11-07T21:57:09.324287-05:00,2025-11-07T21:57:10.325730-05:00,1.001442999999881,True,,,,False,0.0
1749,1750,2025-11-07T21:57:10.325730-05:00,2025-11-07T21:57:11.327106-05:00,1.001376000000164,True,,,,False,0.0
1750,1751,2025-11-07T21:57:11.327106-05:00,2025-11-07T21:57:12.328674-05:00,1.0015679999999065,True,,,,False,0.0
1751,1752,2025-11-07T21:57:12.328674-05:00,2025-11-07T21:57:13.330101-05:00,1.0014269999999215,True,,,,False,0.0
1752,1753,2025-11-07T21:57:13.330101-05:00,2025-11-07T21:57:14.331551-05:00,1.0014500000002045,True,,,,False,0.0
1753,1754,2025-11-07T21:57:14.331551-05:00,2025-11-07T21:57:15.332993-05:00,1.0014419999999973,True,,,,False,0.0
1754,1755,2025-11-07T21:57:15.332993-05:00,2025-11-07T21:57:16.334578-05:00,1.0015849999999773,False,shutdown_post_run,,shutdown_post_run,False,0.0
1755,1756,2025-11-07T21:57:16.334578-05:00,2025-11-07T21:57:17.335647-05:00,1.0010689999999158,False,shutdown_post_run,shutdown_post_run,shutdown_post_run,False,0.0
1756,1757,2025-11-07T21:57:17.335647-05:00,2025-11-07T21:57:18.336782-05:00,1.0011349999999766,False,shutdown_post_run,shutdown_post_run,shutdown_post_run,False,0.0
1757,1758,2025-11-07T21:57:18.336782-05:00,2025-11-07T21:57:19.337871-05:00,1.0010890000000927,False,shutdown_post_run,shutdown_post_run,shutdown_post_run,False,0.0
1758,1759,2025-11-07T21:57:19.337871-05:00,2025-11-07T21:57:20.339046-05:00,1.0011749999998756,False,shutdown_post_run,shutdown_post_run,shutdown_post_run,False,0.0
1759,1760,2025-11-07T21:57:20.339046-05:00,2025-11-07T21:57:21.342979-05:00,1.0039329999999609,False,shutdown_post_run,shutdown_post_run,shutdown_post_run,False,0.0
1760,1761,2025-11-07T21:57:21.342979-05:00,2025-11-07T21:57:22.344152-05:00,1.001173000000108,False,shutdown_post_run,shutdown_post_run,shutdown_post_run,False,0.0
1761,1762,2025-11-07T21:57:22.344152-05:00,2025-11-07T21:57:23.350643-05:00,1.0064910000000964,False,shutdown_post_run,shutdown_post_run,shutdown_post_run,False,0.0
1762,1763,2025-11-07T21:57:23.350643-05:00,2025-11-07T21:57:24.353469-05:00,1.0028259999999136,False,shutdown_post_run,shutdown_post_run,shutdown_post_run,False,0.0
1763,1764,2025-11-07T21:57:24.353469-05:00,2025-11-07T21:57:25.354844-05:00,1.0013750000000528,False,shutdown_post_run,shutdown_post_run,shutdown_post_run,False,0.0
1764,1765,2025-11-07T21:57:25.354844-05:00,2025-11-07T21:57:26.356162-05:00,1.0013179999998556,False,shutdown_post_run,shutdown_post_run,shutdown_post_run,False,0.0
1765,1766,2025-11-07T21:57:26.356162-05:00,2025-11-07T21:57:27.357528-05:00,1.0013660000001892,False,shutdown_post_run,shutdown_post_run,shutdown_post_run,False,0.0
1766,1767,2025-11-07T21:57:27.357528-05:00,2025-11-07T21:57:28.358840-05:00,1.0013119999998707,False,shutdown_post_run,shutdown_post_run,shutdown_post_run,False,0.0
1767,1768,2025-11-07T21:57:28.358840-05:00,2025-11-07T21:57:29.360237-05:00,1.0013969999999972,False,shutdown_post_run,shutdown_post_run,shutdown_post_run,False,0.0
1768,1769,2025-11-07T21:57:29.360237-05:00,2025-11-07T21:57:30.361627-05:00,1.0013900000001286,False,shutdown_post_run,shutdown_post_run,shutdown_post_run,False,0.0
1769,1770,2025-11-07T21:57:30.361627-05:00,2025-11-07T21:57:31.362981-05:00,1.001353999999992,False,shutdown_post_run,shutdown_post_run,shutdown_post_run,False,0.0
1770,1771,2025-11-07T21:57:31.362981-05:00,2025-11-07T21:57:32.364199-05:00,1.0012179999998807,False,shutdown_post_run,shutdown_post_run,shutdown_post_run,False,0.0
1771,1772,2025-11-07T21:57:32.364199-05:00,2025-11-07T21:57:33.365421-05:00,1.001222000000098,False,shutdown_post_run,shutdown_post_run,shutdown_post_run,False,0.0
1772,1773,2025-11-07T21:57:33.365421-05:00,2025-11-07T21:57:34.366713-05:00,1.0012919999999212,False,shutdown_post_run,shutdown_post_run,shutdown_post_run,False,0.0
1773,1774,2025-11-07T21:57:34.366713-05:00,2025-11-07T21:57:35.368193-05:00,1.0014799999999013,False,shutdown_post_run,shutdown_post_run,shutdown_post_run,False,0.0
1774,1775,2025-11-07T21:57:35.368193-05:00,2025-11-07T21:57:36.369625-05:00,1.0014320000000225,False,shutdown_post_run,shutdown_post_run,shutdown_post_run,False,0.0
1775,1776,2025-11-07T21:57:36.369625-05:00,2025-11-07T21:57:37.371055-05:00,1.0014300000000276,False,shutdown_post_run,shutdown_post_run,shutdown_post_run,False,0.0
1776,1777,2025-11-07T21:57:37.371055-05:00,2025-11-07T21:57:38.372519-05:00,1.001464000000169,False,shutdown_post_run,shutdown_post_run,shutdown_post_run,False,0.0
1777,1778,2025-11-07T21:57:38.372519-05:00,2025-11-07T21:57:39.373836-05:00,1.0013169999999718,False,shutdown_post_run,shutdown_post_run,shutdown_post_run,False,0.0
1778,1779,2025-11-07T21:57:39.373836-05:00,2025-11-07T21:57:40.376575-05:00,1.0027390000000196,False,shutdown_post_run,shutdown_post_run,shutdown_post_run,False,0.0
1779,1780,2025-11-07T21:57:40.376575-05:00,2025-11-07T21:57:41.377715-05:00,1.0011399999998503,False,shutdown_post_run,shutdown_post_run,shutdown_post_run,False,0.0
1780,1781,2025-11-07T21:57:41.377715-05:00,2025-11-07T21:57:42.379543-05:00,1.0018279999999322,False,shutdown_post_run,shutdown_post_run,shutdown_post_run,False,0.0
1781,1782,2025-11-07T21:57:42.379543-05:00,2025-11-07T21:57:43.380720-05:00,1.001177000000098,False,shutdown_post_run,shutdown_post_run,shutdown_post_run,False,0.0
1782,1783,2025-11-07T21:57:43.380720-05:00,2025-11-07T21:57:44.381898-05:00,1.0011779999999817,False,shutdown_post_run,shutdown_post_run,shutdown_post_run,False,0.0
1783,1784,2025-11-07T21:57:44.381898-05:00,2025-11-07T21:57:45.383491-05:00,1.001592999999957,False,invalid_voltage_state|shutdown_post_run,shutdown_post_run,invalid_voltage_state|shutdown_post_run,False,0.0
1784,1785,2025-11-07T21:57:45.383491-05:00,2025-11-07T21:57:46.385059-05:00,1.001568000000134,False,invalid_voltage_state|shutdown_post_run,invalid_voltage_state|shutdown_post_run,invalid_voltage_state|shutdown_post_run,False,0.0
1785,1786,2025-11-07T21:57:46.385059-05:00,2025-11-07T21:57:47.386679-05:00,1.0016200000000026,False,invalid_voltage_state|shutdown_post_run,invalid_voltage_state|shutdown_post_run,invalid_voltage_state|shutdown_post_run,False,0.0
1786,1787,2025-11-07T21:57:47.386679-05:00,2025-11-07T21:57:48.388234-05:00,1.001555000000053,False,invalid_voltage_state|shutdown_post_run,invalid_voltage_state|shutdown_post_run,invalid_voltage_state|shutdown_post_run,False,0.0
1787,1788,2025-11-07T21:57:48.388234-05:00,2025-11-07T21:57:49.389794-05:00,1.0015599999999267,False,invalid_voltage_state|shutdown_post_run,invalid_voltage_state|shutdown_post_run,invalid_voltage_state|shutdown_post_run,False,0.0
1788,1789,2025-11-07T21:57:49.389794-05:00,2025-11-07T21:57:50.391292-05:00,1.001497999999856,False,invalid_voltage_state|shutdown_post_run,invalid_voltage_state|shutdown_post_run,invalid_voltage_state|shutdown_post_run,False,0.0
1789,1790,2025-11-07T21:57:50.391292-05:00,2025-11-07T21:57:51.392805-05:00,1.001513000000159,False,invalid_voltage_state|shutdown_post_run,invalid_voltage_state|shutdown_post_run,invalid_voltage_state|shutdown_post_run,False,0.0
1790,1791,2025-11-07T21:57:51.392805-05:00,2025-11-07T21:57:52.394307-05:00,1.0015019999998458,False,invalid_voltage_state|shutdown_post_run,invalid_voltage_state|shutdown_post_run,invalid_voltage_state|shutdown_post_run,False,0.0
1791,1792,2025-11-07T21:57:52.394307-05:00,2025-11-07T21:57:53.395765-05:00,1.0014580000001843,False,invalid_voltage_state|shutdown_post_run,invalid_voltage_state|shutdown_post_run,invalid_voltage_state|shutdown_post_run,False,0.0
1792,1793,2025-11-07T21:57:53.395765-05:00,2025-11-07T21:57:54.397278-05:00,1.0015129999999317,False,invalid_voltage_state|shutdown_post_run,invalid_voltage_state|shutdown_post_run,invalid_voltage_state|shutdown_post_run,False,0.0
1793,1794,2025-11-07T21:57:54.397278-05:00,2025-11-07T21:57:55.398786-05:00,1.001508000000058,False,invalid_voltage_state|shutdown_post_run,invalid_voltage_state|shutdown_post_run,invalid_voltage_state|shutdown_post_run,False,0.0
1794,1795,2025-11-07T21:57:55.398786-05:00,2025-11-07T21:57:56.400319-05:00,1.0015329999998812,False,invalid_voltage_state|shutdown_post_run,invalid_voltage_state|shutdown_post_run,invalid_voltage_state|shutdown_post_run,False,0.0
1795,1796,2025-11-07T21:57:56.400319-05:00,2025-11-07T21:57:57.401588-05:00,1.001269000000093,False,invalid_voltage_state|shutdown_post_run,invalid_voltage_state|shutdown_post_run,invalid_voltage_state|shutdown_post_run,False,0.0
1796,1797,2025-11-07T21:57:57.401588-05:00,2025-11-07T21:57:58.403132-05:00,1.0015439999999671,False,invalid_voltage_state|shutdown_post_run,invalid_voltage_state|shutdown_post_run,invalid_voltage_state|shutdown_post_run,False,0.0
1797,1798,2025-11-07T21:57:58.403132-05:00,2025-11-07T21:57:59.404558-05:00,1.0014260000000377,False,invalid_voltage_state|shutdown_post_run,invalid_voltage_state|shutdown_post_run,invalid_voltage_state|shutdown_post_run,False,0.0
1798,1799,2025-11-07T21:57:59.404558-05:00,2025-11-07T21:58:00.406102-05:00,1.0015439999999671,False,invalid_voltage_state|shutdown_post_run,invalid_voltage_state|shutdown_post_run,invalid_voltage_state|shutdown_post_run,False,0.0
1799,1800,2025-11-07T21:58:00.406102-05:00,2025-11-07T21:58:01.407591-05:00,1.0014889999999923,False,invalid_voltage_state|shutdown_post_run,invalid_voltage_state|shutdown_post_run,invalid_voltage_state|shutdown_post_run,False,0.0
1800,1801,2025-11-07T21:58:01.407591-05:00,2025-11-07T21:58:02.408927-05:00,1.0013360000000375,False,invalid_voltage_state|shutdown_post_run,invalid_voltage_state|shutdown_post_run,invalid_voltage_state|shutdown_post_run,False,0.0
1801,1802,2025-11-07T21:58:02.408927-05:00,2025-11-07T21:58:03.410421-05:00,1.001493999999866,False,invalid_voltage_state|shutdown_post_run,invalid_voltage_state|shutdown_post_run,invalid_voltage_state|shutdown_post_run,False,0.0
1802,1803,2025-11-07T21:58:03.410421-05:00,2025-11-07T21:58:04.412065-05:00,1.0016440000001694,False,invalid_voltage_state|shutdown_post_run,invalid_voltage_state|shutdown_post_run,invalid_voltage_state|shutdown_post_run,False,0.0
1803,1804,2025-11-07T21:58:04.412065-05:00,2025-11-07T21:58:05.413555-05:00,1.001489999999876,False,invalid_voltage_state|shutdown_post_run,invalid_voltage_state|shutdown_post_run,invalid_voltage_state|shutdown_post_run,False,0.0
1804,1805,2025-11-07T21:58:05.413555-05:00,2025-11-07T21:58:06.414721-05:00,1.001166000000012,False,invalid_voltage_state|shutdown_post_run,invalid_voltage_state|shutdown_post_run,invalid_voltage_state|shutdown_post_run,False,0.0
1805,1806,2025-11-07T21:58:06.414721-05:00,2025-11-07T21:58:07.416194-05:00,1.0014730000000327,False,invalid_voltage_state|shutdown_post_run,invalid_voltage_state|shutdown_post_run,invalid_voltage_state|shutdown_post_run,False,0.0
1806,1807,2025-11-07T21:58:07.416194-05:00,2025-11-07T21:58:08.417652-05:00,1.0014579999999569,False,invalid_voltage_state|shutdown_post_run,invalid_voltage_state|shutdown_post_run,invalid_voltage_state|shutdown_post_run,False,0.0
1807,1808,2025-11-07T21:58:08.417652-05:00,2025-11-07T21:58:09.419199-05:00,1.0015470000000732,False,invalid_voltage_state|shutdown_post_run,invalid_voltage_state|shutdown_post_run,invalid_voltage_state|shutdown_post_run,False,0.0
1808,1809,2025-11-07T21:58:09.419199-05:00,2025-11-07T21:58:10.420907-05:00,1.0017080000000078,False,invalid_voltage_state|shutdown_post_run,invalid_voltage_state|shutdown_post_run,invalid_voltage_state|shutdown_post_run,False,0.0
1809,1810,2025-11-07T21:58:10.420907-05:00,2025-11-07T21:58:11.422659-05:00,1.0017519999998967,False,invalid_voltage_state|shutdown_post_run,invalid_voltage_state|shutdown_post_run,invalid_voltage_state|shutdown_post_run,False,0.0
1810,1811,2025-11-07T21:58:11.422659-05:00,2025-11-07T21:58:12.423730-05:00,1.0010710000001382,False,invalid_voltage_state|shutdown_post_run,invalid_voltage_state|shutdown_post_run,invalid_voltage_state|shutdown_post_run,False,0.0
1811,1812,2025-11-07T21:58:12.423730-05:00,2025-11-07T21:58:13.425206-05:00,1.0014759999999114,False,invalid_voltage_state|shutdown_post_run,invalid_voltage_state|shutdown_post_run,invalid_voltage_state|shutdown_post_run,False,0.0
1812,1813,2025-11-07T21:58:13.425206-05:00,2025-11-07T21:58:14.426538-05:00,1.0013320000000476,False,invalid_voltage_state|shutdown_post_run,invalid_voltage_state|shutdown_post_run,invalid_voltage_state|shutdown_post_run,False,0.0
1813,1814,2025-11-07T21:58:14.426538-05:00,2025-11-07T21:58:15.427991-05:00,1.0014529999998558,False,invalid_voltage_state|shutdown_post_run,invalid_voltage_state|shutdown_post_run,invalid_voltage_state|shutdown_post_run,False,0.0
1814,1815,2025-11-07T21:58:15.427991-05:00,2025-11-07T21:58:16.429352-05:00,1.001361000000088,False,invalid_voltage_state|shutdown_post_run,invalid_voltage_state|shutdown_post_run,invalid_voltage_state|shutdown_post_run,False,0.0
1815,1816,2025-11-07T21:58:16.429352-05:00,2025-11-07T21:58:17.430811-05:00,1.001459000000068,False,invalid_voltage_state|shutdown_post_run,invalid_voltage_state|shutdown_post_run,invalid_voltage_state|shutdown_post_run,False,0.0
1816,1817,2025-11-07T21:58:17.430811-05:00,2025-11-07T21:58:18.432220-05:00,1.001408999999967,False,invalid_voltage_state|shutdown_post_run,invalid_voltage_state|shutdown_post_run,invalid_voltage_state|shutdown_post_run,False,0.0
1817,1818,2025-11-07T21:58:18.432220-05:00,2025-11-07T21:58:19.433535-05:00,1.0013149999999769,False,invalid_voltage_state|shutdown_post_run,invalid_voltage_state|shutdown_post_run,invalid_voltage_state|shutdown_post_run,False,0.0
1818,1819,2025-11-07T21:58:19.433535-05:00,2025-11-07T21:58:20.434956-05:00,1.0014209999999366,False,invalid_voltage_state|shutdown_post_run,invalid_voltage_state|shutdown_post_run,invalid_voltage_state|shutdown_post_run,False,0.0
1819,1820,2025-11-07T21:58:20.434956-05:00,2025-11-07T21:58:21.436367-05:00,1.0014109999999619,False,invalid_voltage_state|shutdown_post_run,invalid_voltage_state|shutdown_post_run,invalid_voltage_state|shutdown_post_run,False,0.0
1820,1821,2025-11-07T21:58:21.436367-05:00,2025-11-07T21:58:22.438090-05:00,1.0017230000000836,False,invalid_voltage_state|shutdown_post_run,invalid_voltage_state|shutdown_post_run,invalid_voltage_state|shutdown_post_run,False,0.0
1821,1822,2025-11-07T21:58:22.438090-05:00,2025-11-07T21:58:23.439694-05:00,1.001604000000043,False,invalid_voltage_state|shutdown_post_run,invalid_voltage_state|shutdown_post_run,invalid_voltage_state|shutdown_post_run,False,0.0
1822,1823,2025-11-07T21:58:23.439694-05:00,2025-11-07T21:58:24.441152-05:00,1.0014579999999569,False,invalid_voltage_state|shutdown_post_run,invalid_voltage_state|shutdown_post_run,invalid_voltage_state|shutdown_post_run,False,0.0
1823,1824,2025-11-07T21:58:24.441152-05:00,2025-11-07T21:58:25.442751-05:00,1.001598999999942,False,invalid_voltage_state|shutdown_post_run,invalid_voltage_state|shutdown_post_run,invalid_voltage_state|shutdown_post_run,False,0.0
1824,1825,2025-11-07T21:58:25.442751-05:00,2025-11-07T21:58:26.444290-05:00,1.0015390000000934,False,invalid_voltage_state|shutdown_post_run,invalid_voltage_state|shutdown_post_run,invalid_voltage_state|shutdown_post_run,False,0.0
1825,1826,2025-11-07T21:58:26.444290-05:00,2025-11-07T21:58:27.445598-05:00,1.0013079999998808,False,invalid_voltage_state|shutdown_post_run,invalid_voltage_state|shutdown_post_run,invalid_voltage_state|shutdown_post_run,False,0.0
1826,1827,2025-11-07T21:58:27.445598-05:00,2025-11-07T21:58:28.447248-05:00,1.0016500000001543,False,invalid_voltage_state|shutdown_post_run,invalid_voltage_state|shutdown_post_run,invalid_voltage_state|shutdown_post_run,False,0.0
1827,1828,2025-11-07T21:58:28.447248-05:00,2025-11-07T21:58:29.448738-05:00,1.001489999999876,False,invalid_voltage_state|shutdown_post_run,invalid_voltage_state|shutdown_post_run,invalid_voltage_state|shutdown_post_run,False,0.0
1828,1829,2025-11-07T21:58:29.448738-05:00,2025-11-07T21:58:30.450239-05:00,1.0015010000001894,False,invalid_voltage_state|shutdown_post_run,invalid_voltage_state|shutdown_post_run,invalid_voltage_state|shutdown_post_run,False,0.0
1829,1830,2025-11-07T21:58:30.450239-05:00,2025-11-07T21:58:31.451820-05:00,1.0015809999999874,False,invalid_voltage_state|shutdown_post_run,invalid_voltage_state|shutdown_post_run,invalid_voltage_state|shutdown_post_run,False,0.0
1830,1831,2025-11-07T21:58:31.451820-05:00,2025-11-07T21:58:32.453185-05:00,1.0013649999998506,False,invalid_voltage_state|shutdown_post_run,invalid_voltage_state|shutdown_post_run,invalid_voltage_state|shutdown_post_run,False,0.0
1831,1832,2025-11-07T21:58:32.453185-05:00,2025-11-07T21:58:33.454545-05:00,1.001359999999977,False,invalid_voltage_state|shutdown_post_run,invalid_voltage_state|shutdown_post_run,invalid_voltage_state|shutdown_post_run,False,0.0
1832,1833,2025-11-07T21:58:33.454545-05:00,2025-11-07T21:58:34.455992-05:00,1.0014470000000983,False,invalid_voltage_state|shutdown_post_run,invalid_voltage_state|shutdown_post_run,invalid_voltage_state|negative_power|negative_voltage|shutdown_post_run,True,0.0
1833,1834,2025-11-07T21:58:34.455992-05:00,2025-11-07T21:58:35.457190-05:00,1.0011979999999312,False,invalid_voltage_state|shutdown_post_run,invalid_voltage_state|negative_power|negative_voltage|shutdown_post_run,invalid_voltage_state|negative_power|negative_voltage|shutdown_post_run,True,0.0
1834,1835,2025-11-07T21:58:35.457190-05:00,2025-11-07T21:58:36.459317-05:00,1.0021269999999731,False,invalid_voltage_state|shutdown_post_run,invalid_voltage_state|negative_power|negative_voltage|shutdown_post_run,invalid_voltage_state|negative_power|negative_voltage|shutdown_post_run,True,0.0
1835,1836,2025-11-07T21:58:36.459317-05:00,2025-11-07T21:58:37.460417-05:00,1.0011000000001786,False,invalid_voltage_state|shutdown_post_run,invalid_voltage_state|negative_power|negative_voltage|shutdown_post_run,invalid_voltage_state|negative_power|negative_voltage|shutdown_post_run,True,0.0
1836,1837,2025-11-07T21:58:37.460417-05:00,2025-11-07T21:58:38.462104-05:00,1.0016869999999471,False,invalid_voltage_state|shutdown_post_run,invalid_voltage_state|negative_power|negative_voltage|shutdown_post_run,invalid_voltage_state|negative_power|negative_voltage|shutdown_post_run,True,0.0
1837,1838,2025-11-07T21:58:38.462104-05:00,2025-11-07T21:58:39.466078-05:00,1.003973999999971,False,invalid_voltage_state|shutdown_post_run,invalid_voltage_state|negative_power|negative_voltage|shutdown_post_run,invalid_voltage_state|negative_power|negative_voltage|shutdown_post_run,True,0.0
1838,1839,2025-11-07T21:58:39.466078-05:00,2025-11-07T21:58:40.470952-05:00,1.0048739999999725,False,invalid_voltage_state|shutdown_post_run,invalid_voltage_state|negative_power|negative_voltage|shutdown_post_run,invalid_voltage_state|negative_power|negative_voltage|shutdown_post_run,True,0.0
1839,1840,2025-11-07T21:58:40.470952-05:00,2025-11-07T21:58:41.472146-05:00,1.0011939999999413,False,invalid_voltage_state|shutdown_post_run,invalid_voltage_state|negative_power|negative_voltage|shutdown_post_run,invalid_voltage_state|negative_power|negative_voltage|shutdown_post_run,True,0.0
1840,1841,2025-11-07T21:58:41.472146-05:00,2025-11-07T21:58:42.473969-05:00,1.0018230000000585,False,invalid_voltage_state|shutdown_post_run,invalid_voltage_state|negative_power|negative_voltage|shutdown_post_run,invalid_voltage_state|negative_power|negative_voltage|shutdown_post_run,True,0.0
1841,1842,2025-11-07T21:58:42.473969-05:00,2025-11-07T21:58:43.475123-05:00,1.0011540000000423,False,invalid_voltage_state|shutdown_post_run,invalid_voltage_state|negative_power|negative_voltage|shutdown_post_run,invalid_voltage_state|negative_power|negative_voltage|shutdown_post_run,True,0.0
1842,1843,2025-11-07T21:58:43.475123-05:00,2025-11-07T21:58:44.476263-05:00,1.0011399999998503,False,invalid_voltage_state|shutdown_post_run,invalid_voltage_state|negative_power|negative_voltage|shutdown_post_run,invalid_voltage_state|negative_power|negative_voltage|shutdown_post_run,True,0.0
1843,1844,2025-11-07T21:58:44.476263-05:00,2025-11-07T21:58:45.477462-05:00,1.0011990000000424,False,invalid_voltage_state|shutdown_post_run,invalid_voltage_state|negative_power|negative_voltage|shutdown_post_run,invalid_voltage_state|negative_power|negative_voltage|shutdown_post_run,True,0.0
1844,1845,2025-11-07T21:58:45.477462-05:00,2025-11-07T21:58:46.478631-05:00,1.001169000000118,False,invalid_voltage_state|shutdown_post_run,invalid_voltage_state|negative_power|negative_voltage|shutdown_post_run,invalid_voltage_state|negative_power|negative_voltage|shutdown_post_run,True,0.0
1845,1846,2025-11-07T21:58:46.478631-05:00,2025-11-07T21:58:47.479803-05:00,1.0011719999999968,False,invalid_voltage_state|shutdown_post_run,invalid_voltage_state|negative_power|negative_voltage|shutdown_post_run,invalid_voltage_state|negative_power|negative_voltage|shutdown_post_run,True,0.0
1846,1847,2025-11-07T21:58:47.479803-05:00,2025-11-07T21:58:48.481392-05:00,1.0015889999999672,False,invalid_voltage_state|shutdown_post_run,invalid_voltage_state|negative_power|negative_voltage|shutdown_post_run,invalid_voltage_state|negative_power|negative_voltage|shutdown_post_run,True,0.0
1847,1848,2025-11-07T21:58:48.481392-05:00,2025-11-07T21:58:49.482558-05:00,1.001166000000012,False,invalid_voltage_state|shutdown_post_run,invalid_voltage_state|negative_power|negative_voltage|shutdown_post_run,invalid_voltage_state|negative_power|negative_voltage|shutdown_post_run,True,0.0
1848,1849,2025-11-07T21:58:49.482558-05:00,2025-11-07T21:58:50.483732-05:00,1.0011739999999918,False,invalid_voltage_state|shutdown_post_run,invalid_voltage_state|negative_power|negative_voltage|shutdown_post_run,invalid_voltage_state|negative_power|negative_voltage|shutdown_post_run,True,0.0
1849,1850,2025-11-07T21:58:50.483732-05:00,2025-11-07T21:58:51.486523-05:00,1.0027909999998883,False,invalid_voltage_state|shutdown_post_run,invalid_voltage_state|negative_power|negative_voltage|shutdown_post_run,invalid_voltage_state|negative_power|negative_voltage|shutdown_post_run,True,0.0
1850,1851,2025-11-07T21:58:51.486523-05:00,2025-11-07T21:58:52.487615-05:00,1.0010920000001988,False,invalid_voltage_state|shutdown_post_run,invalid_voltage_state|negative_power|negative_voltage|shutdown_post_run,invalid_voltage_state|negative_power|negative_voltage|shutdown_post_run,True,0.0
1851,1852,2025-11-07T21:58:52.487615-05:00,2025-11-07T21:58:53.489038-05:00,1.0014229999999316,False,invalid_voltage_state|shutdown_post_run,invalid_voltage_state|negative_power|negative_voltage|shutdown_post_run,invalid_voltage_state|negative_power|negative_voltage|shutdown_post_run,True,0.0
1852,1853,2025-11-07T21:58:53.489038-05:00,2025-11-07T21:58:54.490663-05:00,1.0016249999998763,False,invalid_voltage_state|shutdown_post_run,invalid_voltage_state|negative_power|negative_voltage|shutdown_post_run,invalid_voltage_state|negative_power|negative_voltage|shutdown_post_run,True,0.0
1853,1854,2025-11-07T21:58:54.490663-05:00,2025-11-07T21:58:55.492221-05:00,1.0015580000001592,False,invalid_voltage_state|shutdown_post_run,invalid_voltage_state|negative_power|negative_voltage|shutdown_post_run,invalid_voltage_state|negative_power|negative_voltage|shutdown_post_run,True,0.0
1854,1855,2025-11-07T21:58:55.492221-05:00,2025-11-07T21:58:56.493745-05:00,1.0015240000000176,False,invalid_voltage_state|shutdown_post_run,invalid_voltage_state|negative_power|negative_voltage|shutdown_post_run,invalid_voltage_state|negative_power|negative_voltage|shutdown_post_run,True,0.0
1855,1856,2025-11-07T21:58:56.493745-05:00,2025-11-07T21:58:57.495134-05:00,1.0013890000000174,False,invalid_voltage_state|shutdown_post_run,invalid_voltage_state|negative_power|negative_voltage|shutdown_post_run,invalid_voltage_state|negative_power|negative_voltage|shutdown_post_run,True,0.0
1856,1857,2025-11-07T21:58:57.495134-05:00,2025-11-07T21:58:58.496597-05:00,1.0014629999998306,False,invalid_voltage_state|shutdown_post_run,invalid_voltage_state|negative_power|negative_voltage|shutdown_post_run,invalid_voltage_state|negative_power|negative_voltage|shutdown_post_run,True,0.0
1857,1858,2025-11-07T21:58:58.496597-05:00,2025-11-07T21:58:59.498153-05:00,1.0015560000001642,False,invalid_voltage_state|shutdown_post_run,invalid_voltage_state|negative_power|negative_voltage|shutdown_post_run,invalid_voltage_state|negative_power|negative_voltage|shutdown_post_run,True,0.0
1858,1859,2025-11-07T21:58:59.498153-05:00,2025-11-07T21:59:00.499656-05:00,1.001502999999957,False,invalid_voltage_state|shutdown_post_run,invalid_voltage_state|negative_power|negative_voltage|shutdown_post_run,invalid_voltage_state|negative_power|negative_voltage|shutdown_post_run,True,0.0
1859,1860,2025-11-07T21:59:00.499656-05:00,2025-11-07T21:59:01.501196-05:00,1.0015399999999772,False,invalid_voltage_state|shutdown_post_run,invalid_voltage_state|negative_power|negative_voltage|shutdown_post_run,invalid_voltage_state|negative_power|negative_voltage|shutdown_post_run,True,0.0
1860,1861,2025-11-07T21:59:01.501196-05:00,2025-11-07T21:59:02.502575-05:00,1.0013790000000427,False,invalid_voltage_state|shutdown_post_run,invalid_voltage_state|negative_power|negative_voltage|shutdown_post_run,invalid_voltage_state|negative_power|negative_voltage|shutdown_post_run,True,0.0
1861,1862,2025-11-07T21:59:02.502575-05:00,2025-11-07T21:59:03.504122-05:00,1.0015469999998459,False,invalid_voltage_state|shutdown_post_run,invalid_voltage_state|negative_power|negative_voltage|shutdown_post_run,invalid_voltage_state|negative_power|negative_voltage|shutdown_post_run,True,0.0
1862,1863,2025-11-07T21:59:03.504122-05:00,2025-11-07T21:59:04.505649-05:00,1.0015270000001237,False,invalid_voltage_state|shutdown_post_run,invalid_voltage_state|negative_power|negative_voltage|shutdown_post_run,invalid_voltage_state|negative_power|negative_voltage|shutdown_post_run,True,0.0
1863,1864,2025-11-07T21:59:04.505649-05:00,2025-11-07T21:59:05.507135-05:00,1.0014859999998862,False,invalid_voltage_state|shutdown_post_run,invalid_voltage_state|negative_power|negative_voltage|shutdown_post_run,invalid_voltage_state|negative_power|negative_voltage|shutdown_post_run,True,0.0
1864,1865,2025-11-07T21:59:05.507135-05:00,2025-11-07T21:59:06.508611-05:00,1.0014760000001388,False,invalid_voltage_state|shutdown_post_run,invalid_voltage_state|negative_power|negative_voltage|shutdown_post_run,invalid_voltage_state|negative_power|negative_voltage|shutdown_post_run,True,0.0
1865,1866,2025-11-07T21:59:06.508611-05:00,2025-11-07T21:59:07.510471-05:00,1.0018599999998514,False,invalid_voltage_state|shutdown_post_run,invalid_voltage_state|negative_power|negative_voltage|shutdown_post_run,invalid_voltage_state|negative_power|negative_voltage|shutdown_post_run,True,0.0
1866,1867,2025-11-07T21:59:07.510471-05:00,2025-11-07T21:59:08.512015-05:00,1.0015439999999671,False,invalid_voltage_state|shutdown_post_run,invalid_voltage_state|negative_power|negative_voltage|shutdown_post_run,invalid_voltage_state|negative_power|negative_voltage|shutdown_post_run,True,0.0
1867,1868,2025-11-07T21:59:08.512015-05:00,2025-11-07T21:59:09.513524-05:00,1.0015090000001692,False,invalid_voltage_state|shutdown_post_run,invalid_voltage_state|negative_power|negative_voltage|shutdown_post_run,invalid_voltage_state|negative_power|negative_voltage|shutdown_post_run,True,0.0
1868,1869,2025-11-07T21:59:09.513524-05:00,2025-11-07T21:59:10.515017-05:00,1.0014929999999822,False,invalid_voltage_state|shutdown_post_run,invalid_voltage_state|negative_power|negative_voltage|shutdown_post_run,invalid_voltage_state|negative_power|negative_voltage|shutdown_post_run,True,0.0
1869,1870,2025-11-07T21:59:10.515017-05:00,2025-11-07T21:59:11.516514-05:00,1.001496999999972,False,invalid_voltage_state|shutdown_post_run,invalid_voltage_state|negative_power|negative_voltage|shutdown_post_run,invalid_voltage_state|negative_power|negative_voltage|shutdown_post_run,True,0.0
1870,1871,2025-11-07T21:59:11.516514-05:00,2025-11-07T21:59:12.518079-05:00,1.0015650000000278,False,invalid_voltage_state|shutdown_post_run,invalid_voltage_state|negative_power|negative_voltage|shutdown_post_run,invalid_voltage_state|negative_power|negative_voltage|shutdown_post_run,True,0.0
1871,1872,2025-11-07T21:59:12.518079-05:00,2025-11-07T21:59:13.519589-05:00,1.001510000000053,False,invalid_voltage_state|shutdown_post_run,invalid_voltage_state|negative_power|negative_voltage|shutdown_post_run,invalid_voltage_state|negative_power|negative_voltage|shutdown_post_run,True,0.0
1872,1873,2025-11-07T21:59:13.519589-05:00,2025-11-07T21:59:14.520972-05:00,1.0013829999998052,False,invalid_voltage_state|shutdown_post_run,invalid_voltage_state|negative_power|negative_voltage|shutdown_post_run,invalid_voltage_state|negative_power|negative_voltage|shutdown_post_run,True,0.0
1873,1874,2025-11-07T21:59:14.520972-05:00,2025-11-07T21:59:15.523183-05:00,1.0022109999999884,False,invalid_voltage_state|shutdown_post_run,invalid_voltage_state|negative_power|negative_voltage|shutdown_post_run,invalid_voltage_state|negative_power|negative_voltage|shutdown_post_run,True,0.0
1874,1875,2025-11-07T21:59:15.523183-05:00,2025-11-07T21:59:16.524642-05:00,1.001459000000068,False,invalid_voltage_state|shutdown_post_run,invalid_voltage_state|negative_power|negative_voltage|shutdown_post_run,invalid_voltage_state|negative_power|negative_voltage|shutdown_post_run,True,0.0
1875,1876,2025-11-07T21:59:16.524642-05:00,2025-11-07T21:59:17.526178-05:00,1.0015359999999873,False,invalid_voltage_state|shutdown_post_run,invalid_voltage_state|negative_power|negative_voltage|shutdown_post_run,invalid_voltage_state|negative_power|negative_voltage|shutdown_post_run,True,0.0
1876,1877,2025-11-07T21:59:17.526178-05:00,2025-11-07T21:59:18.527678-05:00,1.0015000000000782,False,invalid_voltage_state|shutdown_post_run,invalid_voltage_state|negative_power|negative_voltage|shutdown_post_run,invalid_voltage_state|negative_power|negative_voltage|shutdown_post_run,True,0.0
1877,1878,2025-11-07T21:59:18.527678-05:00,2025-11-07T21:59:19.529124-05:00,1.0014459999999872,False,invalid_voltage_state|shutdown_post_run,invalid_voltage_state|negative_power|negative_voltage|shutdown_post_run,invalid_voltage_state|negative_power|negative_voltage|shutdown_post_run,True,0.0
1878,1879,2025-11-07T21:59:19.529124-05:00,2025-11-07T21:59:20.530832-05:00,1.0017080000000078,False,invalid_voltage_state|shutdown_post_run,invalid_voltage_state|negative_power|negative_voltage|shutdown_post_run,invalid_voltage_state|negative_power|negative_voltage|shutdown_post_run,True,0.0
1879,1880,2025-11-07T21:59:20.530832-05:00,2025-11-07T21:59:21.532471-05:00,1.0016390000000683,False,invalid_voltage_state|shutdown_post_run,invalid_voltage_state|negative_power|negative_voltage|shutdown_post_run,invalid_voltage_state|negative_power|negative_voltage|shutdown_post_run,True,0.0
1880,1881,2025-11-07T21:59:21.532471-05:00,2025-11-07T21:59:22.534030-05:00,1.0015589999998156,False,invalid_voltage_state|shutdown_post_run,invalid_voltage_state|negative_power|negative_voltage|shutdown_post_run,invalid_voltage_state|negative_power|negative_voltage|shutdown_post_run,True,0.0
1881,1882,2025-11-07T21:59:22.534030-05:00,2025-11-07T21:59:23.535552-05:00,1.0015220000000227,False,invalid_voltage_state|shutdown_post_run,invalid_voltage_state|negative_power|negative_voltage|shutdown_post_run,invalid_voltage_state|negative_power|negative_voltage|shutdown_post_run,True,0.0
1882,1883,2025-11-07T21:59:23.535552-05:00,2025-11-07T21:59:24.537042-05:00,1.0014900000001035,False,invalid_voltage_state|shutdown_post_run,invalid_voltage_state|negative_power|negative_voltage|shutdown_post_run,invalid_voltage_state|negative_power|negative_voltage|shutdown_post_run,True,0.0
1883,1884,2025-11-07T21:59:24.537042-05:00,2025-11-07T21:59:25.538576-05:00,1.0015339999999924,False,invalid_voltage_state|shutdown_post_run,invalid_voltage_state|negative_power|negative_voltage|shutdown_post_run,invalid_voltage_state|negative_power|negative_voltage|shutdown_post_run,True,0.0
1884,1885,2025-11-07T21:59:25.538576-05:00,2025-11-07T21:59:26.540089-05:00,1.0015129999999317,False,invalid_voltage_state|shutdown_post_run,invalid_voltage_state|negative_power|negative_voltage|shutdown_post_run,invalid_voltage_state|negative_power|negative_voltage|shutdown_post_run,True,0.0
1885,1886,2025-11-07T21:59:26.540089-05:00,2025-11-07T21:59:27.541476-05:00,1.0013870000000225,False,invalid_voltage_state|shutdown_post_run,invalid_voltage_state|negative_power|negative_voltage|shutdown_post_run,invalid_voltage_state|negative_power|negative_voltage|shutdown_post_run,True,0.0
1886,1887,2025-11-07T21:59:27.541476-05:00,2025-11-07T21:59:28.542833-05:00,1.0013570000000982,False,invalid_voltage_state|shutdown_post_run,invalid_voltage_state|negative_power|negative_voltage|shutdown_post_run,invalid_voltage_state|negative_power|negative_voltage|shutdown_post_run,True,0.0
1887,1888,2025-11-07T21:59:28.542833-05:00,2025-11-07T21:59:29.544245-05:00,1.0014119999998456,False,invalid_voltage_state|shutdown_post_run,invalid_voltage_state|negative_power|negative_voltage|shutdown_post_run,invalid_voltage_state|negative_power|negative_voltage|shutdown_post_run,True,0.0
1888,1889,2025-11-07T21:59:29.544245-05:00,2025-11-07T21:59:30.545620-05:00,1.0013750000000528,False,invalid_voltage_state|shutdown_post_run,invalid_voltage_state|negative_power|negative_voltage|shutdown_post_run,invalid_voltage_state|negative_power|negative_voltage|shutdown_post_run,True,0.0
1889,1890,2025-11-07T21:59:30.545620-05:00,2025-11-07T21:59:31.546997-05:00,1.0013770000000477,False,invalid_voltage_state|shutdown_post_run,invalid_voltage_state|negative_power|negative_voltage|shutdown_post_run,invalid_voltage_state|negative_power|negative_voltage|shutdown_post_run,True,0.0
1890,1891,2025-11-07T21:59:31.546997-05:00,2025-11-07T21:59:32.548462-05:00,1.001465000000053,False,invalid_voltage_state|shutdown_post_run,invalid_voltage_state|negative_power|negative_voltage|shutdown_post_run,invalid_voltage_state|negative_power|negative_voltage|shutdown_post_run,True,0.0
1891,1892,2025-11-07T21:59:32.548462-05:00,2025-11-07T21:59:33.549814-05:00,1.0013519999999971,False,invalid_voltage_state|shutdown_post_run,invalid_voltage_state|negative_power|negative_voltage|shutdown_post_run,invalid_voltage_state|negative_power|negative_voltage|shutdown_post_run,True,0.0
1892,1893,2025-11-07T21:59:33.549814-05:00,2025-11-07T21:59:34.551178-05:00,1.0013639999999668,False,invalid_voltage_state|shutdown_post_run,invalid_voltage_state|negative_power|negative_voltage|shutdown_post_run,invalid_voltage_state|negative_power|negative_voltage|shutdown_post_run,True,0.0
1893,1894,2025-11-07T21:59:34.551178-05:00,2025-11-07T21:59:35.552697-05:00,1.0015189999999166,False,invalid_voltage_state|shutdown_post_run,invalid_voltage_state|negative_power|negative_voltage|shutdown_post_run,invalid_voltage_state|negative_power|negative_voltage|shutdown_post_run,True,0.0
1894,1895,2025-11-07T21:59:35.552697-05:00,2025-11-07T21:59:36.554241-05:00,1.0015439999999671,False,invalid_voltage_state|shutdown_post_run,invalid_voltage_state|negative_power|negative_voltage|shutdown_post_run,invalid_voltage_state|negative_power|negative_voltage|shutdown_post_run,True,0.0
1895,1896,2025-11-07T21:59:36.554241-05:00,2025-11-07T21:59:37.555842-05:00,1.0016010000001643,False,invalid_voltage_state|shutdown_post_run,invalid_voltage_state|negative_power|negative_voltage|shutdown_post_run,invalid_voltage_state|negative_power|negative_voltage|shutdown_post_run,True,0.0
1896,1897,2025-11-07T21:59:37.555842-05:00,2025-11-07T21:59:38.557307-05:00,1.0014649999998255,False,invalid_voltage_state|shutdown_post_run,invalid_voltage_state|negative_power|negative_voltage|shutdown_post_run,invalid_voltage_state|negative_power|negative_voltage|shutdown_post_run,True,0.0
1897,1898,2025-11-07T21:59:38.557307-05:00,2025-11-07T21:59:39.558814-05:00,1.0015070000001742,False,invalid_voltage_state|shutdown_post_run,invalid_voltage_state|negative_power|negative_voltage|shutdown_post_run,invalid_voltage_state|negative_power|negative_voltage|shutdown_post_run,True,0.0
1898,1899,2025-11-07T21:59:39.558814-05:00,2025-11-07T21:59:40.560309-05:00,1.0014949999999772,False,invalid_voltage_state|shutdown_post_run,invalid_voltage_state|negative_power|negative_voltage|shutdown_post_run,invalid_voltage_state|negative_power|negative_voltage|shutdown_post_run,True,0.0
1899,1900,2025-11-07T21:59:40.560309-05:00,2025-11-07T21:59:41.561915-05:00,1.001606000000038,False,invalid_voltage_state|shutdown_post_run,invalid_voltage_state|negative_power|negative_voltage|shutdown_post_run,invalid_voltage_state|negative_power|negative_voltage|shutdown_post_run,True,0.0
1900,1901,2025-11-07T21:59:41.561915-05:00,2025-11-07T21:59:42.563273-05:00,1.001357999999982,False,invalid_voltage_state|shutdown_post_run,invalid_voltage_state|negative_power|negative_voltage|shutdown_post_run,invalid_voltage_state|negative_power|negative_voltage|shutdown_post_run,True,0.0
1901,1902,2025-11-07T21:59:42.563273-05:00,2025-11-07T21:59:43.564801-05:00,1.0015280000000075,False,invalid_voltage_state|shutdown_post_run,invalid_voltage_state|negative_power|negative_voltage|shutdown_post_run,invalid_voltage_state|negative_power|negative_voltage|shutdown_post_run,True,0.0
1902,1903,2025-11-07T21:59:43.564801-05:00,2025-11-07T21:59:44.565968-05:00,1.0011669999998958,False,invalid_voltage_state|shutdown_post_run,invalid_voltage_state|negative_power|negative_voltage|shutdown_post_run,invalid_voltage_state|negative_power|negative_voltage|shutdown_post_run,True,0.0
1903,1904,2025-11-07T21:59:44.565968-05:00,2025-11-07T21:59:45.569126-05:00,1.003157999999985,False,invalid_voltage_state|shutdown_post_run,invalid_voltage_state|negative_power|negative_voltage|shutdown_post_run,invalid_voltage_state|negative_power|negative_voltage|shutdown_post_run,True,0.0
1904,1905,2025-11-07T21:59:45.569126-05:00,2025-11-07T21:59:46.575603-05:00,1.0064770000001317,False,invalid_voltage_state|shutdown_post_run,invalid_voltage_state|negative_power|negative_voltage|shutdown_post_run,invalid_voltage_state|negative_power|negative_voltage|shutdown_post_run,True,0.0
1905,1906,2025-11-07T21:59:46.575603-05:00,2025-11-07T21:59:47.577361-05:00,1.0017579999998816,False,invalid_voltage_state|shutdown_post_run,invalid_voltage_state|negative_power|negative_voltage|shutdown_post_run,invalid_voltage_state|negative_power|negative_voltage|shutdown_post_run,True,0.0
1906,1907,2025-11-07T21:59:47.577361-05:00,2025-11-07T21:59:48.579886-05:00,1.0025250000001051,False,invalid_voltage_state|shutdown_post_run,invalid_voltage_state|negative_power|negative_voltage|shutdown_post_run,invalid_voltage_state|negative_power|negative_voltage|shutdown_post_run,True,0.0
1907,1908,2025-11-07T21:59:48.579886-05:00,2025-11-07T21:59:49.582057-05:00,1.002170999999862,False,invalid_voltage_state|shutdown_post_run,invalid_voltage_state|negative_power|negative_voltage|shutdown_post_run,invalid_voltage_state|shutdown_post_run,True,0.0
1908,1909,2025-11-07T21:59:49.582057-05:00,2025-11-07T21:59:50.583384-05:00,1.0013269999999466,False,invalid_voltage_state|shutdown_post_run,invalid_voltage_state|shutdown_post_run,invalid_voltage_state|negative_power|negative_voltage|shutdown_post_run,True,0.0
1909,1910,2025-11-07T21:59:50.583384-05:00,2025-11-07T21:59:51.584707-05:00,1.001323000000184,False,invalid_voltage_state|shutdown_post_run,invalid_voltage_state|negative_power|negative_voltage|shutdown_post_run,invalid_voltage_state|negative_power|negative_voltage|shutdown_post_run,True,0.0
1910,1911,2025-11-07T21:59:51.584707-05:00,2025-11-07T21:59:52.585837-05:00,1.0011299999998755,False,invalid_voltage_state|shutdown_post_run,invalid_voltage_state|negative_power|negative_voltage|shutdown_post_run,invalid_voltage_state|negative_power|negative_voltage|shutdown_post_run,True,0.0
1911,1912,2025-11-07T21:59:52.585837-05:00,2025-11-07T21:59:53.587092-05:00,1.0012550000001283,False,invalid_voltage_state|shutdown_post_run,invalid_voltage_state|negative_power|negative_voltage|shutdown_post_run,invalid_voltage_state|negative_power|negative_voltage|shutdown_post_run,True,0.0
1912,1913,2025-11-07T21:59:53.587092-05:00,2025-11-07T21:59:54.588521-05:00,1.0014289999999164,False,invalid_voltage_state|shutdown_post_run,invalid_voltage_state|negative_power|negative_voltage|shutdown_post_run,invalid_voltage_state|negative_power|negative_voltage|shutdown_post_run,True,0.0
1913,1914,2025-11-07T21:59:54.588521-05:00,2025-11-07T21:59:55.589904-05:00,1.0013830000000326,False,invalid_voltage_state|shutdown_post_run,invalid_voltage_state|negative_power|negative_voltage|shutdown_post_run,invalid_voltage_state|negative_power|negative_voltage|shutdown_post_run,True,0.0
1914,1915,2025-11-07T21:59:55.589904-05:00,2025-11-07T21:59:56.591342-05:00,1.0014380000000074,False,invalid_voltage_state|shutdown_post_run,invalid_voltage_state|negative_power|negative_voltage|shutdown_post_run,invalid_voltage_state|negative_power|negative_voltage|shutdown_post_run,True,0.0
1915,1916,2025-11-07T21:59:56.591342-05:00,2025-11-07T21:59:57.592729-05:00,1.0013870000000225,False,invalid_voltage_state|shutdown_post_run,invalid_voltage_state|negative_power|negative_voltage|shutdown_post_run,invalid_voltage_state|negative_power|negative_voltage|shutdown_post_run,True,0.0
1916,1917,2025-11-07T21:59:57.592729-05:00,2025-11-07T21:59:58.594095-05:00,1.0013659999999618,False,invalid_voltage_state|shutdown_post_run,invalid_voltage_state|negative_power|negative_voltage|shutdown_post_run,invalid_voltage_state|negative_power|negative_voltage|shutdown_post_run,True,0.0
1917,1918,2025-11-07T21:59:58.594095-05:00,2025-11-07T21:59:59.595552-05:00,1.001457000000073,False,invalid_voltage_state|shutdown_post_run,invalid_voltage_state|negative_power|negative_voltage|shutdown_post_run,invalid_voltage_state|negative_power|negative_voltage|shutdown_post_run,True,0.0
