timestamp,car_velocity,car_trip,car_voltage,car_current,power,gps_1,gps_2,timestamp_original,retroceso_detectado,segmento,lap_id,lap_status,crossing_id,seconds_into_lap,distance_into_lap,distance_into_lap_km,source_row,quality_flags
2025-11-07 21:28:00.259091,0.0,4.475875219200034,52.54486354197821,0.14856938871425,7.80655825650539,4.9541745,-74.02098733,2025-11-07 21:28:00.259091,False,1,,partial_start,,,,,2,
2025-11-07 21:28:01.260497,0.0,4.475875219200034,52.54820864406263,0.14856938871425,7.80705523627726,4.9541753,-74.02098616,2025-11-07 21:28:01.260497,False,1,,partial_start,,,,,3,
2025-11-07 21:28:02.261916,0.0,4.475875219200034,52.54486354197821,0.145998685262604,7.67148099443177,4.9541756,-74.020985,2025-11-07 21:28:02.261916,False,1,,partial_start,,,,,4,
2025-11-07 21:28:03.263345,0.0,4.475875219200034,52.54820864406263,0.145998685262604,7.67196937493817,4.9541763,-74.0209845,2025-11-07 21:28:03.263345,False,1,,partial_start,,,,,5,
2025-11-07 21:28:04.264721,0.0,4.475875219200034,52.54820864406263,0.145998685262604,7.67196937493817,4.9541765,-74.020984,2025-11-07 21:28:04.264721,False,1,,partial_start,,,,,6,
2025-11-07 21:28:05.265952,0.0,4.475875219200034,52.54820864406263,0.14856938871425,7.80705523627726,4.9541769,-74.0209855,2025-11-07 21:28:05.265952,False,1,,partial_start,,,,,7,
2025-11-07 21:28:06.267049,0.0,4.475875219200034,52.54820864406263,0.14856938871425,7.80705523627726,4.9541766,-74.02098716,2025-11-07 21:28:06.267049,False,1,,partial_start,,,,,8,
2025-11-07 21:28:07.268526,0.0,4.475875219200034,52.54820864406263,0.14856938871425,7.80705523627726,4.9541769,-74.02098666,2025-11-07 21:28:07.268526,False,1,,partial_start,,,,,9,
2025-11-07 21:28:08.270033,0.0,4.475875219200034,52.54820864406263,0.14856938871425,7.80705523627726,4.9541773,-74.020986,2025-11-07 21:28:08.270033,False,1,,partial_start,,,,,10,
2025-11-07 21:28:09.271676,0.0,4.475875219200034,52.54820864406263,0.143427981810965,7.53688351359945,4.9541766,-74.02098833,2025-11-07 21:28:09.271676,False,1,,partial_start,,,,,11,
2025-11-07 21:28:10.273135,0.0,4.475875219200034,52.54820864406263,0.145998685262604,7.67196937493817,4.9541755,-74.0209905,2025-11-07 21:28:10.273135,False,1,,partial_start,,,,,12,
2025-11-07 21:28:11.274701,0.0,4.475875219200034,52.54486354197821,0.143427981810965,7.53640373235853,4.9541746,-74.02099083,2025-11-07 21:28:11.274701,False,1,,partial_start,,,,,13,
2025-11-07 21:28:12.276220,0.0,4.475875219200034,52.55155374614704,0.14085727835932,7.4022688342358,4.9541726,-74.02099533,2025-11-07 21:28:12.276220,False,1,,partial_start,,,,,14,
2025-11-07 21:28:13.277723,0.0,4.475875219200034,52.54486354197821,0.145998685262604,7.67148099443177,4.9541726,-74.02099466,2025-11-07 21:28:13.277723,False,1,,partial_start,,,,,15,
2025-11-07 21:28:14.279194,0.0,4.475875219200034,52.54820864406263,0.145998685262604,7.67196937493817,4.9541718,-74.02099533,2025-11-07 21:28:14.279194,False,1,,partial_start,,,,,16,
2025-11-07 21:28:15.280745,0.0,4.475875219200034,52.54820864406263,0.14085727835932,7.40179765226035,4.9541721,-74.02099283,2025-11-07 21:28:15.280745,False,1,,partial_start,,,,,17,
2025-11-07 21:28:16.282131,0.0,4.475875219200034,52.54486354197821,0.14085727835932,7.40132647028491,4.9541718,-74.02099083,2025-11-07 21:28:16.282131,False,1,,partial_start,,,,,18,
2025-11-07 21:28:17.283789,0.0,4.475875219200034,52.54486354197821,0.14856938871425,7.80655825650539,4.9541703,-74.02098816,2025-11-07 21:28:17.283789,False,1,,partial_start,,,,,19,
2025-11-07 21:28:18.285136,0.0,4.475875219200034,52.54820864406263,0.143427981810965,7.53688351359945,4.9541698,-74.02098616,2025-11-07 21:28:18.285136,False,1,,partial_start,,,,,20,
2025-11-07 21:28:19.286279,0.0,4.475875219200034,52.54486354197821,0.143427981810965,7.53640373235853,4.9541686,-74.02098683,2025-11-07 21:28:19.286279,False,1,,partial_start,,,,,21,
2025-11-07 21:28:20.287649,0.0,4.475875219200034,52.55155374614704,0.145998685262604,7.67245775544456,4.9541685,-74.02098816,2025-11-07 21:28:20.287649,False,1,,partial_start,,,,,22,
2025-11-07 21:28:21.289007,0.0,4.475875219200034,52.54486354197821,0.138286574907681,7.26624920821166,4.954169,-74.02098716,2025-11-07 21:28:21.289007,False,1,,partial_start,,,,,23,
2025-11-07 21:28:22.290496,0.0,4.475875219200034,52.54820864406263,0.145998685262604,7.67196937493817,4.9541685,-74.02098633,2025-11-07 21:28:22.290496,False,1,,partial_start,,,,,24,
2025-11-07 21:28:23.292055,0.0,4.475875219200034,52.55155374614704,0.143427981810965,7.53736329484037,4.9541685,-74.02098566,2025-11-07 21:28:23.292055,False,1,,partial_start,,,,,25,
2025-11-07 21:28:24.293520,0.0,4.475875219200034,52.54820864406263,0.143427981810965,7.53688351359945,4.9541686,-74.02098516,2025-11-07 21:28:24.293520,False,1,,partial_start,,,,,26,
2025-11-07 21:28:25.295027,0.0,4.475875219200034,52.54820864406263,0.151140092165903,7.94214109761673,4.9541681,-74.0209845,2025-11-07 21:28:25.295027,False,1,,partial_start,,,,,27,
2025-11-07 21:28:26.296338,0.0,4.475875219200034,52.54820864406263,0.151140092165903,7.94214109761673,4.9541681,-74.02098383,2025-11-07 21:28:26.296338,False,1,,partial_start,,,,,28,
2025-11-07 21:28:27.297996,0.0,4.475875219200034,52.54820864406263,0.145998685262604,7.67196937493817,4.9541676,-74.02098433,2025-11-07 21:28:27.297996,False,1,,partial_start,,,,,29,
2025-11-07 21:28:28.299500,0.0,4.475875219200034,52.54820864406263,0.153710795617541,8.07722695895545,4.9541673,-74.02098483,2025-11-07 21:28:28.299500,False,1,,partial_start,,,,,30,
2025-11-07 21:28:29.300944,0.0,4.475875219200034,52.54820864406263,0.14856938871425,7.80705523627726,4.954167,-74.02098583,2025-11-07 21:28:29.300944,False,1,,partial_start,,,,,31,
2025-11-07 21:28:30.302478,0.0,4.475875219200034,52.54486354197821,0.143427981810965,7.53640373235853,4.954167,-74.02098666,2025-11-07 21:28:30.302478,False,1,,partial_start,,,,,32,
2025-11-07 21:28:31.303952,0.0,4.475875219200034,52.54486354197821,0.153710795617541,8.07671278065264,4.9541668,-74.02098733,2025-11-07 21:28:31.303952,False,1,,partial_start,,,,,33,
2025-11-07 21:28:32.305046,0.0,4.475875219200034,52.55489884823146,0.14085727835932,7.40274001621124,4.9541666,-74.02098716,2025-11-07 21:28:32.305046,False,1,,partial_start,,,,,34,
2025-11-07 21:28:33.306178,0.0,4.475875219200034,52.55155374614704,0.138286574907681,7.2671743736316,4.9541664,-74.0209885,2025-11-07 21:28:33.306178,False,1,,partial_start,,,,,35,
2025-11-07 21:28:34.307321,0.0,4.475875219200034,52.54820864406263,0.14085727835932,7.40179765226035,4.954166,-74.0209885,2025-11-07 21:28:34.307321,False,1,,partial_start,,,,,36,
2025-11-07 21:28:35.308469,0.0,4.475875219200034,52.54820864406263,0.145998685262604,7.67196937493817,4.9541655,-74.02098983,2025-11-07 21:28:35.308469,False,1,,partial_start,,,,,37,
2025-11-07 21:28:36.309525,0.0,4.475875219200034,52.54820864406263,0.14085727835932,7.40179765226035,4.9541651,-74.0209915,2025-11-07 21:28:36.309525,False,1,,partial_start,,,,,38,
2025-11-07 21:28:37.311067,0.0,4.475875219200034,52.54820864406263,0.145998685262604,7.67196937493817,4.9541646,-74.0209925,2025-11-07 21:28:37.311067,False,1,,partial_start,,,,,39,
2025-11-07 21:28:38.312550,0.0,4.475875219200034,52.54820864406263,0.135715871456035,7.13162592958254,4.954164,-74.02099333,2025-11-07 21:28:38.312550,False,1,,partial_start,,,,,40,
2025-11-07 21:28:39.314156,0.0,4.475875219200034,52.54820864406263,0.128003761101105,6.72636834556563,4.9541641,-74.020994,2025-11-07 21:28:39.314156,False,1,,partial_start,,,,,41,
2025-11-07 21:28:40.315839,0.0,4.475875219200034,52.54486354197821,0.138286574907681,7.26624920821166,4.9541646,-74.0209955,2025-11-07 21:28:40.315839,False,1,,partial_start,,,,,42,
2025-11-07 21:28:41.317298,0.0,4.475875219200034,52.54486354197821,0.138286574907681,7.26624920821166,4.954166,-74.02099466,2025-11-07 21:28:41.317298,False,1,,partial_start,,,,,43,
2025-11-07 21:28:42.318603,0.0,4.475875219200034,52.54820864406263,0.138286574907681,7.26671179092163,4.9541668,-74.0209935,2025-11-07 21:28:42.318603,False,1,,partial_start,,,,,44,
2025-11-07 21:28:43.319932,0.0,4.475875219200034,52.54486354197821,0.133145168004396,6.99609468406479,4.9541676,-74.020992,2025-11-07 21:28:43.319932,False,1,,partial_start,,,,,45,
2025-11-07 21:28:44.321266,0.0,4.475875219200034,52.54486354197821,0.14085727835932,7.40132647028491,4.9541678,-74.02099083,2025-11-07 21:28:44.321266,False,1,,partial_start,,,,,46,
2025-11-07 21:28:45.322702,0.0,4.475875219200034,52.54820864406263,0.130574464552751,6.86145420690472,4.9541675,-74.02099133,2025-11-07 21:28:45.322702,False,1,,partial_start,,,,,47,
2025-11-07 21:28:46.324080,0.0,4.475875219200034,52.06985904599139,3.35166588946195,174.520770433541,4.9541649,-74.02098966,2025-11-07 21:28:46.324080,False,1,,partial_start,,,,,48,
2025-11-07 21:28:47.325440,8.05254912,4.478112038400035,51.44097985412152,8.87353690359203,456.463433092481,4.9541575,-74.02098516,2025-11-07 21:28:47.325440,False,1,,partial_start,,,,,49,
2025-11-07 21:28:48.326776,16.10509824,4.482585676800035,50.95259494979706,13.0637835297708,665.633670704241,4.9541436,-74.02097283,2025-11-07 21:28:48.326776,False,1,,partial_start,,,,,50,
2025-11-07 21:28:49.328096,16.10509824,4.487059315200035,50.48762576006348,16.8015863484603,848.272203736457,4.9541238,-74.02095283,2025-11-07 21:28:49.328096,False,1,,partial_start,,,,,51,
2025-11-07 21:28:50.329497,16.10509824,4.491532953600036,50.00593105990784,20.3800055531479,1019.12115269125,4.9541006,-74.02091783,2025-11-07 21:28:50.329497,False,1,,partial_start,,,,,52,
2025-11-07 21:28:51.330857,24.157647359999995,4.498243411200035,49.86878187444685,22.9558504116946,1144.78029692323,4.9540803,-74.02086433,2025-11-07 21:28:51.330857,False,1,,partial_start,,,,,53,
2025-11-07 21:28:52.332405,32.21019648,4.507190688000035,49.84536615985596,24.539403737907,1223.17556466051,4.9540646,-74.0207955,2025-11-07 21:28:52.332405,False,1,,partial_start,,,,,54,
2025-11-07 21:28:53.333885,32.21019648,4.516137964800035,49.57106778893399,19.9558394836268,989.23227182795,4.954052,-74.02072066,2025-11-07 21:28:53.333885,False,1,,partial_start,,,,,55,
2025-11-07 21:28:54.335210,40.2627456,4.527322060800035,49.49078533890805,20.9584138297677,1037.24835989303,4.9540495,-74.0206365,2025-11-07 21:28:54.335210,False,1,,partial_start,,,,,56,
2025-11-07 21:28:55.336552,32.21019648,4.536269337600035,49.69818166814173,20.9609845332194,1041.72281727504,4.9540636,-74.0205465,2025-11-07 21:28:55.336552,False,1,,partial_start,,,,,57,
2025-11-07 21:28:56.337941,48.31529471999999,4.549690252800035,50.30699024750511,15.3876994500564,774.10884616553,4.9540963,-74.02045283,2025-11-07 21:28:56.337941,False,1,,partial_start,,,,,58,
2025-11-07 21:28:57.339263,40.2627456,4.560874348800035,50.771959437238685,11.0637762443922,561.729598702966,4.9541361,-74.02035716,2025-11-07 21:28:57.339263,False,1,,partial_start,,,,,59,
2025-11-07 21:28:58.340758,48.31529471999999,4.574295264000035,51.09308923734245,8.36967902706991,427.632757417996,4.9541801,-74.02025866,2025-11-07 21:28:58.340758,False,1,,partial_start,,,,,60,
2025-11-07 21:28:59.342344,40.2627456,4.585479360000035,51.39414842493973,5.96350059633167,306.489034780086,4.9542256,-74.020159,2025-11-07 21:28:59.342344,False,1,,partial_start,,,,,61,
2025-11-07 21:29:00.343998,48.31529471999999,4.598900275200036,51.62496046876431,3.71670577959532,191.874788945636,4.9542721,-74.020058,2025-11-07 21:29:00.343998,False,1,,partial_start,,,,,62,
2025-11-07 21:29:01.353419,48.31529471999999,4.612321190400036,51.73200373546556,3.19999438581499,165.54212152045,4.9543186,-74.01995416,2025-11-07 21:29:01.353419,False,1,,partial_start,,,,,63,
2025-11-07 21:29:02.354608,48.31529471999999,4.625742105600036,51.91263924802393,1.87608210821863,97.392373683626,4.9543638,-74.01984766,2025-11-07 21:29:02.354608,False,1,,partial_start,,,,,64,
2025-11-07 21:29:03.355801,48.31529471999999,4.639163020800036,51.9761961876278,1.27710820398571,66.3792265631903,4.9544093,-74.01973983,2025-11-07 21:29:03.355801,False,1,,partial_start,,,,,65,
2025-11-07 21:29:04.357610,48.31529471999999,4.6525839360000365,52.15014149601734,0.187129940488908,9.75885287463789,4.9544596,-74.0196365,2025-11-07 21:29:04.357610,False,1,,partial_start,,,,,66,
2025-11-07 21:29:05.358952,48.31529471999999,4.666004851200037,52.16686700643941,0.0843018024231696,4.39776091541262,4.9545203,-74.01953966,2025-11-07 21:29:05.358952,False,1,,partial_start,,,,,67,
2025-11-07 21:29:06.360339,40.2627456,4.677188947200037,52.1869376189459,0.0791603955198851,4.13113862288733,4.9545933,-74.01946133,2025-11-07 21:29:06.360339,False,1,,partial_start,,,,,68,
2025-11-07 21:29:07.361845,48.31529471999999,4.690609862400037,52.20031802728355,0.0765896920682394,3.99800628357381,4.954677,-74.0194015,2025-11-07 21:29:07.361845,False,1,,partial_start,,,,,69,
2025-11-07 21:29:08.363277,32.21019648,4.699557139200037,52.21704353770563,0.0765896920682394,3.99928728526672,4.9547613,-74.01937066,2025-11-07 21:29:08.363277,False,1,,partial_start,,,,,70,
2025-11-07 21:29:09.364613,32.21019648,4.708504416000037,52.14345129184851,1.46734025940732,76.5121853449744,4.954839,-74.0193715,2025-11-07 21:29:09.364613,False,1,,partial_start,,,,,71,
2025-11-07 21:29:10.366069,32.21019648,4.7174516928000365,50.01596636616108,24.1975001788384,1210.26135508996,4.9549023,-74.01940466,2025-11-07 21:29:10.366069,False,1,,partial_start,,,,,72,
2025-11-07 21:29:11.367574,32.21019648,4.726398969600036,49.89888779320658,23.4519961778618,1170.22852580583,4.9549353,-74.01946583,2025-11-07 21:29:11.367574,False,1,,partial_start,,,,,73,
2025-11-07 21:29:12.369116,32.21019648,4.735346246400036,49.49747554307688,20.0895160631122,994.38033000615,4.9549368,-74.0195385,2025-11-07 21:29:12.369116,False,1,,partial_start,,,,,74,
2025-11-07 21:29:13.371947,32.21019648,4.744293523200036,49.33356554094058,20.7501868501846,1023.68070296034,4.9549098,-74.01960733,2025-11-07 21:29:13.371947,False,1,,partial_start,,,,,75,
2025-11-07 21:29:14.373397,32.21019648,4.753240800000036,49.64131493270669,18.6730584612567,926.955175832089,4.9548681,-74.01967066,2025-11-07 21:29:14.373397,False,1,,partial_start,,,,,76,
2025-11-07 21:29:15.374901,40.2627456,4.764424896000036,49.53761676808985,23.2746176396984,1152.9690890592,4.95481,-74.01972483,2025-11-07 21:29:15.374901,False,1,,partial_start,,,,,77,
2025-11-07 21:29:16.376483,32.21019648,4.773372172800036,49.45064411389508,22.9224312668233,1133.5289908009,4.954736,-74.01976683,2025-11-07 21:29:16.376483,False,1,,partial_start,,,,,78,
2025-11-07 21:29:17.377999,40.2627456,4.784556268800036,49.31684003051851,22.6370831836909,1116.38941012762,4.9546563,-74.01980616,2025-11-07 21:29:17.377999,False,1,,partial_start,,,,,79,
2025-11-07 21:29:18.379675,40.2627456,4.795740364800036,49.46067942014832,20.6910606707968,1023.39391870112,4.9545796,-74.0198555,2025-11-07 21:29:18.379675,False,1,,partial_start,,,,,80,
2025-11-07 21:29:19.381346,40.2627456,4.806924460800036,49.64466003479111,19.3542948759422,960.837389329253,4.9545086,-74.019917,2025-11-07 21:29:19.381346,False,1,,partial_start,,,,,81,
2025-11-07 21:29:20.383073,40.2627456,4.818108556800036,49.66473064729759,18.8041643372905,933.903756859055,4.9544501,-74.01999133,2025-11-07 21:29:20.383073,False,1,,partial_start,,,,,82,
2025-11-07 21:29:21.384686,40.2627456,4.829292652800036,49.70487187231056,18.0072462672811,895.04786848835,4.9544045,-74.020076,2025-11-07 21:29:21.384686,False,1,,partial_start,,,,,83,
2025-11-07 21:29:22.385970,40.2627456,4.840476748800036,49.831985751518296,16.8298640864284,838.66554735489,4.9543649,-74.02016333,2025-11-07 21:29:22.385970,False,1,,partial_start,,,,,84,
2025-11-07 21:29:23.387680,40.2627456,4.851660844800036,49.91561330362865,15.9763905404828,797.47133220649,4.954325,-74.02025216,2025-11-07 21:29:23.387680,False,1,,partial_start,,,,,85,
2025-11-07 21:29:24.388948,40.2627456,4.862844940800036,49.88885248695334,15.7578807470931,786.14258809873,4.9542825,-74.02034066,2025-11-07 21:29:24.388948,False,1,,partial_start,,,,,86,
2025-11-07 21:29:25.390358,40.2627456,4.874029036800036,49.90223289529099,15.6473404986724,780.837229756671,4.9542413,-74.02042816,2025-11-07 21:29:25.390358,False,1,,partial_start,,,,,87,
2025-11-07 21:29:26.391804,40.2627456,4.885213132800036,49.8554014661092,16.4519706790368,820.219603112038,4.9542091,-74.02051783,2025-11-07 21:29:26.391804,False,1,,partial_start,,,,,88,
2025-11-07 21:29:27.397650,48.31529471999999,4.898634048000036,49.718252280648215,16.9892477004303,844.675703228416,4.9541903,-74.02061216,2025-11-07 21:29:27.397650,False,1,,partial_start,,,,,89,
2025-11-07 21:29:28.398634,40.2627456,4.909818144000036,50.93586943937498,6.34653541062654,323.266299068043,4.9541888,-74.02070866,2025-11-07 21:29:28.398634,False,1,,partial_start,,,,,90,
2025-11-07 21:29:29.400424,32.21019648,4.918765420800036,51.70524291879025,0.0277463264870121,1.43463055111502,4.954211,-74.02079666,2025-11-07 21:29:29.400424,False,1,,partial_start,,,,,91,
2025-11-07 21:29:30.401755,40.2627456,4.929949516800036,51.725313531296734,0.266821747489849,13.8014385458809,4.9542565,-74.02087183,2025-11-07 21:29:30.401755,False,1,,partial_start,,,,,92,
2025-11-07 21:29:31.403139,32.21019648,4.938896793600036,50.59132392468032,10.5110750022888,531.769200237407,4.9543181,-74.02093183,2025-11-07 21:29:31.403139,False,1,,partial_start,,,,,93,
2025-11-07 21:29:32.404517,32.21019648,4.947844070400036,49.85205636402478,16.6653390655232,830.801422420048,4.954398,-74.02094433,2025-11-07 21:29:32.404517,False,1,,partial_start,,,,,94,
2025-11-07 21:29:33.405955,40.2627456,4.959028166400036,49.28673411175878,22.398007762688,1103.92465323271,4.9544776,-74.02092433,2025-11-07 21:29:33.405955,False,1,,partial_start,,,,,95,
2025-11-07 21:29:34.407464,40.2627456,4.970212262400036,49.17300064088871,21.590806878872,1061.68476049207,4.9545468,-74.02087833,2025-11-07 21:29:34.407464,False,1,,partial_start,,,,,96,
2025-11-07 21:29:35.408532,32.21019648,4.979159539200036,49.430573501388594,18.1743419916379,898.368147657032,4.9546061,-74.02081883,2025-11-07 21:29:35.408532,False,1,,partial_start,,,,,97,
2025-11-07 21:29:36.409602,40.2627456,4.990343635200036,50.12969983703116,13.6370503994872,683.621243188763,4.9546651,-74.02075183,2025-11-07 21:29:36.409602,False,1,,partial_start,,,,,98,
2025-11-07 21:29:37.410760,48.31529471999999,5.003764550400036,50.19994698080386,12.7424455983153,639.670093441209,4.9547308,-74.0206765,2025-11-07 21:29:37.410760,False,1,,partial_start,,,,,99,
2025-11-07 21:29:38.412623,40.2627456,5.014948646400036,50.19994698080386,12.7424455983153,639.670093441209,4.9547861,-74.02059033,2025-11-07 21:29:38.412623,False,1,,partial_start,,,,,100,
2025-11-07 21:29:39.413809,40.2627456,5.026132742400036,50.40399820795312,10.6678879128391,537.704203241388,4.9548314,-74.02049616,2025-11-07 21:29:39.413809,False,1,,partial_start,,,,,101,
2025-11-07 21:29:40.415600,48.31529471999999,5.039553657600036,50.69836719138158,8.40566887539292,426.153687133837,4.9548705,-74.02039716,2025-11-07 21:29:40.415600,False,1,,partial_start,,,,,102,
2025-11-07 21:29:41.416754,48.31529471999999,5.052974572800037,50.899073316446426,6.71157530075991,341.612963302229,4.9549023,-74.02029316,2025-11-07 21:29:41.416754,False,1,,partial_start,,,,,103,
2025-11-07 21:29:42.418251,40.2627456,5.064158668800037,51.06298331858272,5.65244547868282,288.630729187179,4.9549311,-74.02018833,2025-11-07 21:29:42.418251,False,1,,partial_start,,,,,104,
2025-11-07 21:29:43.419407,48.31529471999999,5.077579584000037,51.253654137394335,4.1357304422132,211.971297690688,4.9549603,-74.020082,2025-11-07 21:29:43.419407,False,1,,partial_start,,,,,105,
2025-11-07 21:29:44.421621,48.31529471999999,5.091000499200037,51.37407781243324,2.93778263374736,150.925873622152,4.9549905,-74.0199725,2025-11-07 21:29:44.421621,False,1,,partial_start,,,,,106,
2025-11-07 21:29:45.422828,48.31529471999999,5.104421414400037,51.45101516037477,2.25140481215856,115.837063122511,4.9550223,-74.019863,2025-11-07 21:29:45.422828,False,1,,partial_start,,,,,107,
2025-11-07 21:29:46.423957,48.31529471999999,5.1178423296000375,51.58147414166693,1.50847151463361,77.8091844255151,4.9550548,-74.01975416,2025-11-07 21:29:46.423957,False,1,,partial_start,,,,,108,
2025-11-07 21:29:47.425368,48.31529471999999,5.131263244800038,51.61827026459548,0.986618713950008,50.9275514247791,4.955085,-74.01964433,2025-11-07 21:29:47.425368,False,1,,partial_start,,,,,109,
2025-11-07 21:29:48.426708,48.31529471999999,5.144684160000038,51.661756591692864,0.942916755272065,48.7127358970942,4.9551096,-74.01953183,2025-11-07 21:29:48.426708,False,1,,partial_start,,,,,110,
2025-11-07 21:29:49.427776,48.31529471999999,5.158105075200038,51.79556067506943,0.0457412506485113,2.36919372331852,4.9551183,-74.01941733,2025-11-07 21:29:49.427776,False,1,,partial_start,,,,,111,
2025-11-07 21:29:50.429235,40.2627456,5.169289171200038,51.8122861854915,0.117720947294529,6.09939141125131,4.9551011,-74.019311,2025-11-07 21:29:50.429235,False,1,,partial_start,,,,,112,
2025-11-07 21:29:51.430730,48.31529471999999,5.182710086400038,51.70524291879025,1.52389573534348,78.7933991788434,4.955054,-74.01921683,2025-11-07 21:29:51.430730,False,1,,partial_start,,,,,113,
2025-11-07 21:29:52.432256,40.2627456,5.193894182400038,51.8122861854915,0.421063954588454,21.8162861175318,4.9549771,-74.01915333,2025-11-07 21:29:52.432256,False,1,,partial_start,,,,,114,
2025-11-07 21:29:53.433731,40.2627456,5.2050782784000384,51.79890577715385,0.670422189397868,34.7271358195333,4.9548895,-74.0191385,2025-11-07 21:29:53.433731,False,1,,partial_start,,,,,115,
2025-11-07 21:29:54.435303,40.2627456,5.216262374400039,51.82901169591358,0.482760837427896,25.0210170893794,4.9547995,-74.0191565,2025-11-07 21:29:54.435303,False,1,,partial_start,,,,,116,
2025-11-07 21:29:55.436731,32.21019648,5.225209651200038,51.87584312509537,0.0920139127780999,4.77329930460291,4.95471,-74.01918233,2025-11-07 21:29:55.436731,False,1,,partial_start,,,,,117,
2025-11-07 21:29:56.438057,40.2627456,5.236393747200038,51.89256863551745,0.104867430036314,5.44184031078978,4.9546216,-74.01918599,2025-11-07 21:29:56.438057,False,1,,partial_start,,,,,118,
2025-11-07 21:29:57.439437,32.21019648,5.245341024000038,51.835701900082405,0.698699927365943,36.2176011525502,4.9545575,-74.01915716,2025-11-07 21:29:57.439437,False,1,,partial_start,,,,,119,
2025-11-07 21:29:58.440719,32.21019648,5.254288300800038,49.54430697225868,24.8196104141361,1229.67039728983,4.9545091,-74.01910766,2025-11-07 21:29:58.440719,False,1,,partial_start,,,,,120,
2025-11-07 21:29:59.442108,32.21019648,5.263235577600038,49.651350238959935,19.7578953178502,981.00618041129,4.9544888,-74.01903366,2025-11-07 21:29:59.442108,False,1,,partial_start,,,,,121,
2025-11-07 21:30:00.443467,32.21019648,5.272182854400038,49.2900792138432,23.2977539707632,1148.34813872355,4.954501,-74.01895516,2025-11-07 21:30:00.443467,False,1,,partial_start,,,,,122,
2025-11-07 21:30:01.444565,40.2627456,5.283366950400038,49.39043227637563,22.5959519284646,1116.02383344307,4.9545436,-74.01888533,2025-11-07 21:30:01.444565,False,1,,partial_start,,,,,123,
2025-11-07 21:30:02.446122,32.21019648,5.292314227200038,49.14623982421339,22.4854116800439,1105.0734349736,4.9546104,-74.01882633,2025-11-07 21:30:02.446122,False,1,,partial_start,,,,,124,
2025-11-07 21:30:03.447323,40.2627456,5.303498323200038,49.22652227423933,20.4339903256325,1005.89427991633,4.9546943,-74.01878933,2025-11-07 21:30:03.447323,False,1,,partial_start,,,,,125,
2025-11-07 21:30:04.448598,40.2627456,5.314682419200038,49.51754615558337,19.0535225720999,943.48368339041,4.9547865,-74.018771,2025-11-07 21:30:04.448598,False,1,,partial_start,,,,,126,
2025-11-07 21:30:05.454551,40.2627456,5.325866515200038,49.50416574724571,18.3260134952848,907.214009556845,4.9548813,-74.01877033,2025-11-07 21:30:05.454551,False,1,,partial_start,,,,,127,
2025-11-07 21:30:06.458350,40.2627456,5.337050611200038,49.53761676808985,17.9121302395703,887.324243307946,4.9549756,-74.01879516,2025-11-07 21:30:06.458350,False,1,,partial_start,,,,,128,
2025-11-07 21:30:07.460228,40.2627456,5.348234707200038,49.50416574724571,17.5573731632435,869.16311115945,4.9550635,-74.01883449,2025-11-07 21:30:07.460228,False,1,,partial_start,,,,,129,
2025-11-07 21:30:08.461630,40.2627456,5.359418803200038,49.524236359752194,16.9943891073336,841.634142941187,4.9551406,-74.01888833,2025-11-07 21:30:08.461630,False,1,,partial_start,,,,,130,
2025-11-07 21:30:09.463168,40.2627456,5.370602899200038,49.48744023682364,18.4082760057374,910.978458696888,4.9552051,-74.01895666,2025-11-07 21:30:09.463168,False,1,,partial_start,,,,,131,
2025-11-07 21:30:10.464498,40.2627456,5.381786995200038,49.39712248054445,18.2437509848323,901.188801902314,4.9552536,-74.0190365,2025-11-07 21:30:10.464498,False,1,,partial_start,,,,,132,
2025-11-07 21:30:11.465879,40.2627456,5.392971091200038,49.4071577867977,18.5805131369975,918.010344319307,4.9552828,-74.019124,2025-11-07 21:30:11.465879,False,1,,partial_start,,,,,133,
2025-11-07 21:30:12.467177,40.2627456,5.404155187200038,49.44729901181067,17.8015899911496,880.240543178032,4.9552955,-74.01921683,2025-11-07 21:30:12.467177,False,1,,partial_start,,,,,134,
2025-11-07 21:30:13.468392,40.2627456,5.415339283200038,49.34025574510942,18.6679170543534,921.079801690289,4.9552958,-74.0193125,2025-11-07 21:30:13.468392,False,1,,partial_start,,,,,135,
2025-11-07 21:30:14.469605,40.2627456,5.426523379200038,49.32687533677176,18.6242150956755,918.674336269609,4.9552831,-74.01940666,2025-11-07 21:30:14.469605,False,1,,partial_start,,,,,136,
2025-11-07 21:30:15.470712,40.2627456,5.437707475200038,49.49747554307688,17.9661150120548,889.277338413289,4.955262,-74.01949983,2025-11-07 21:30:15.470712,False,1,,partial_start,,,,,137,
2025-11-07 21:30:16.472545,40.2627456,5.448891571200038,49.32353023468734,18.9789721720023,936.109907749046,4.9552378,-74.01959149,2025-11-07 21:30:16.472545,False,1,,partial_start,,,,,138,
2025-11-07 21:30:17.473727,40.2627456,5.460075667200038,49.32353023468734,18.4622607782219,910.623877695314,4.9552106,-74.01968133,2025-11-07 21:30:17.473727,False,1,,partial_start,,,,,139,
2025-11-07 21:30:18.475547,40.2627456,5.471259763200038,49.4071577867977,17.0997879488509,844.851921309662,4.9551841,-74.01977266,2025-11-07 21:30:18.475547,False,1,,partial_start,,,,,140,
2025-11-07 21:30:19.476699,40.2627456,5.482443859200038,49.48744023682364,16.9918184038819,840.881597777068,4.9551588,-74.01986516,2025-11-07 21:30:19.476699,False,1,,partial_start,,,,,141,
2025-11-07 21:30:20.477844,40.2627456,5.493627955200038,49.43726370555742,17.5033883907589,865.319627614744,4.955133,-74.01995733,2025-11-07 21:30:20.477844,False,1,,partial_start,,,,,142,
2025-11-07 21:30:21.478963,40.2627456,5.504812051200038,49.4774049305704,17.2308938248847,852.539911089489,4.9551066,-74.02005,2025-11-07 21:30:21.478963,False,1,,partial_start,,,,,143,
2025-11-07 21:30:22.480061,40.2627456,5.515996147200038,49.37705186803797,17.2643129697561,852.46087697369,4.9550798,-74.02014266,2025-11-07 21:30:22.480061,False,1,,partial_start,,,,,144,
2025-11-07 21:30:23.481621,40.2627456,5.527180243200038,49.35698125553149,17.8864232050538,882.819854860347,4.955055,-74.02023599,2025-11-07 21:30:23.481621,False,1,,partial_start,,,,,145,
2025-11-07 21:30:24.482920,40.2627456,5.538364339200038,49.39043227637563,17.4211258803064,860.436937969488,4.9550303,-74.02032816,2025-11-07 21:30:24.482920,False,1,,partial_start,,,,,146,
2025-11-07 21:30:25.484396,40.2627456,5.549548435200038,49.44729901181067,16.6216371068453,821.895060087987,4.9550043,-74.02042033,2025-11-07 21:30:25.484396,False,1,,partial_start,,,,,147,
2025-11-07 21:30:26.485659,40.2627456,5.560732531200038,49.44060880764184,16.9866769969786,839.83165234939,4.954977,-74.02051216,2025-11-07 21:30:26.485659,False,1,,partial_start,,,,,148,
2025-11-07 21:30:27.486721,40.2627456,5.571916627200038,49.3603263576159,16.464824196295,812.709095749894,4.9549506,-74.02060466,2025-11-07 21:30:27.486721,False,1,,partial_start,,,,,149,
2025-11-07 21:30:28.487895,40.2627456,5.583100723200039,49.34360084719383,17.1434899075289,845.921523125002,4.9549231,-74.020697,2025-11-07 21:30:28.487895,False,1,,partial_start,,,,,150,
2025-11-07 21:30:29.489629,40.2627456,5.594284819200039,49.31014982634969,16.8915609692678,832.925402195518,4.9548881,-74.0207855,2025-11-07 21:30:29.489629,False,1,,partial_start,,,,,151,
2025-11-07 21:30:30.490979,40.2627456,5.605468915200039,49.42053819513536,16.2308901821955,802.13932819024,4.9548428,-74.02086883,2025-11-07 21:30:30.490979,False,1,,partial_start,,,,,152,
2025-11-07 21:30:31.492337,48.31529471999999,5.618889830400039,49.4774049305704,15.9249764714499,787.926509387734,4.954785,-74.02094483,2025-11-07 21:30:31.492337,False,1,,partial_start,,,,,153,
2025-11-07 21:30:32.493597,40.2627456,5.630073926400039,49.62458942228462,13.8427066756187,686.938635270699,4.954714,-74.021013,2025-11-07 21:30:32.493597,False,1,,partial_start,,,,,154,
2025-11-07 21:30:33.541125,32.21019648,5.639021203200039,49.84536615985596,12.9378190606402,644.890328387578,4.9546315,-74.021067,2025-11-07 21:30:33.541125,False,1,,partial_start,,,,,155,
2025-11-07 21:30:34.542525,40.2627456,5.650205299200039,50.13304493911558,10.2925652088991,515.99763415652,4.9545366,-74.0211,2025-11-07 21:30:34.542525,False,1,,partial_start,,,,,156,
2025-11-07 21:30:35.543847,48.31529471999999,5.663626214400039,50.38392759544664,7.74756879177221,390.352945045393,4.9544313,-74.02111583,2025-11-07 21:30:35.543847,False,1,,partial_start,,,,,157,
2025-11-07 21:30:36.545111,40.2627456,5.674810310400039,50.38392759544664,7.74756879177221,390.352945045393,4.954326,-74.02109483,2025-11-07 21:30:36.545111,False,1,,partial_start,,,,,158,
2025-11-07 21:30:37.546697,48.31529471999999,5.688231225600039,50.58128861842708,6.05347521713919,306.192577102613,4.954231,-74.0210475,2025-11-07 21:30:37.546697,False,1,,partial_start,,,,,159,
2025-11-07 21:30:38.548555,48.31529471999999,5.701652140800039,51.11985005401777,1.14857303140354,58.7148811414377,4.9541451,-74.02098283,2025-11-07 21:30:38.548555,False,1,,partial_start,,,,,160,
2025-11-07 21:30:39.549989,40.2627456,5.712836236800039,51.28710515823848,0.516179982299263,26.47337703276,4.9540768,-74.02089883,2025-11-07 21:30:39.549989,False,1,,partial_start,,,,,161,
2025-11-07 21:30:40.551431,48.31529471999999,5.72625715200004,51.32724638325145,0.354225664845721,18.1814279748073,4.9540326,-74.02079966,2025-11-07 21:30:40.551431,False,1,,partial_start,,,,,162,
2025-11-07 21:30:41.555755,40.2627456,5.73744124800004,51.33059148533586,0.714124148075804,36.6564149146925,4.9540161,-74.02069016,2025-11-07 21:30:41.555755,False,1,,partial_start,,,,,163,
2025-11-07 21:30:42.558550,48.31529471999999,5.75086216320004,51.37742291451765,0.354225664845721,18.1992017899548,4.9540271,-74.02058266,2025-11-07 21:30:42.558550,False,1,,partial_start,,,,,164,
2025-11-07 21:30:43.560018,40.2627456,5.76204625920004,51.40752883327738,0.498185058137757,25.6104627405247,4.9540618,-74.020481,2025-11-07 21:30:43.560018,False,1,,partial_start,,,,,165,
2025-11-07 21:30:44.561655,48.31529471999999,5.77546717440004,50.932524337290566,4.28226053895687,218.106339119039,4.9541051,-74.02038033,2025-11-07 21:30:44.561655,False,1,,partial_start,,,,,166,
2025-11-07 21:30:45.563136,48.31529471999999,5.78888808960004,51.414219037446216,0.56502334788049,29.0502341691987,4.9541515,-74.02028116,2025-11-07 21:30:45.563136,False,1,,partial_start,,,,,167,
2025-11-07 21:30:46.564582,40.2627456,5.80007218560004,51.44767005829036,0.577876865138705,29.7304182919752,4.9541971,-74.02018133,2025-11-07 21:30:46.564582,False,1,,partial_start,,,,,168,
2025-11-07 21:30:47.566070,48.31529471999999,5.813493100800041,51.4811210791345,0.361937775200658,18.6329624282176,4.954243,-74.02008016,2025-11-07 21:30:47.566070,False,1,,partial_start,,,,,169,
2025-11-07 21:30:48.567543,48.31529471999999,5.826914016000041,51.51791720206306,0.0894432093264541,4.60792785236705,4.954287,-74.01998116,2025-11-07 21:30:48.567543,False,1,,partial_start,,,,,170,
2025-11-07 21:30:49.569124,40.2627456,5.838098112000041,51.54133291665395,0.0740189886165936,3.81503733444187,4.9543308,-74.01988616,2025-11-07 21:30:49.569124,False,1,,partial_start,,,,,171,
2025-11-07 21:30:50.570633,40.2627456,5.849282208000041,51.55805842707603,0.0740189886165936,3.8162753398074,4.9543735,-74.01979133,2025-11-07 21:30:50.570633,False,1,,partial_start,,,,,172,
2025-11-07 21:30:51.572009,48.31529471999999,5.862703123200041,51.57143883541368,0.0817310989715238,4.21499037156108,4.9544134,-74.019697,2025-11-07 21:30:51.572009,False,1,,partial_start,,,,,173,
2025-11-07 21:30:52.573173,32.21019648,5.871650400000041,51.57812903958251,0.0817310989715238,4.21553716930014,4.9544515,-74.01960966,2025-11-07 21:30:52.573173,False,1,,partial_start,,,,,174,
2025-11-07 21:30:53.574362,40.2627456,5.882834496000041,51.59485455000458,0.0817310989715238,4.2169041636478,4.9544914,-74.01953166,2025-11-07 21:30:53.574362,False,1,,partial_start,,,,,175,
2025-11-07 21:30:54.575995,32.21019648,5.891781772800041,51.60823495834224,0.0765896920682394,3.95265882364478,4.9545375,-74.01946316,2025-11-07 21:30:54.575995,False,1,,partial_start,,,,,176,
2025-11-07 21:30:55.577400,32.21019648,5.900729049600041,51.61492516251107,0.0714482851649478,3.68779789177853,4.9545933,-74.01940683,2025-11-07 21:30:55.577400,False,1,,partial_start,,,,,177,
2025-11-07 21:30:56.578925,32.21019648,5.9096763264000405,51.51791720206306,1.25397187292092,64.6020191228559,4.954658,-74.01936766,2025-11-07 21:30:56.578925,False,1,,partial_start,,,,,178,
2025-11-07 21:30:57.580313,32.21019648,5.91862360320004,51.0562931144139,4.77840630512405,243.967712934177,4.9547301,-74.0193435,2025-11-07 21:30:57.580313,False,1,,partial_start,,,,,179,
2025-11-07 21:30:58.581880,32.21019648,5.92757088000004,51.598199652088994,0.0611654713583789,3.15602820296376,4.9548021,-74.01933966,2025-11-07 21:30:58.581880,False,1,,partial_start,,,,,180,
2025-11-07 21:30:59.583350,24.157647359999995,5.93428133760004,51.6216153666799,0.0431705471968726,2.22853338256606,4.9548655,-74.01935883,2025-11-07 21:30:59.583350,False,1,,partial_start,,,,,181,
2025-11-07 21:31:00.584768,24.157647359999995,5.94099179520004,51.63499577501755,0.0560240644550944,2.89280233143811,4.954908,-74.019399,2025-11-07 21:31:00.584768,False,1,,partial_start,,,,,182,
2025-11-07 21:31:01.586230,24.157647359999995,5.947702252800039,51.65172128543963,0.0457412506485113,2.36261432974434,4.954927,-74.019451,2025-11-07 21:31:01.586230,False,1,,partial_start,,,,,183,
2025-11-07 21:31:02.587737,24.157647359999995,5.954412710400039,51.63499577501755,0.354225664845721,18.2904407077115,4.954928,-74.01950366,2025-11-07 21:31:02.587737,False,1,,partial_start,,,,,184,
2025-11-07 21:31:03.589209,16.10509824,5.958886348800039,51.126540258186594,5.1305926779992,262.309453100083,4.9549196,-74.01955016,2025-11-07 21:31:03.589209,False,1,,partial_start,,,,,185,
2025-11-07 21:31:04.590446,24.157647359999995,5.965596806400039,51.07301862483597,5.23342081606493,267.286598810488,4.9549036,-74.01959516,2025-11-07 21:31:04.590446,False,1,,partial_start,,,,,186,
2025-11-07 21:31:05.591834,16.10509824,5.970070444800039,51.59150944792017,0.523892092654193,27.0283838478595,4.9548816,-74.01963416,2025-11-07 21:31:05.591834,False,1,,partial_start,,,,,187,
2025-11-07 21:31:06.593221,16.10509824,5.97454408320004,51.461050466628016,2.07659697744681,106.863861855237,4.9548566,-74.019668,2025-11-07 21:31:06.593221,False,1,,partial_start,,,,,188,
2025-11-07 21:31:07.594710,24.157647359999995,5.981254540800039,51.40418373119297,2.47762671590319,127.360378921599,4.9548288,-74.0196965,2025-11-07 21:31:07.594710,False,1,,partial_start,,,,,189,
2025-11-07 21:31:08.596224,16.10509824,5.98572817920004,49.58779329935607,18.8427248890652,934.369146995598,4.9548,-74.01972133,2025-11-07 21:31:08.596224,False,1,,partial_start,,,,,190,
2025-11-07 21:31:09.597614,16.10509824,5.99020181760004,49.29342431592761,20.7656110708944,1023.60807769712,4.9547646,-74.01974316,2025-11-07 21:31:09.597614,False,1,,partial_start,,,,,191,
2025-11-07 21:31:10.599972,24.157647359999995,5.99691227520004,49.10944370128484,22.0998061622974,1085.30918653665,4.9547216,-74.01976316,2025-11-07 21:31:10.599972,False,1,,partial_start,,,,,192,
2025-11-07 21:31:11.601781,24.157647359999995,6.003622732800039,49.06595737418745,22.6602195147557,1111.84536480073,4.9546723,-74.01978666,2025-11-07 21:31:11.601781,False,1,,partial_start,,,,,193,
2025-11-07 21:31:12.603295,24.157647359999995,6.010333190400039,49.149584926297806,24.7322064967803,1215.57768362823,4.9546191,-74.0198165,2025-11-07 21:31:12.603295,False,1,,partial_start,,,,,194,
2025-11-07 21:31:13.604765,24.157647359999995,6.017043648000039,49.0325063533433,19.6087945176549,961.46834176832,4.954564,-74.01985366,2025-11-07 21:31:13.604765,False,1,,partial_start,,,,,195,
2025-11-07 21:31:14.606115,32.21019648,6.025990924800039,48.98567492416151,19.5316734141056,956.772204588267,4.9545103,-74.01989883,2025-11-07 21:31:14.606115,False,1,,partial_start,,,,,196,
2025-11-07 21:31:15.607822,32.21019648,6.034938201600038,48.701341246986296,20.1229352079836,980.013934455006,4.954464,-74.019958,2025-11-07 21:31:15.607822,False,1,,partial_start,,,,,197,
2025-11-07 21:31:16.609502,32.21019648,6.043885478400038,48.9823298220771,18.7527502682577,918.553398710843,4.9544288,-74.02002549,2025-11-07 21:31:16.609502,False,1,,partial_start,,,,,198,
2025-11-07 21:31:17.611063,40.2627456,6.055069574400038,49.04588676168097,22.6525074044007,1111.01231302437,4.9543925,-74.02009783,2025-11-07 21:31:17.611063,False,1,,partial_start,,,,,199,
2025-11-07 21:31:18.612275,32.21019648,6.064016851200038,48.88532186162908,22.8118910184026,1115.16663470701,4.9543596,-74.02017483,2025-11-07 21:31:18.612275,False,1,,partial_start,,,,,200,
2025-11-07 21:31:19.613666,40.2627456,6.075200947200038,48.81507471785638,21.9866952104251,1073.28216949563,4.9543256,-74.02025349,2025-11-07 21:31:19.613666,False,1,,partial_start,,,,,201,
2025-11-07 21:31:20.614964,40.2627456,6.086385043200038,49.01912594500565,20.0458141044343,982.628286255437,4.9542891,-74.02033666,2025-11-07 21:31:20.614964,False,1,,partial_start,,,,,202,
2025-11-07 21:31:21.616491,32.21019648,6.095332320000038,49.11278880336925,18.8118764476454,923.903714968289,4.9542496,-74.02042183,2025-11-07 21:31:21.616491,False,1,,partial_start,,,,,203,
2025-11-07 21:31:22.617905,40.2627456,6.106516416000038,49.089373088778345,19.485400751976,956.526107298115,4.9542134,-74.02050783,2025-11-07 21:31:22.617905,False,1,,partial_start,,,,,204,
2025-11-07 21:31:23.619063,40.2627456,6.117700512000038,49.102753497116,18.8632905166783,926.239504384943,4.954193,-74.02059749,2025-11-07 21:31:23.619063,False,1,,partial_start,,,,,205,
2025-11-07 21:31:24.620537,40.2627456,6.128884608000038,50.09290371410261,9.49564713888973,475.664537831497,4.954189,-74.020692,2025-11-07 21:31:24.620537,False,1,,partial_start,,,,,206,
2025-11-07 21:31:25.621948,40.2627456,6.140068704000038,51.12319515610218,0.495614354686118,25.337389376784,4.9542093,-74.02077783,2025-11-07 21:31:25.621948,False,1,,partial_start,,,,,207,
2025-11-07 21:31:26.623301,32.21019648,6.149015980800038,50.64819066011537,5.04833016754661,255.688788841113,4.954253,-74.020853,2025-11-07 21:31:26.623301,False,1,,partial_start,,,,,208,
2025-11-07 21:31:27.624662,40.2627456,6.160200076800038,48.77827859492783,20.2180512356944,986.201735821228,4.9543175,-74.02091083,2025-11-07 21:31:27.624662,False,1,,partial_start,,,,,209,
2025-11-07 21:31:28.626074,32.21019648,6.169147353600038,48.989020026245925,18.5188162541581,907.218660337322,4.9543926,-74.02092983,2025-11-07 21:31:28.626074,False,1,,partial_start,,,,,210,
2025-11-07 21:31:29.632553,32.21019648,6.178094630400038,48.68796083864864,21.5650998443556,1049.96073670353,4.9544718,-74.02090766,2025-11-07 21:31:29.632553,False,1,,partial_start,,,,,211,
2025-11-07 21:31:30.633734,40.2627456,6.189278726400038,48.82511002410963,21.1923478438673,1034.71871514602,4.9545428,-74.02086333,2025-11-07 21:31:30.633734,False,1,,partial_start,,,,,212,
2025-11-07 21:31:31.635146,40.2627456,6.200462822400038,49.149584926297806,17.1897625696584,844.869695280325,4.9546066,-74.02080016,2025-11-07 21:31:31.635146,False,1,,partial_start,,,,,213,
2025-11-07 21:31:32.636579,40.2627456,6.211646918400038,49.85874656819361,11.4365282448805,570.210963381486,4.954668,-74.02072866,2025-11-07 21:31:32.636579,False,1,,partial_start,,,,,214,
2025-11-07 21:31:33.638155,40.2627456,6.222831014400038,49.85874656819361,11.4365282448805,570.210963381486,4.954735,-74.02064899,2025-11-07 21:31:33.638155,False,1,,partial_start,,,,,215,
2025-11-07 21:31:34.639682,40.2627456,6.234015110400038,51.12988536027101,-0.000531411481063059,-0.027171008105886,4.9547931,-74.02056683,2025-11-07 21:31:34.639682,False,1,,partial_start,,,,,216,negative_current;negative_power
2025-11-07 21:31:35.641354,40.2627456,6.245199206400038,51.15330107486191,0.27453385784478,14.0433130855773,4.9548378,-74.02048133,2025-11-07 21:31:35.641354,False,1,,partial_start,,,,,217,
2025-11-07 21:31:36.642880,40.2627456,6.256383302400038,51.206822708212535,0.189700643940547,9.71396724189736,4.9548733,-74.02039249,2025-11-07 21:31:36.642880,False,1,,partial_start,,,,,218,
2025-11-07 21:31:37.644465,32.21019648,6.265330579200038,51.22689332071902,0.223119788811914,11.4297336192092,4.954901,-74.02030166,2025-11-07 21:31:37.644465,False,1,,partial_start,,,,,219,
2025-11-07 21:31:38.646113,40.2627456,6.276514675200038,51.25699923947875,0.238544009521774,12.2270501146398,4.9549288,-74.02020783,2025-11-07 21:31:38.646113,False,1,,partial_start,,,,,220,
2025-11-07 21:31:39.647705,40.2627456,6.287698771200038,51.250309035309925,0.446770989104891,22.8971512596367,4.9549553,-74.02011283,2025-11-07 21:31:39.647705,False,1,,partial_start,,,,,221,
2025-11-07 21:31:40.649126,40.2627456,6.298882867200038,51.270379647816405,0.505897168492687,25.9375398913754,4.9549801,-74.02002066,2025-11-07 21:31:40.649126,False,1,,partial_start,,,,,222,
2025-11-07 21:31:41.650529,48.31529471999999,6.312303782400038,51.337281689504685,0.0765896920682394,3.93190659621962,4.955007,-74.019925,2025-11-07 21:31:41.650529,False,1,,partial_start,,,,,223,
2025-11-07 21:31:42.651926,40.2627456,6.323487878400038,51.35735230201117,0.0920139127780999,4.7255909352314,4.9550345,-74.01983083,2025-11-07 21:31:42.651926,False,1,,partial_start,,,,,224,
2025-11-07 21:31:43.653015,40.2627456,6.334671974400038,51.370732710348825,0.0920139127780999,4.72682211895712,4.9550618,-74.019737,2025-11-07 21:31:43.653015,False,1,,partial_start,,,,,225,
2025-11-07 21:31:44.654124,40.2627456,6.345856070400038,51.3874582207709,0.0868725058748083,4.46415726617538,4.9550885,-74.01964183,2025-11-07 21:31:44.654124,False,1,,partial_start,,,,,226,
2025-11-07 21:31:45.655315,40.2627456,6.357040166400038,51.40418373119297,0.0945846162297385,4.86204499081785,4.9551115,-74.01954666,2025-11-07 21:31:45.655315,False,1,,partial_start,,,,,227,
2025-11-07 21:31:46.657096,32.21019648,6.365987443200038,51.41756413953063,0.0894432093264541,4.59895195238841,4.9551246,-74.01945433,2025-11-07 21:31:46.657096,False,1,,partial_start,,,,,228,
2025-11-07 21:31:47.658253,40.2627456,6.377171539200038,51.430944547868286,0.0945846162297385,4.86457615239308,4.9551248,-74.0193645,2025-11-07 21:31:47.658253,False,1,,partial_start,,,,,229,
2025-11-07 21:31:48.659406,32.21019648,6.386118816000038,51.44097985412152,0.104867430036314,5.39448335585155,4.9551075,-74.01927816,2025-11-07 21:31:48.659406,False,1,,partial_start,,,,,230,
2025-11-07 21:31:49.660624,40.2627456,6.397302912000038,51.45436026245919,0.102296726584675,5.2636126233582,4.9550663,-74.01920033,2025-11-07 21:31:49.660624,False,1,,partial_start,,,,,231,
2025-11-07 21:31:50.662453,32.21019648,6.406250188800038,51.464395568712426,0.0920139127780999,4.73544040503713,4.9549995,-74.01914533,2025-11-07 21:31:50.662453,False,1,,partial_start,,,,,232,
2025-11-07 21:31:51.663674,40.2627456,6.417434284800038,51.47443087496567,0.0920139127780999,4.73636379283142,4.954916,-74.01912516,2025-11-07 21:31:51.663674,False,1,,partial_start,,,,,233,
2025-11-07 21:31:52.665485,32.21019648,6.426381561600038,51.48446618121891,0.0791603955198851,4.07553070603544,4.9548308,-74.01913866,2025-11-07 21:31:52.665485,False,1,,partial_start,,,,,234,
2025-11-07 21:31:53.666634,32.21019648,6.4353288384000376,51.49450148747216,0.0843018024231696,4.34107929027649,4.9547496,-74.01916583,2025-11-07 21:31:53.666634,False,1,,partial_start,,,,,235,
2025-11-07 21:31:54.667805,32.21019648,6.444276115200037,51.50453679372539,0.0843018024231696,4.3419252846815,4.954675,-74.01918249,2025-11-07 21:31:54.667805,False,1,,partial_start,,,,,236,
2025-11-07 21:31:55.668886,32.21019648,6.453223392000037,51.51122699789423,0.102296726584675,5.26942990424476,4.9546076,-74.01918133,2025-11-07 21:31:55.668886,False,1,,partial_start,,,,,237,
2025-11-07 21:31:56.669957,24.157647359999995,6.459933849600037,51.52126230414747,0.10743813348796,5.53534825690121,4.9545498,-74.019156,2025-11-07 21:31:56.669957,False,1,,partial_start,,,,,238,
2025-11-07 21:31:57.670964,32.21019648,6.468881126400037,51.53129761040071,0.102296726584675,5.27148306220472,4.9545095,-74.0191095,2025-11-07 21:31:57.670964,False,1,,partial_start,,,,,239,
2025-11-07 21:31:58.673006,24.157647359999995,6.475591584000036,51.53464271248512,0.0945846162297385,4.87438440349709,4.954491,-74.01904883,2025-11-07 21:31:58.673006,False,1,,partial_start,,,,,240,
2025-11-07 21:31:59.674641,24.157647359999995,6.482302041600036,51.54802312082278,0.0945846162297385,4.87564998428471,4.9544973,-74.01898716,2025-11-07 21:31:59.674641,False,1,,partial_start,,,,,241,
2025-11-07 21:32:00.676121,24.157647359999995,6.489012499200036,50.60804943510239,9.09461740043336,460.260846994473,4.9545221,-74.018932,2025-11-07 21:32:00.676121,False,1,,partial_start,,,,,242,
2025-11-07 21:32:01.677691,24.157647359999995,6.495722956800035,51.48781128330333,0.490472947782826,25.2533785750076,4.954561,-74.01888283,2025-11-07 21:32:01.677691,False,1,,partial_start,,,,,243,
2025-11-07 21:32:02.679197,24.157647359999995,6.502433414400035,50.64819066011537,7.3388269429609,371.698306228675,4.9546065,-74.01883816,2025-11-07 21:32:02.679197,False,1,,partial_start,,,,,244,
2025-11-07 21:32:03.680676,32.21019648,6.511380691200035,49.8554014661092,14.5239430903042,724.097013638042,4.9546604,-74.01879966,2025-11-07 21:32:03.680676,False,1,,partial_start,,,,,245,
2025-11-07 21:32:04.682080,24.157647359999995,6.518091148800035,50.52776698507645,7.90952310922574,399.650540626035,4.9547243,-74.018774,2025-11-07 21:32:04.682080,False,1,,partial_start,,,,,246,
2025-11-07 21:32:05.683652,32.21019648,6.527038425600034,50.220017593310345,11.1486094582964,559.883363136594,4.9547931,-74.0187595,2025-11-07 21:32:05.683652,False,1,,partial_start,,,,,247,
2025-11-07 21:32:06.688606,32.21019648,6.535985702400034,50.56790821008942,7.78355864009521,393.598278860183,4.9548633,-74.01875483,2025-11-07 21:32:06.688606,False,1,,partial_start,,,,,248,
2025-11-07 21:32:07.690492,24.157647359999995,6.542696160000034,50.46421004547258,8.55476967558824,431.709693799524,4.9549326,-74.01876066,2025-11-07 21:32:07.690492,False,1,,partial_start,,,,,249,
2025-11-07 21:32:08.692203,32.21019648,6.551643436800034,50.17318616412855,11.2848567412335,566.197218113432,4.9549991,-74.018777,2025-11-07 21:32:08.692203,False,1,,partial_start,,,,,250,
2025-11-07 21:32:09.695456,32.21019648,6.560590713600034,50.24677840998567,10.084338229316,506.705508419792,4.9550611,-74.01880583,2025-11-07 21:32:09.695456,False,1,,partial_start,,,,,251,
2025-11-07 21:32:10.696954,24.157647359999995,6.567301171200033,49.443953909726254,18.1332107364116,896.57763588649,4.9551196,-74.01884383,2025-11-07 21:32:10.696954,False,1,,partial_start,,,,,252,
2025-11-07 21:32:11.698680,32.21019648,6.576248448000033,49.30011452009644,18.6087908749656,917.415521216333,4.9551768,-74.01889,2025-11-07 21:32:11.698680,False,1,,partial_start,,,,,253,
2025-11-07 21:32:12.700348,32.21019648,6.585195724800033,49.77846411816768,13.3105710611285,662.579783958709,4.9552273,-74.01894233,2025-11-07 21:32:12.700348,False,1,,partial_start,,,,,254,
2025-11-07 21:32:13.702025,24.157647359999995,6.591906182400033,50.66157106845302,5.36195598864711,271.645114384762,4.9552691,-74.01899933,2025-11-07 21:32:13.702025,False,1,,partial_start,,,,,255,
2025-11-07 21:32:14.703519,32.21019648,6.6008534592000325,49.92899371196632,12.4108248530533,619.659996048417,4.9552995,-74.019063,2025-11-07 21:32:14.703519,False,1,,partial_start,,,,,256,
2025-11-07 21:32:15.705235,32.21019648,6.609800736000032,50.39396290169989,7.84268481948301,395.223967842752,4.9553145,-74.01913116,2025-11-07 21:32:15.705235,False,1,,partial_start,,,,,257,
2025-11-07 21:32:16.706859,24.157647359999995,6.616511193600032,51.29714046449172,0.068877581713302,3.53322298400176,4.9553155,-74.01920233,2025-11-07 21:32:16.706859,False,1,,partial_start,,,,,258,
2025-11-07 21:32:17.708366,32.21019648,6.625458470400032,51.3406267915891,0.0585947679067331,3.00829211103936,4.9553083,-74.01926683,2025-11-07 21:32:17.708366,False,1,,partial_start,,,,,259,
2025-11-07 21:32:18.709900,24.157647359999995,6.632168928000032,51.33059148533586,0.349084257942436,17.9187014384048,4.9553003,-74.01932716,2025-11-07 21:32:18.709900,False,1,,partial_start,,,,,260,
2025-11-07 21:32:19.711619,24.157647359999995,6.638879385600031,50.26684902249215,10.4185296780297,523.706658361873,4.9552911,-74.019382,2025-11-07 21:32:19.711619,False,1,,partial_start,,,,,261,
2025-11-07 21:32:20.713066,16.10509824,6.643353024000032,50.64819066011537,6.49563621082186,328.992221264454,4.9552795,-74.019432,2025-11-07 21:32:20.713066,False,1,,partial_start,,,,,262,
2025-11-07 21:32:21.714606,24.157647359999995,6.650063481600031,50.29695494125187,9.53420769066438,479.541614617883,4.9552688,-74.01948216,2025-11-07 21:32:21.714606,False,1,,partial_start,,,,,263,
2025-11-07 21:32:22.715971,24.157647359999995,6.656773939200031,50.59132392468032,6.53419676259651,330.573665004117,4.9552563,-74.01953066,2025-11-07 21:32:22.715971,False,1,,partial_start,,,,,264,
2025-11-07 21:32:23.717128,16.10509824,6.661247577600031,49.169655538804285,19.1871991515854,943.427973037893,4.9552438,-74.01958016,2025-11-07 21:32:23.717128,False,1,,partial_start,,,,,265,
2025-11-07 21:32:24.718626,24.157647359999995,6.667958035200031,50.41737861629078,7.99949773003326,403.313705795245,4.9552313,-74.0196315,2025-11-07 21:32:24.718626,False,1,,partial_start,,,,,266,
2025-11-07 21:32:25.720103,24.157647359999995,6.674668492800031,50.69167698721275,5.58817789239173,283.274108668205,4.9552171,-74.01968266,2025-11-07 21:32:25.720103,False,1,,partial_start,,,,,267,
2025-11-07 21:32:26.721545,24.157647359999995,6.68137895040003,50.77864964140752,4.8169668568987,244.599072360731,4.9552021,-74.01973366,2025-11-07 21:32:26.721545,False,1,,partial_start,,,,,268,
2025-11-07 21:32:27.722930,24.157647359999995,6.68808940800003,50.621429843440055,6.28740923123874,318.277645296149,4.9551878,-74.01978383,2025-11-07 21:32:27.722930,False,1,,partial_start,,,,,269,
2025-11-07 21:32:28.724383,16.10509824,6.69256304640003,50.34378637043368,8.91209745536668,448.668730405465,4.9551733,-74.01983283,2025-11-07 21:32:28.724383,False,1,,partial_start,,,,,270,
2025-11-07 21:32:29.725866,24.157647359999995,6.69927350400003,50.28691963499863,9.23600609027375,464.450296009954,4.9551593,-74.01988233,2025-11-07 21:32:29.725866,False,1,,partial_start,,,,,271,
2025-11-07 21:32:30.727275,24.157647359999995,6.70598396160003,50.28691963499863,9.23600609027375,464.450296009954,4.9551465,-74.01993149,2025-11-07 21:32:30.727275,False,1,,partial_start,,,,,272,
2025-11-07 21:32:31.728649,16.10509824,6.71045760000003,50.781994743491936,4.34652812524796,220.725368408781,4.9551328,-74.01997916,2025-11-07 21:32:31.728649,False,1,,partial_start,,,,,273,
2025-11-07 21:32:32.730095,24.157647359999995,6.71716805760003,50.40399820795312,8.09975516464735,408.260044803744,4.95512,-74.02002733,2025-11-07 21:32:32.730095,False,1,,partial_start,,,,,274,
2025-11-07 21:32:33.731557,16.10509824,6.72164169600003,50.44748453505051,7.8298313022248,394.99529353104,4.955108,-74.02007533,2025-11-07 21:32:33.731557,False,1,,partial_start,,,,,275,
2025-11-07 21:32:34.732949,24.157647359999995,6.72835215360003,50.658225966368605,5.70385954771569,288.94740584861,4.9550951,-74.02012216,2025-11-07 21:32:34.732949,False,1,,partial_start,,,,,276,
2025-11-07 21:32:35.734580,16.10509824,6.73282579200003,50.5143865767388,7.09203941160313,358.250020455188,4.9550836,-74.02017,2025-11-07 21:32:35.734580,False,1,,partial_start,,,,,277,
2025-11-07 21:32:36.736105,24.157647359999995,6.73953624960003,50.37054718710898,8.22829033722953,414.463486700653,4.9550713,-74.02021666,2025-11-07 21:32:36.736105,False,1,,partial_start,,,,,278,
2025-11-07 21:32:37.737580,16.10509824,6.74400988800003,50.45751984130376,7.56247814325388,381.583890962658,4.9550578,-74.02026333,2025-11-07 21:32:37.737580,False,1,,partial_start,,,,,279,
2025-11-07 21:32:38.739093,24.157647359999995,6.75072034560003,50.46755514755699,7.06119097018341,356.361044695162,4.9550448,-74.02030949,2025-11-07 21:32:38.739093,False,1,,partial_start,,,,,280,
2025-11-07 21:32:39.740702,16.10509824,6.75519398400003,50.47759045381024,7.27455935666982,367.202227937912,4.955032,-74.020355,2025-11-07 21:32:39.740702,False,1,,partial_start,,,,,281,
2025-11-07 21:32:40.742111,24.157647359999995,6.76190444160003,50.35716677877133,8.40823957884456,423.415122787741,4.9550195,-74.02040066,2025-11-07 21:32:40.742111,False,1,,partial_start,,,,,282,
2025-11-07 21:32:41.743573,16.10509824,6.76637808000003,50.333751064180426,8.46222435132908,425.935493949043,4.9550058,-74.02044583,2025-11-07 21:32:41.743573,False,1,,partial_start,,,,,283,
2025-11-07 21:32:42.744976,24.157647359999995,6.77308853760003,50.43075902462844,7.72700316415906,389.678634554247,4.9549928,-74.02049233,2025-11-07 21:32:42.744976,False,1,,partial_start,,,,,284,
2025-11-07 21:32:43.746580,16.10509824,6.77756217600003,50.69502208929716,5.18457745048371,262.832268375943,4.9549793,-74.0205375,2025-11-07 21:32:43.746580,False,1,,partial_start,,,,,285,
2025-11-07 21:32:44.748139,24.157647359999995,6.78427263360003,50.48428065797907,7.25656443250831,366.342435423458,4.9549661,-74.020582,2025-11-07 21:32:44.748139,False,1,,partial_start,,,,,286,
2025-11-07 21:32:45.749633,16.10509824,6.78874627200003,50.35382167668691,8.34397199255348,420.150877788308,4.9549533,-74.0206265,2025-11-07 21:32:45.749633,False,1,,partial_start,,,,,287,
2025-11-07 21:32:46.751178,24.157647359999995,6.79545672960003,50.45417473921934,7.53677110873744,380.261566489739,4.95494,-74.020671,2025-11-07 21:32:46.751178,False,1,,partial_start,,,,,288,
2025-11-07 21:32:47.752715,16.10509824,6.79993036800003,50.43075902462844,7.62417502609332,384.492933502502,4.9549258,-74.02071483,2025-11-07 21:32:47.752715,False,1,,partial_start,,,,,289,
2025-11-07 21:32:48.753655,16.10509824,6.804404006400031,51.19678740195929,0.5418870168157,27.7428743957953,4.954912,-74.0207585,2025-11-07 21:32:48.753655,False,1,,partial_start,,,,,290,
2025-11-07 21:32:49.754832,24.157647359999995,6.81111446400003,50.04941738700523,11.2925688515884,565.186491824646,4.954897,-74.02080033,2025-11-07 21:32:49.754832,False,1,,partial_start,,,,,291,
2025-11-07 21:32:50.756205,16.10509824,6.815588102400031,50.186566572466205,9.66017215979491,484.810873199032,4.9548793,-74.0208415,2025-11-07 21:32:50.756205,False,1,,partial_start,,,,,292,
2025-11-07 21:32:51.757838,24.157647359999995,6.82229856000003,50.49431596423232,6.95322142521439,351.098159614045,4.9548588,-74.02088116,2025-11-07 21:32:51.757838,False,1,,partial_start,,,,,293,
2025-11-07 21:32:52.759336,16.10509824,6.826772198400031,50.66491617053743,5.43907709219641,275.570384921221,4.9548348,-74.02091966,2025-11-07 21:32:52.759336,False,1,,partial_start,,,,,294,
2025-11-07 21:32:53.760809,16.10509824,6.831245836800031,51.21351291238137,0.449341692556529,23.0123665738151,4.9548058,-74.0209535,2025-11-07 21:32:53.760809,False,1,,partial_start,,,,,295,
2025-11-07 21:32:54.762463,24.157647359999995,6.837956294400031,51.25699923947875,0.310523706167792,15.9165133708826,4.9547748,-74.02098316,2025-11-07 21:32:54.762463,False,1,,partial_start,,,,,296,
2025-11-07 21:32:55.764000,16.10509824,6.842429932800031,51.28376005615407,0.269392450941495,13.8154578150229,4.954744,-74.02100716,2025-11-07 21:32:55.764000,False,1,,partial_start,,,,,297,
2025-11-07 21:32:56.765494,16.10509824,6.846903571200032,51.30383066866055,0.25653893368328,13.1614300136057,4.9547143,-74.0210245,2025-11-07 21:32:56.765494,False,1,,partial_start,,,,,298,
2025-11-07 21:32:57.766989,16.10509824,6.851377209600032,51.317211076998205,0.266821747489849,13.6925479358701,4.954683,-74.02104483,2025-11-07 21:32:57.766989,False,1,,partial_start,,,,,299,
2025-11-07 21:32:58.768534,16.10509824,6.855850848000032,51.210167810296944,1.318239459212,67.507263920402,4.9546493,-74.02106316,2025-11-07 21:32:58.768534,False,1,,partial_start,,,,,300,
2025-11-07 21:32:59.770057,16.10509824,6.860324486400033,51.01615188940093,3.19742368236335,163.120252234216,4.954615,-74.02107483,2025-11-07 21:32:59.770057,False,1,,partial_start,,,,,301,
2025-11-07 21:33:00.771580,16.10509824,6.864798124800033,50.57794351634267,7.32340272225104,370.402649233443,4.9545809,-74.0210825,2025-11-07 21:33:00.771580,False,1,,partial_start,,,,,302,
2025-11-07 21:33:01.772911,16.10509824,6.869271763200033,51.29714046449172,0.493043651234472,25.2917294325006,4.9545401,-74.02108833,2025-11-07 21:33:01.772911,False,1,,partial_start,,,,,303,
2025-11-07 21:33:02.774375,16.10509824,6.873745401600034,51.12988536027101,2.03803642567216,104.204568804674,4.9545,-74.02109433,2025-11-07 21:33:02.774375,False,1,,partial_start,,,,,304,
2025-11-07 21:33:03.775847,16.10509824,6.878219040000034,51.17002658528398,1.76554185979796,90.3428239032934,4.9544568,-74.0210945,2025-11-07 21:33:03.775847,False,1,,partial_start,,,,,305,
2025-11-07 21:33:04.777344,24.157647359999995,6.884929497600034,51.337281689504685,0.428776064943384,22.0121976277159,4.9544106,-74.0210865,2025-11-07 21:33:04.777344,False,1,,partial_start,,,,,306,
2025-11-07 21:33:05.778818,16.10509824,6.889403136000034,51.350662097842346,0.385074106265449,19.7738103134657,4.9543588,-74.02107216,2025-11-07 21:33:05.778818,False,1,,partial_start,,,,,307,
2025-11-07 21:33:06.779989,24.157647359999995,6.896113593600034,51.350662097842346,0.495614354686118,25.450125258327,4.9543111,-74.02105316,2025-11-07 21:33:06.779989,False,1,,partial_start,,,,,308,
2025-11-07 21:33:07.781153,24.157647359999995,6.902824051200033,51.370732710348825,0.441629582201606,22.6868352242617,4.9542645,-74.02102783,2025-11-07 21:33:07.781153,False,1,,partial_start,,,,,309,
2025-11-07 21:33:08.782341,24.157647359999995,6.909534508800033,51.40083862910856,0.25653893368328,13.1863163323379,4.9542175,-74.02100016,2025-11-07 21:33:08.782341,False,1,,partial_start,,,,,310,
2025-11-07 21:33:09.783538,24.157647359999995,6.916244966400033,51.39749352702415,0.310523706167792,15.9601401777466,4.9541736,-74.02096866,2025-11-07 21:33:09.783538,False,1,,partial_start,,,,,311,
2025-11-07 21:33:10.784703,16.10509824,6.920718604800033,51.42090924161504,0.187129940488908,9.62239168626899,4.954139,-74.02093766,2025-11-07 21:33:10.784703,False,1,,partial_start,,,,,312,
2025-11-07 21:33:11.785932,16.10509824,6.9251922432000335,51.434289649952696,0.10743813348796,5.52600407727003,4.9541123,-74.020904,2025-11-07 21:33:11.785932,False,1,,partial_start,,,,,313,
2025-11-07 21:33:12.787691,24.157647359999995,6.931902700800033,51.44432495620594,0.10743813348796,5.52708225184286,4.9540933,-74.02086333,2025-11-07 21:33:12.787691,False,1,,partial_start,,,,,314,
2025-11-07 21:33:13.788797,16.10509824,6.9363763392000335,51.45101516037477,0.102296726584675,5.26327043036487,4.954078,-74.02082666,2025-11-07 21:33:13.788797,False,1,,partial_start,,,,,315,
2025-11-07 21:33:14.790591,8.05254912,6.938613158400034,51.4577053645436,0.102296726584675,5.26395481635152,4.9540668,-74.02079116,2025-11-07 21:33:14.790591,False,1,,partial_start,,,,,316,
2025-11-07 21:33:15.791928,16.10509824,6.943086796800034,51.461050466628016,0.112579540391244,5.79346140958363,4.9540585,-74.02075399,2025-11-07 21:33:15.791928,False,1,,partial_start,,,,,317,
2025-11-07 21:33:16.793530,16.10509824,6.947560435200034,51.46774067079684,0.0997260231330301,5.13267309674068,4.9540511,-74.02071683,2025-11-07 21:33:16.793530,False,1,,partial_start,,,,,318,
2025-11-07 21:33:17.794946,16.10509824,6.952034073600035,51.47443087496567,0.0997260231330301,5.13334028419638,4.9540456,-74.020676,2025-11-07 21:33:17.794946,False,1,,partial_start,,,,,319,
2025-11-07 21:33:18.796513,24.157647359999995,6.958744531200034,51.4577053645436,0.305382299264508,15.7142723790999,4.9540438,-74.0206365,2025-11-07 21:33:18.796513,False,1,,partial_start,,,,,320,
2025-11-07 21:33:19.798031,16.10509824,6.963218169600035,51.47108577288125,0.207695568102053,10.690316400428,4.9540485,-74.0205935,2025-11-07 21:33:19.798031,False,1,,partial_start,,,,,321,
2025-11-07 21:33:20.799509,16.10509824,6.967691808000035,51.48781128330333,0.122862354197813,6.3259137067594,4.9540575,-74.02054916,2025-11-07 21:33:20.799509,False,1,,partial_start,,,,,322,
2025-11-07 21:33:21.800982,24.157647359999995,6.974402265600035,51.49450148747216,0.0894432093264541,4.60583347570537,4.954069,-74.0205045,2025-11-07 21:33:21.800982,False,1,,partial_start,,,,,323,
2025-11-07 21:33:22.802655,16.10509824,6.978875904000035,51.50119169164098,0.0843018024231696,4.3416432865465,4.9540843,-74.02045799,2025-11-07 21:33:22.802655,False,1,,partial_start,,,,,324,
2025-11-07 21:33:23.804218,24.157647359999995,6.985586361600035,51.50453679372539,0.0868725058748083,4.47432817519219,4.9541038,-74.02041016,2025-11-07 21:33:23.804218,False,1,,partial_start,,,,,325,
2025-11-07 21:33:24.805745,24.157647359999995,6.9922968192000345,51.50788189580981,0.0868725058748083,4.47461877259267,4.9541243,-74.02036233,2025-11-07 21:33:24.805745,False,1,,partial_start,,,,,326,
2025-11-07 21:33:25.807140,16.10509824,6.996770457600035,51.51457209997864,0.0945846162297385,4.87248603231567,4.9541436,-74.02031983,2025-11-07 21:33:25.807140,False,1,,partial_start,,,,,327,
2025-11-07 21:33:26.808300,16.10509824,7.001244096000035,51.51457209997864,0.0920139127780999,4.74005734400857,4.95416,-74.02028333,2025-11-07 21:33:26.808300,False,1,,partial_start,,,,,328,
2025-11-07 21:33:27.809647,16.10509824,7.005717734400036,51.51457209997864,0.0920139127780999,4.74005734400857,4.9541758,-74.02024783,2025-11-07 21:33:27.809647,False,1,,partial_start,,,,,329,
2025-11-07 21:33:28.810954,16.10509824,7.010191372800036,49.28004390758996,20.6704950431836,1018.64290331971,4.9541938,-74.02020983,2025-11-07 21:33:28.810954,False,1,,partial_start,,,,,330,
2025-11-07 21:33:29.812346,24.157647359999995,7.016901830400036,49.03919655751214,20.3542985186315,998.15844584545,4.9542153,-74.020159,2025-11-07 21:33:29.812346,False,1,,partial_start,,,,,331,
2025-11-07 21:33:30.813772,32.21019648,7.025849107200036,48.80169430951872,20.6216516776024,1006.37154132772,4.9542416,-74.02010066,2025-11-07 21:33:30.813772,False,1,,partial_start,,,,,332,
2025-11-07 21:33:31.815188,32.21019648,7.034796384000035,49.21314186590168,22.585669114658,1111.51173827598,4.9542718,-74.02003366,2025-11-07 21:33:31.815188,False,1,,partial_start,,,,,333,
2025-11-07 21:33:32.816560,32.21019648,7.043743660800035,48.764898186590166,21.3568728647724,1041.46573083458,4.9543048,-74.01995883,2025-11-07 21:33:32.816560,False,1,,partial_start,,,,,334,
2025-11-07 21:33:33.817929,40.2627456,7.054927756800035,49.13620451796015,19.5496683382671,960.596501727385,4.9543426,-74.0198745,2025-11-07 21:33:33.817929,False,1,,partial_start,,,,,335,
2025-11-07 21:33:34.819390,40.2627456,7.066111852800035,49.87212697653127,11.3285586999114,564.979317943074,4.9543833,-74.019785,2025-11-07 21:33:34.819390,False,1,,partial_start,,,,,336,
2025-11-07 21:33:35.820790,48.31529471999999,7.079532768000036,51.19009719779047,0.0894432093264541,4.5786065791035,4.9544246,-74.0196945,2025-11-07 21:33:35.820790,False,1,,partial_start,,,,,337,
2025-11-07 21:33:36.822231,40.2627456,7.090716864000036,51.24027372905668,0.0714482851649478,3.66102968932362,4.9544668,-74.01960633,2025-11-07 21:33:36.822231,False,1,,partial_start,,,,,338,
2025-11-07 21:33:37.823498,32.21019648,7.099664140800035,51.270379647816405,0.0740189886165936,3.79498164752015,4.9545131,-74.019527,2025-11-07 21:33:37.823498,False,1,,partial_start,,,,,339,
2025-11-07 21:33:38.824881,40.2627456,7.110848236800035,51.29714046449172,0.0791603955198851,4.06070192820827,4.9545675,-74.01945633,2025-11-07 21:33:38.824881,False,1,,partial_start,,,,,340,
2025-11-07 21:33:39.826541,32.21019648,7.119795513600035,51.3138659749138,0.0714482851649478,3.66628772909155,4.9546298,-74.01939966,2025-11-07 21:33:39.826541,False,1,,partial_start,,,,,341,
2025-11-07 21:33:40.828077,32.21019648,7.128742790400035,51.33059148533586,0.068877581713302,3.53552700942334,4.9546996,-74.01935249,2025-11-07 21:33:40.828077,False,1,,partial_start,,,,,342,
2025-11-07 21:33:41.829577,32.21019648,7.137690067200035,51.34397189367351,0.0637361748100175,3.2724683680558,4.9547733,-74.01933366,2025-11-07 21:33:41.829577,False,1,,partial_start,,,,,343,
2025-11-07 21:33:42.831054,32.21019648,7.146637344000035,51.35735230201117,0.0534533610034486,2.74522309278069,4.9548451,-74.019342,2025-11-07 21:33:42.831054,False,1,,partial_start,,,,,344,
2025-11-07 21:33:43.833841,24.157647359999995,7.1533478016000345,51.370732710348825,0.0457412506485113,2.34976156090174,4.9549003,-74.0193765,2025-11-07 21:33:43.833841,False,1,,partial_start,,,,,345,
2025-11-07 21:33:44.835330,32.21019648,7.162295078400034,49.90557799737541,12.7115971568956,634.379603384671,4.9549313,-74.01942416,2025-11-07 21:33:44.835330,False,1,,partial_start,,,,,346,
2025-11-07 21:33:45.836801,24.157647359999995,7.169005536000034,48.92546308664205,22.6884972527237,1110.04523482951,4.9549408,-74.01948383,2025-11-07 21:33:45.836801,False,1,,partial_start,,,,,347,
2025-11-07 21:33:46.837951,24.157647359999995,7.175715993600034,49.38039697012238,17.3362926664021,856.07301385716,4.954933,-74.01954633,2025-11-07 21:33:46.837951,False,1,,partial_start,,,,,348,
2025-11-07 21:33:47.839541,24.157647359999995,7.182426451200033,50.59132392468032,5.58817789239173,282.713317902727,4.954908,-74.0196055,2025-11-07 21:33:47.839541,False,1,,partial_start,,,,,349,
2025-11-07 21:33:48.840922,32.21019648,7.191373728000033,50.280229430829806,8.62417866878261,433.625682118858,4.9548718,-74.01965983,2025-11-07 21:33:48.840922,False,1,,partial_start,,,,,350,
2025-11-07 21:33:49.842443,24.157647359999995,7.198084185600033,50.25012351207008,9.17687991088595,461.139348977453,4.9548256,-74.01970566,2025-11-07 21:33:49.842443,False,1,,partial_start,,,,,351,
2025-11-07 21:33:50.843794,32.21019648,7.207031462400033,50.20329208288828,9.28742015930662,466.259066954175,4.9547709,-74.019741,2025-11-07 21:33:50.843794,False,1,,partial_start,,,,,352,
2025-11-07 21:33:51.845131,24.157647359999995,7.213741920000032,50.29695494125187,8.64217359294412,434.675015798787,4.9547106,-74.0197665,2025-11-07 21:33:51.845131,False,1,,partial_start,,,,,353,
2025-11-07 21:33:52.846637,32.21019648,7.222689196800032,50.35716677877133,7.98664421277504,402.184774625421,4.9546511,-74.01979466,2025-11-07 21:33:52.846637,False,1,,partial_start,,,,,354,
2025-11-07 21:33:53.848199,24.157647359999995,7.229399654400032,50.36385698294016,7.70643753654591,388.12591793856,4.9545926,-74.01982833,2025-11-07 21:33:53.848199,False,1,,partial_start,,,,,355,
2025-11-07 21:33:54.849673,32.21019648,7.238346931200032,48.83514533036286,19.9121375249488,972.41212986905,4.9545391,-74.01986866,2025-11-07 21:33:54.849673,False,1,,partial_start,,,,,356,
2025-11-07 21:33:55.851210,24.157647359999995,7.245057388800031,48.80169430951872,20.1280766148869,982.284241998284,4.9544926,-74.019915,2025-11-07 21:33:55.851210,False,1,,partial_start,,,,,357,
2025-11-07 21:33:56.852719,32.21019648,7.254004665600031,49.67476595355084,13.0200815710928,646.769504740178,4.9544551,-74.01997183,2025-11-07 21:33:56.852719,False,1,,partial_start,,,,,358,
2025-11-07 21:33:57.854202,32.21019648,7.262951942400031,51.02953229773858,0.637003044526501,32.5059674344229,4.9544248,-74.020034,2025-11-07 21:33:57.854202,False,1,,partial_start,,,,,359,
2025-11-07 21:33:58.855775,24.157647359999995,7.269662400000031,49.80522493484298,12.0586384801782,600.583201913229,4.954398,-74.02009516,2025-11-07 21:33:58.855775,False,1,,partial_start,,,,,360,
2025-11-07 21:33:59.857246,32.21019648,7.278609676800031,49.4071577867977,15.1769017670216,749.847580317969,4.95437,-74.02015683,2025-11-07 21:33:59.857246,False,1,,partial_start,,,,,361,
2025-11-07 21:34:00.858726,32.21019648,7.28755695360003,50.029346774498734,9.85811632557145,493.195120195361,4.9543403,-74.02021916,2025-11-07 21:34:00.858726,False,1,,partial_start,,,,,362,
2025-11-07 21:34:01.860203,24.157647359999995,7.29426741120003,50.06948799951171,9.75271748405407,488.313571030473,4.9543103,-74.02028116,2025-11-07 21:34:01.860203,False,1,,partial_start,,,,,363,
2025-11-07 21:34:02.861735,32.21019648,7.30321468800003,50.43075902462844,5.89923301004058,297.50279835949,4.9542803,-74.0203435,2025-11-07 21:34:02.861735,False,1,,partial_start,,,,,364,
2025-11-07 21:34:03.863143,32.21019648,7.31216196480003,50.27019412457656,7.53677110873744,378.874946708731,4.9542521,-74.02040616,2025-11-07 21:34:03.863143,False,1,,partial_start,,,,,365,
2025-11-07 21:34:04.864794,24.157647359999995,7.318872422400029,50.30699024750511,7.66273557786797,385.489163985014,4.9542241,-74.02046933,2025-11-07 21:34:04.864794,False,1,,partial_start,,,,,366,
2025-11-07 21:34:05.866338,32.21019648,7.327819699200029,50.41737861629078,7.54448321909237,380.373066921232,4.9542043,-74.02053383,2025-11-07 21:34:05.866338,False,1,,partial_start,,,,,367,
2025-11-07 21:34:06.867987,24.157647359999995,7.334530156800029,50.751888824732205,3.20513579271828,162.666695420208,4.9541925,-74.02059766,2025-11-07 21:34:06.867987,False,1,,partial_start,,,,,368,
2025-11-07 21:34:07.869698,24.157647359999995,7.341240614400029,49.85874656819361,11.194882120426,558.162790503123,4.9541895,-74.0206605,2025-11-07 21:34:07.869698,False,1,,partial_start,,,,,369,
2025-11-07 21:34:08.870945,24.157647359999995,7.347951072000028,49.975825141148114,10.1357522983489,506.542584536277,4.954195,-74.02072266,2025-11-07 21:34:08.870945,False,1,,partial_start,,,,,370,
2025-11-07 21:34:09.872345,32.21019648,7.356898348800028,50.06948799951171,9.14346076601458,457.808399097973,4.9542103,-74.020783,2025-11-07 21:34:09.872345,False,1,,partial_start,,,,,371,
2025-11-07 21:34:10.873968,24.157647359999995,7.363608806400028,49.93233881405072,10.5007921884823,524.329113371236,4.9542368,-74.02083783,2025-11-07 21:34:10.873968,False,1,,partial_start,,,,,372,
2025-11-07 21:34:11.875452,24.157647359999995,7.3703192640000275,50.94590474562823,1.37479493514816,70.0401718108306,4.9542801,-74.02088216,2025-11-07 21:34:11.875452,False,1,,partial_start,,,,,373,
2025-11-07 21:34:12.876991,24.157647359999995,7.377029721600027,50.57125331217384,4.76812349131748,241.129980903143,4.9543318,-74.0209155,2025-11-07 21:34:12.876991,False,1,,partial_start,,,,,374,
2025-11-07 21:34:13.878570,24.157647359999995,7.383740179200027,50.45082963713493,5.88637949278237,296.972728969888,4.9543895,-74.0209205,2025-11-07 21:34:13.878570,False,1,,partial_start,,,,,375,
2025-11-07 21:34:14.880003,24.157647359999995,7.390450636800026,51.05294801232948,0.369649885555588,18.871716390033,4.9544456,-74.02090783,2025-11-07 21:34:14.880003,False,1,,partial_start,,,,,376,
2025-11-07 21:34:15.881533,32.21019648,7.399397913600026,50.25012351207008,7.92751803338724,398.358760321872,4.954495,-74.02088,2025-11-07 21:34:15.881533,False,1,,partial_start,,,,,377,
2025-11-07 21:34:16.882598,24.157647359999995,7.406108371200026,50.66826127262185,3.93521557298501,199.390530816095,4.9545405,-74.02084616,2025-11-07 21:34:16.882598,False,1,,partial_start,,,,,378,
2025-11-07 21:34:17.883787,24.157647359999995,7.412818828800026,50.41737861629078,6.43393932798242,324.382355093133,4.9545855,-74.02080633,2025-11-07 21:34:17.883787,False,1,,partial_start,,,,,379,
2025-11-07 21:34:18.885117,24.157647359999995,7.419529286400025,50.90910862269967,1.86065788750877,94.7244345048669,4.9546309,-74.02076233,2025-11-07 21:34:18.885117,False,1,,partial_start,,,,,380,
2025-11-07 21:34:19.886636,32.21019648,7.428476563200025,50.81879086642049,3.60102412427136,182.999691876281,4.9546756,-74.02071566,2025-11-07 21:34:19.886636,False,1,,partial_start,,,,,381,
2025-11-07 21:34:20.888135,24.157647359999995,7.435187020800025,50.44748453505051,5.62930914761803,283.984486167479,4.9547188,-74.0206695,2025-11-07 21:34:20.888135,False,1,,partial_start,,,,,382,
2025-11-07 21:34:21.889617,24.157647359999995,7.441897478400024,50.96597535813471,1.3773656385998,70.1987831960191,4.9547625,-74.02061866,2025-11-07 21:34:21.889617,False,1,,partial_start,,,,,383,
2025-11-07 21:34:22.891103,32.21019648,7.450844755200024,51.11985005401777,0.400498326975309,20.4734144218628,4.9548011,-74.02056016,2025-11-07 21:34:22.891103,False,1,,partial_start,,,,,384,
2025-11-07 21:34:23.892864,24.157647359999995,7.457555212800024,51.11985005401777,0.400498326975309,20.4734144218628,4.954831,-74.02049966,2025-11-07 21:34:23.892864,False,1,,partial_start,,,,,385,
2025-11-07 21:34:24.894819,24.157647359999995,7.464265670400024,51.13657556443984,0.403069030426948,20.6115699321131,4.954855,-74.02043916,2025-11-07 21:34:24.894819,False,1,,partial_start,,,,,386,
2025-11-07 21:34:25.896585,32.21019648,7.473212947200023,51.17002658528398,0.210266271553699,10.7593307053913,4.9548745,-74.02038016,2025-11-07 21:34:25.896585,False,1,,partial_start,,,,,387,
2025-11-07 21:34:26.897783,24.157647359999995,7.479923404800023,51.20013250404371,0.0920139127780999,4.71112452645423,4.9548926,-74.02031683,2025-11-07 21:34:26.897783,False,1,,partial_start,,,,,388,
2025-11-07 21:34:27.898970,32.21019648,7.488870681600023,51.21351291238137,0.0894432093264541,4.58070095576518,4.954909,-74.02025066,2025-11-07 21:34:27.898970,False,1,,partial_start,,,,,389,
2025-11-07 21:34:28.900180,32.21019648,7.497817958400023,51.2202031165502,0.0945846162297385,4.84464325498816,4.9549276,-74.0201835,2025-11-07 21:34:28.900180,False,1,,partial_start,,,,,390,
2025-11-07 21:34:29.901500,24.157647359999995,7.5045284160000225,51.24027372905668,0.0920139127780999,4.71481807763138,4.954947,-74.02011433,2025-11-07 21:34:29.901500,False,1,,partial_start,,,,,391,
2025-11-07 21:34:30.903163,32.21019648,7.513475692800022,51.24696393322551,0.0868725058748083,4.45195217535522,4.954967,-74.02004483,2025-11-07 21:34:30.903163,False,1,,partial_start,,,,,392,
2025-11-07 21:34:31.904660,32.21019648,7.522422969600022,51.25699923947875,0.0920139127780999,4.71635705728853,4.9549865,-74.01997316,2025-11-07 21:34:31.904660,False,1,,partial_start,,,,,393,
2025-11-07 21:34:32.906109,32.21019648,7.531370246400022,51.26368944364758,0.0920139127780999,4.71697264915138,4.9550063,-74.01990116,2025-11-07 21:34:32.906109,False,1,,partial_start,,,,,394,
2025-11-07 21:34:33.907698,32.21019648,7.540317523200022,51.273724749900815,0.0894432093264541,4.58608649575237,4.955027,-74.01982833,2025-11-07 21:34:33.907698,False,1,,partial_start,,,,,395,
2025-11-07 21:34:34.909295,32.21019648,7.549264800000022,51.17337168736839,1.48276448011719,75.8780578658645,4.9550483,-74.01975433,2025-11-07 21:34:34.909295,False,1,,partial_start,,,,,396,
2025-11-07 21:34:35.910826,40.2627456,7.560448896000022,48.878631657460254,21.1537872920926,1033.96817721046,4.9550701,-74.01967616,2025-11-07 21:34:35.910826,False,1,,partial_start,,,,,397,
2025-11-07 21:34:36.912466,40.2627456,7.571632992000022,49.15627513046663,18.2488923917355,897.047575234434,4.955095,-74.01958983,2025-11-07 21:34:36.912466,False,1,,partial_start,,,,,398,
2025-11-07 21:34:37.914015,40.2627456,7.582817088000022,51.0094616852321,0.580447568590344,29.6083180102952,4.9551153,-74.01949716,2025-11-07 21:34:37.914015,False,1,,partial_start,,,,,399,
2025-11-07 21:34:38.915592,40.2627456,7.594001184000022,51.13657556443984,0.110008836939599,5.62547520291794,4.9551234,-74.019399,2025-11-07 21:34:38.915592,False,1,,partial_start,,,,,400,
2025-11-07 21:34:39.916853,40.2627456,7.605185280000022,51.17337168736839,0.0894432093264541,4.57711059577373,4.9551081,-74.01930116,2025-11-07 21:34:39.916853,False,1,,partial_start,,,,,401,
2025-11-07 21:34:40.918666,40.2627456,7.616369376000022,51.19344229987488,0.0971553196813843,4.97371525223484,4.9550616,-74.01921166,2025-11-07 21:34:40.918666,False,1,,partial_start,,,,,402,
2025-11-07 21:34:41.919800,48.31529471999999,7.629790291200022,51.21685801446578,0.102296726584675,5.23931692083197,4.9549836,-74.0191495,2025-11-07 21:34:41.919800,False,1,,partial_start,,,,,403,
2025-11-07 21:34:42.921483,40.2627456,7.640974387200022,51.23358352488785,0.0791603955198851,4.05567073573119,4.9548871,-74.01913466,2025-11-07 21:34:42.921483,False,1,,partial_start,,,,,404,
2025-11-07 21:34:43.927715,40.2627456,7.652158483200022,51.24027372905668,0.0868725058748083,4.45137098055426,4.9547921,-74.019152,2025-11-07 21:34:43.927715,False,1,,partial_start,,,,,405,
2025-11-07 21:34:44.928919,40.2627456,7.663342579200022,51.253654137394335,0.0868725058748083,4.45253337015618,4.9547013,-74.01917816,2025-11-07 21:34:44.928919,False,1,,partial_start,,,,,406,
2025-11-07 21:34:45.930123,32.21019648,7.672289856000022,51.26368944364758,0.0894432093264541,4.5851889057545,4.9546198,-74.01918566,2025-11-07 21:34:45.930123,False,1,,partial_start,,,,,407,
2025-11-07 21:34:46.932035,32.21019648,7.681237132800022,51.24027372905668,0.374791292458873,19.2044084168595,4.9545491,-74.0191625,2025-11-07 21:34:46.932035,False,1,,partial_start,,,,,408,
2025-11-07 21:34:47.933467,32.21019648,7.690184409600022,49.1261692117069,17.2128989007232,845.603784020936,4.9545026,-74.0191145,2025-11-07 21:34:47.933467,False,1,,partial_start,,,,,409,
2025-11-07 21:34:48.935015,32.21019648,7.699131686400022,49.08268288460952,23.2720469362468,1142.25449984755,4.9544818,-74.01904583,2025-11-07 21:34:48.935015,False,1,,partial_start,,,,,410,
2025-11-07 21:34:49.936469,32.21019648,7.708078963200021,48.80503941160315,20.4468438428907,997.909019595176,4.954496,-74.018967,2025-11-07 21:34:49.936469,False,1,,partial_start,,,,,411,
2025-11-07 21:34:50.937837,40.2627456,7.719263059200021,48.73813736991486,21.2746103543198,1036.88488194025,4.9545386,-74.01889333,2025-11-07 21:34:50.937837,False,1,,partial_start,,,,,412,
2025-11-07 21:34:51.939227,32.21019648,7.728210336000021,49.09271819086276,17.7296102945036,870.394761821885,4.9546058,-74.01882916,2025-11-07 21:34:51.939227,False,1,,partial_start,,,,,413,
2025-11-07 21:34:52.940592,40.2627456,7.739394432000021,49.203106559648425,16.2514558098086,799.622111959432,4.9546883,-74.0187855,2025-11-07 21:34:52.940592,False,1,,partial_start,,,,,414,
2025-11-07 21:34:53.942095,40.2627456,7.750578528000021,49.18972615131077,16.2617386236152,799.910469639826,4.95478,-74.0187605,2025-11-07 21:34:53.942095,False,1,,partial_start,,,,,415,
2025-11-07 21:34:54.943481,40.2627456,7.761762624000021,49.13620451796015,16.5676523343607,814.071553483611,4.9548766,-74.018756,2025-11-07 21:34:54.943481,False,1,,partial_start,,,,,416,
2025-11-07 21:34:55.944848,48.31529471999999,7.775183539200022,49.183035947141946,15.9943854646443,786.652435260045,4.9549715,-74.01877416,2025-11-07 21:34:55.944848,False,1,,partial_start,,,,,417,
2025-11-07 21:34:56.946053,40.2627456,7.786367635200022,49.09271819086276,17.3697118112735,852.726367007352,4.95506,-74.01881233,2025-11-07 21:34:56.946053,False,1,,partial_start,,,,,418,
2025-11-07 21:34:57.947281,40.2627456,7.797551731200022,48.928808188726464,19.233471813715,941.070853176539,4.9551408,-74.01886516,2025-11-07 21:34:57.947281,False,1,,partial_start,,,,,419,
2025-11-07 21:34:58.949138,32.21019648,7.806499008000022,48.9823298220771,18.2411802813806,893.495508886556,4.955206,-74.0189355,2025-11-07 21:34:58.949138,False,1,,partial_start,,,,,420,
2025-11-07 21:34:59.950328,40.2627456,7.817683104000022,49.02916125125889,18.0252411914426,883.762456968073,4.9552525,-74.01901583,2025-11-07 21:34:59.950328,False,1,,partial_start,,,,,421,
2025-11-07 21:35:00.951710,40.2627456,7.828867200000022,48.90539247413557,18.2900236469618,894.480784815891,4.9552826,-74.01910316,2025-11-07 21:35:00.951710,False,1,,partial_start,,,,,422,
2025-11-07 21:35:01.953430,40.2627456,7.840051296000022,48.87528655537584,18.1203572191534,885.637651571896,4.955299,-74.0191965,2025-11-07 21:35:01.953430,False,1,,partial_start,,,,,423,
2025-11-07 21:35:02.955011,40.2627456,7.851235392000022,48.8184198199408,18.3362963090914,895.149011160058,4.9553035,-74.01929266,2025-11-07 21:35:02.955011,False,1,,partial_start,,,,,424,
2025-11-07 21:35:03.956576,40.2627456,7.862419488000022,48.88197675954467,17.7116153703421,865.778770907057,4.9552953,-74.01938566,2025-11-07 21:35:03.956576,False,1,,partial_start,,,,,425,
2025-11-07 21:35:04.960404,40.2627456,7.873603584000022,48.80503941160315,18.4468365575121,900.298585208781,4.9552741,-74.019479,2025-11-07 21:35:04.960404,False,1,,partial_start,,,,,426,
2025-11-07 21:35:05.964854,40.2627456,7.884787680000022,48.83514533036286,17.9584029016998,877.001215605723,4.9552211,-74.01966033,2025-11-07 21:35:05.964854,False,1,,partial_start,,,,,427,
2025-11-07 21:35:06.966514,40.2627456,7.895971776000022,48.878631657460254,17.1460606109805,838.075980980606,4.955195,-74.01975216,2025-11-07 21:35:06.966514,False,1,,partial_start,,,,,428,
2025-11-07 21:35:07.968153,40.2627456,7.907155872000022,48.86525124912259,17.5830801977599,859.201631597011,4.9551693,-74.01984433,2025-11-07 21:35:07.968153,False,1,,partial_start,,,,,429,
2025-11-07 21:35:08.969628,40.2627456,7.918339968000022,49.02916125125889,14.8941243873409,730.246426283245,4.9551435,-74.0199365,2025-11-07 21:35:08.969628,False,1,,partial_start,,,,,430,
2025-11-07 21:35:09.971883,40.2627456,7.929524064000022,50.66826127262185,0.387644809717095,19.6412884997215,4.9551191,-74.020026,2025-11-07 21:35:09.971883,False,1,,partial_start,,,,,431,
2025-11-07 21:35:10.973063,40.2627456,7.940708160000022,50.73516331431013,0.238544009521774,12.1025692807375,4.9550961,-74.02011133,2025-11-07 21:35:10.973063,False,1,,partial_start,,,,,432,
2025-11-07 21:35:11.974431,32.21019648,7.949655436800022,48.524050836512345,18.9584065443891,919.938682939208,4.9550734,-74.02019133,2025-11-07 21:35:11.974431,False,1,,partial_start,,,,,433,
2025-11-07 21:35:12.975823,40.2627456,7.960839532800022,48.43038797814875,20.3645813324381,986.264574942543,4.9550506,-74.02027166,2025-11-07 21:35:12.975823,False,1,,partial_start,,,,,434,
2025-11-07 21:35:13.977236,32.21019648,7.969786809600022,48.4872547135838,21.9507053621021,1064.32944203507,4.955027,-74.02035416,2025-11-07 21:35:13.977236,False,1,,partial_start,,,,,435,
2025-11-07 21:35:14.978582,40.2627456,7.980970905600022,48.36014083437605,21.7733268239387,1052.96115163857,4.9550043,-74.02043883,2025-11-07 21:35:14.978582,False,1,,partial_start,,,,,436,
2025-11-07 21:35:15.979909,32.21019648,7.989918182400022,48.43707818231759,20.8504442847987,1009.93459995885,4.9549811,-74.0205255,2025-11-07 21:35:15.979909,False,1,,partial_start,,,,,437,
2025-11-07 21:35:16.981294,40.2627456,8.00110227840002,48.46383899899289,20.4211368083742,989.686686457458,4.9549566,-74.02061116,2025-11-07 21:35:16.981294,False,1,,partial_start,,,,,438,
2025-11-07 21:35:17.982729,40.2627456,8.01228637440002,48.90204737205115,16.1589104855494,790.203806045075,4.9549298,-74.02069666,2025-11-07 21:35:17.982729,False,1,,partial_start,,,,,439,
2025-11-07 21:35:18.984205,32.21019648,8.02123365120002,50.40734331003754,2.15114737754447,108.433624370371,4.9548988,-74.0207785,2025-11-07 21:35:18.984205,False,1,,partial_start,,,,,440,
2025-11-07 21:35:19.985581,40.2627456,8.03241774720002,48.70468634907072,18.2051904330576,886.678089967175,4.9548583,-74.02085416,2025-11-07 21:35:19.985581,False,1,,partial_start,,,,,441,
2025-11-07 21:35:20.986945,40.2627456,8.043601843200019,50.57794351634267,0.369649885555588,18.6961310324531,4.9548081,-74.02092433,2025-11-07 21:35:20.986945,False,1,,partial_start,,,,,442,
2025-11-07 21:35:21.988336,32.21019648,8.05254912000002,50.57794351634267,0.369649885555588,18.6961310324531,4.9547538,-74.02099033,2025-11-07 21:35:21.988336,False,1,,partial_start,,,,,443,
2025-11-07 21:35:22.989815,40.2627456,8.063733216000019,48.35010552812281,20.7141970018616,1001.53361097033,4.9546896,-74.02105183,2025-11-07 21:35:22.989815,False,1,,partial_start,,,,,444,
2025-11-07 21:35:23.991336,40.2627456,8.074917312000018,48.42369777397992,20.1692078701132,976.66762624294,4.9546101,-74.021099,2025-11-07 21:35:23.991336,False,1,,partial_start,,,,,445,
2025-11-07 21:35:24.992785,40.2627456,8.086101408000017,49.35698125553149,11.9429568248542,589.468296139954,4.9545223,-74.02112483,2025-11-07 21:35:24.992785,False,1,,partial_start,,,,,446,
2025-11-07 21:35:25.994116,40.2627456,8.097285504000016,50.56456310800501,0.449341692556529,22.7207663703324,4.9544305,-74.0211265,2025-11-07 21:35:25.994116,False,1,,partial_start,,,,,447,
2025-11-07 21:35:26.995528,32.21019648,8.106232780800017,50.63815535386212,0.305382299264508,15.4639963124757,4.9543348,-74.02110533,2025-11-07 21:35:26.995528,False,1,,partial_start,,,,,448,
2025-11-07 21:35:27.996926,40.2627456,8.117416876800016,50.6548808642842,0.392786216620379,19.8965390080382,4.9542515,-74.02106083,2025-11-07 21:35:27.996926,False,1,,partial_start,,,,,449,
2025-11-07 21:35:28.998428,40.2627456,8.128600972800015,50.67495147679068,0.395356920072025,20.0346927406632,4.954178,-74.02100183,2025-11-07 21:35:28.998428,False,1,,partial_start,,,,,450,
2025-11-07 21:35:29.999845,40.2627456,8.139785068800014,49.85874656819361,8.65759781365397,431.65697528032,4.9541116,-74.02093566,2025-11-07 21:35:29.999845,False,1,,partial_start,,,,,451,
2025-11-07 21:35:31.001260,40.2627456,8.150969164800014,50.60135923093356,1.649860204474,83.4851688874108,4.954063,-74.020848,2025-11-07 21:35:31.001260,False,1,,partial_start,,,,,452,
2025-11-07 21:35:32.002632,40.2627456,8.162153260800013,50.72178290597248,0.531604203009123,26.9639129769313,4.9540346,-74.02075466,2025-11-07 21:35:32.002632,False,1,,partial_start,,,,,453,
2025-11-07 21:35:33.004044,40.2627456,8.173337356800012,50.7284731101413,0.752684699850455,38.1825455567786,4.9540306,-74.0206545,2025-11-07 21:35:33.004044,False,1,,partial_start,,,,,454,
2025-11-07 21:35:34.006083,48.31529471999999,8.186758272000011,49.51420105349895,12.6833194189275,628.004427734527,4.9540473,-74.02055916,2025-11-07 21:35:34.006083,False,1,,partial_start,,,,,455,
2025-11-07 21:35:35.007125,40.2627456,8.19794236800001,50.06948799951171,6.49306550737021,325.104465501316,4.9540816,-74.0204645,2025-11-07 21:35:35.007125,False,1,,partial_start,,,,,456,
2025-11-07 21:35:36.008250,40.2627456,8.20912646400001,50.72512800805689,0.798957361980043,40.5272144594171,4.9541231,-74.0203705,2025-11-07 21:35:36.008250,False,1,,partial_start,,,,,457,
2025-11-07 21:35:37.009376,40.2627456,8.220310560000009,50.751888824732205,0.588159678945281,29.8502146370211,4.954166,-74.02027366,2025-11-07 21:35:37.009376,False,1,,partial_start,,,,,458,
2025-11-07 21:35:38.010496,48.31529471999999,8.233731475200008,50.82882617267373,0.166564312875756,8.46626850573267,4.9542094,-74.02017833,2025-11-07 21:35:38.010496,False,1,,partial_start,,,,,459,
2025-11-07 21:35:39.011888,40.2627456,8.244915571200007,50.845551683095806,0.102296726584675,5.20133349857266,4.9542528,-74.02008383,2025-11-07 21:35:39.011888,False,1,,partial_start,,,,,460,
2025-11-07 21:35:40.013038,48.31529471999999,8.258336486400006,50.865622295602286,0.0791603955198851,4.02654277928496,4.9542971,-74.01998366,2025-11-07 21:35:40.013038,False,1,,partial_start,,,,,461,
2025-11-07 21:35:41.014762,40.2627456,8.269520582400006,50.87565760185552,0.0791603955198851,4.02733717809713,4.9543425,-74.019884,2025-11-07 21:35:41.014762,False,1,,partial_start,,,,,462,
2025-11-07 21:35:42.015902,48.31529471999999,8.282941497600005,50.25012351207008,6.16144476210821,309.613360308734,4.9543868,-74.01978366,2025-11-07 21:35:42.015902,False,1,,partial_start,,,,,463,
2025-11-07 21:35:43.017056,48.31529471999999,8.296362412800004,50.45417473921934,4.55218440137943,229.676707232346,4.9544331,-74.01968066,2025-11-07 21:35:43.017056,False,1,,partial_start,,,,,464,
2025-11-07 21:35:44.018221,40.2627456,8.307546508800003,50.87565760185552,0.174276423230686,8.86642763636048,4.9544835,-74.0195825,2025-11-07 21:35:44.018221,False,1,,partial_start,,,,,465,
2025-11-07 21:35:45.019377,48.31529471999999,8.320967424000003,50.90241841853084,0.0971553196813843,4.94544073400795,4.9545436,-74.019494,2025-11-07 21:35:45.019377,False,1,,partial_start,,,,,466,
2025-11-07 21:35:46.020508,48.31529471999999,8.334388339200002,50.91914392895291,0.0765896920682394,3.89988155389686,4.9546136,-74.01942316,2025-11-07 21:35:46.020508,False,1,,partial_start,,,,,467,
2025-11-07 21:35:47.021824,40.2627456,8.345572435200001,50.932524337290566,0.0765896920682394,3.90090635525119,4.9546936,-74.01936916,2025-11-07 21:35:47.021824,False,1,,partial_start,,,,,468,
2025-11-07 21:35:48.023174,40.2627456,8.3567565312,50.94255964354381,0.068877581713302,3.50880031453295,4.9547761,-74.01934366,2025-11-07 21:35:48.023174,False,1,,partial_start,,,,,469,
2025-11-07 21:35:49.024549,32.21019648,8.365703808000001,50.95259494979706,0.0534533610034486,2.72358745191399,4.954849,-74.01935416,2025-11-07 21:35:49.024549,False,1,,partial_start,,,,,470,
2025-11-07 21:35:50.026035,32.21019648,8.374651084800002,48.651164715720085,19.6550671797845,956.241910862241,4.9549061,-74.019394,2025-11-07 21:35:50.026035,False,1,,partial_start,,,,,471,
2025-11-07 21:35:51.027509,32.21019648,8.383598361600002,48.42035267189551,20.6936313742484,1001.99292920331,4.9549331,-74.01945266,2025-11-07 21:35:51.027509,False,1,,partial_start,,,,,472,
2025-11-07 21:35:52.028994,32.21019648,8.392545638400003,48.82176492202521,21.5728119547105,1053.22275395993,4.9549343,-74.01952199,2025-11-07 21:35:52.028994,False,1,,partial_start,,,,,473,
2025-11-07 21:35:53.030392,24.157647359999995,8.399256096000004,48.66120002197333,17.4339793975646,848.358358643854,4.9549123,-74.01958749,2025-11-07 21:35:53.030392,False,1,,partial_start,,,,,474,
2025-11-07 21:35:54.031947,32.21019648,8.408203372800005,48.76155308450576,23.2411984948271,1133.27693415304,4.9548746,-74.01964733,2025-11-07 21:35:54.031947,False,1,,partial_start,,,,,475,
2025-11-07 21:35:55.033319,32.21019648,8.417150649600005,48.29323879268777,19.9584101870784,963.856269086992,4.9548236,-74.0197015,2025-11-07 21:35:55.033319,False,1,,partial_start,,,,,476,
2025-11-07 21:35:56.034802,32.21019648,8.426097926400006,48.66789022614216,23.3877285915707,1138.23140773337,4.9547616,-74.01974783,2025-11-07 21:35:56.034802,False,1,,partial_start,,,,,477,
2025-11-07 21:35:57.036281,32.21019648,8.435045203200007,48.26647797601245,19.9301324491103,961.957298913997,4.9546916,-74.01978683,2025-11-07 21:35:57.036281,False,1,,partial_start,,,,,478,
2025-11-07 21:35:58.039213,32.21019648,8.443992480000007,48.54412144901884,21.8812963689077,1062.20830839423,4.9546176,-74.01982633,2025-11-07 21:35:58.039213,False,1,,partial_start,,,,,479,
2025-11-07 21:35:59.040490,40.2627456,8.455176576000007,48.41366246772668,21.6216553202917,1046.78352267013,4.9545433,-74.019874,2025-11-07 21:35:59.040490,False,1,,partial_start,,,,,480,
2025-11-07 21:36:00.041882,40.2627456,8.466360672000006,49.10609859920042,13.631908992584,669.409867085156,4.9544811,-74.01993716,2025-11-07 21:36:00.041882,False,1,,partial_start,,,,,481,
2025-11-07 21:36:01.042904,32.21019648,8.475307948800006,50.50100616840114,0.796386658528398,40.218327554775,4.9544348,-74.02001016,2025-11-07 21:36:01.042904,False,1,,partial_start,,,,,482,
2025-11-07 21:36:02.044318,40.2627456,8.486492044800006,48.43707818231759,19.6113652211066,949.917230476724,4.9543986,-74.0200865,2025-11-07 21:36:02.044318,False,1,,partial_start,,,,,483,
2025-11-07 21:36:03.045819,32.21019648,8.495439321600006,48.28989369060336,20.9404189056062,1011.21060278842,4.9543634,-74.02016316,2025-11-07 21:36:03.045819,False,1,,partial_start,,,,,484,
2025-11-07 21:36:04.047308,40.2627456,8.506623417600006,48.33338001770073,21.0509591540269,1017.46400852867,4.9543258,-74.02024283,2025-11-07 21:36:04.047308,False,1,,partial_start,,,,,485,
2025-11-07 21:36:05.048993,40.2627456,8.517807513600005,48.46049389690848,19.0638053859065,923.841424555575,4.9542875,-74.02032566,2025-11-07 21:36:05.048993,False,1,,partial_start,,,,,486,
2025-11-07 21:36:06.050469,32.21019648,8.526754790400005,48.64447451155126,18.3234427918332,891.3342458512,4.954248,-74.02041133,2025-11-07 21:36:06.050469,False,1,,partial_start,,,,,487,
2025-11-07 21:36:07.052052,40.2627456,8.537938886400005,48.59429798028504,17.5522317563402,852.938380186618,4.954211,-74.02049933,2025-11-07 21:36:07.052052,False,1,,partial_start,,,,,488,
2025-11-07 21:36:08.053570,40.2627456,8.549122982400004,48.6310941032136,18.0406654121524,877.337297342977,4.9541848,-74.02059283,2025-11-07 21:36:08.053570,False,1,,partial_start,,,,,489,
2025-11-07 21:36:09.088730,40.2627456,8.560307078400003,48.55415675527208,18.1743419916379,882.439849985911,4.9541801,-74.02068883,2025-11-07 21:36:09.088730,False,1,,partial_start,,,,,490,
2025-11-07 21:36:10.089877,40.2627456,8.571491174400002,48.51736063234352,18.5290990679647,898.982981672864,4.9541986,-74.0207795,2025-11-07 21:36:10.089877,False,1,,partial_start,,,,,491,
2025-11-07 21:36:11.091034,40.2627456,8.582675270400001,50.44748453505051,0.0303170299386579,1.5294178989791,4.9542418,-74.0208595,2025-11-07 21:36:11.091034,False,1,,partial_start,,,,,492,
2025-11-07 21:36:12.092636,40.2627456,8.5938593664,50.49431596423232,0.104867430036314,5.29520914661069,4.9543073,-74.02091766,2025-11-07 21:36:12.092636,False,1,,partial_start,,,,,493,
2025-11-07 21:36:13.093809,32.21019648,8.602806643200001,48.26647797601245,21.4956908511612,1037.52128904674,4.9543858,-74.02093233,2025-11-07 21:36:13.093809,False,1,,partial_start,,,,,494,
2025-11-07 21:36:14.122609,32.21019648,8.611753920000002,47.96541878841517,21.8478772240363,1047.94258068878,4.9544656,-74.02090916,2025-11-07 21:36:14.122609,False,1,,partial_start,,,,,495,
2025-11-07 21:36:15.123973,40.2627456,8.622938016,48.21295634266183,20.8324493606372,1004.39397153511,4.9545366,-74.02086133,2025-11-07 21:36:15.123973,False,1,,partial_start,,,,,496,
2025-11-07 21:36:16.125316,40.2627456,8.634122112,48.60098818445387,17.4545450251777,848.308136533683,4.9545998,-74.02079716,2025-11-07 21:36:16.125316,False,1,,partial_start,,,,,497,
2025-11-07 21:36:17.126599,32.21019648,8.6430693888,48.83849043244729,14.7090337388225,718.367003524031,4.9546616,-74.02072249,2025-11-07 21:36:17.126599,False,1,,partial_start,,,,,498,
2025-11-07 21:36:18.127972,40.2627456,8.6542534848,49.17634574297312,12.0329314456617,591.735597073357,4.954724,-74.020643,2025-11-07 21:36:18.127972,False,1,,partial_start,,,,,499,
2025-11-07 21:36:19.129318,48.31529471999999,8.6676744,49.3134949284341,10.6139031403546,523.408658682768,4.9547825,-74.020559,2025-11-07 21:36:19.129318,False,1,,partial_start,,,,,500,
2025-11-07 21:36:20.130736,40.2627456,8.678858495999998,49.51754615558337,8.68330484817041,429.975948602279,4.9548331,-74.02047033,2025-11-07 21:36:20.130736,False,1,,partial_start,,,,,501,
2025-11-07 21:36:21.132217,40.2627456,8.690042591999998,49.7851543223365,6.4030908865627,318.77886792747,4.9548728,-74.0203735,2025-11-07 21:36:21.132217,False,1,,partial_start,,,,,502,
2025-11-07 21:36:22.133596,48.31529471999999,8.703463507199997,49.91895840571307,5.67301110629596,283.190805450336,4.954905,-74.02027366,2025-11-07 21:36:22.133596,False,1,,partial_start,,,,,503,
2025-11-07 21:36:23.135046,40.2627456,8.714647603199996,49.91895840571307,5.67301110629596,283.190805450336,4.9549361,-74.02016983,2025-11-07 21:36:23.135046,False,1,,partial_start,,,,,504,
2025-11-07 21:36:24.136351,48.31529471999999,8.728068518399995,50.12969983703116,3.75012492446668,187.992636814884,4.9549663,-74.02006333,2025-11-07 21:36:24.136351,False,1,,partial_start,,,,,505,
2025-11-07 21:36:25.137467,48.31529471999999,8.741489433599995,50.236743103732415,1.87351140476699,94.1191111431923,4.9549956,-74.01995716,2025-11-07 21:36:25.137467,False,1,,partial_start,,,,,506,
2025-11-07 21:36:26.139109,48.31529471999999,8.754910348799994,50.37054718710898,1.52132503189184,76.629974305838,4.9550251,-74.01985116,2025-11-07 21:36:26.139109,False,1,,partial_start,,,,,507,
2025-11-07 21:36:27.140327,40.2627456,8.766094444799993,50.42741392254403,1.39278985930967,70.2347907425307,4.9550563,-74.01974383,2025-11-07 21:36:27.140327,False,1,,partial_start,,,,,508,
2025-11-07 21:36:28.142157,48.31529471999999,8.779515359999992,50.47759045381024,0.842659320657972,42.535412080259,4.9550856,-74.0196365,2025-11-07 21:36:28.142157,False,1,,partial_start,,,,,509,
2025-11-07 21:36:29.143349,40.2627456,8.790699455999992,50.50100616840114,0.675563596301152,34.1166413439517,4.9551108,-74.01952466,2025-11-07 21:36:29.143349,False,1,,partial_start,,,,,510,
2025-11-07 21:36:30.144520,48.31529471999999,8.804120371199991,50.624774945524464,0.0380291402935881,1.92521666873467,4.9551228,-74.0194145,2025-11-07 21:36:30.144520,False,1,,partial_start,,,,,511,
2025-11-07 21:36:31.145725,48.31529471999999,8.81754128639999,50.63815535386212,0.102296726584675,5.18011753298637,4.9551136,-74.01930866,2025-11-07 21:36:31.145725,False,1,,partial_start,,,,,512,
2025-11-07 21:36:32.147526,40.2627456,8.82872538239999,50.658225966368605,0.0817310989715238,4.14035248017909,4.9550753,-74.019215,2025-11-07 21:36:32.147526,False,1,,partial_start,,,,,513,
2025-11-07 21:36:33.148694,40.2627456,8.839909478399989,50.67495147679068,0.0791603955198851,4.01144920185374,4.9550095,-74.01915,2025-11-07 21:36:33.148694,False,1,,partial_start,,,,,514,
2025-11-07 21:36:34.149874,40.2627456,8.851093574399988,50.684986783043925,0.0765896920682394,3.88194753019611,4.9549231,-74.019133,2025-11-07 21:36:34.149874,False,1,,partial_start,,,,,515,
2025-11-07 21:36:35.151026,40.2627456,8.862277670399987,48.51401553025911,20.0638090285958,973.375942809451,4.9548338,-74.01914083,2025-11-07 21:36:35.151026,False,1,,partial_start,,,,,516,
2025-11-07 21:36:36.152243,32.21019648,8.871224947199988,49.8554014661092,8.18458837855159,408.045939447541,4.9547421,-74.0191655,2025-11-07 21:36:36.152243,False,1,,partial_start,,,,,517,
2025-11-07 21:36:37.153397,40.2627456,8.882409043199987,50.62812004760888,0.0585947679067331,2.96654294374386,4.9546643,-74.01918216,2025-11-07 21:36:37.153397,False,1,,partial_start,,,,,518,
2025-11-07 21:36:38.154489,32.21019648,8.891356319999987,50.66157106845302,0.0765896920682394,3.88015412782604,4.9546018,-74.019167,2025-11-07 21:36:38.154489,False,1,,partial_start,,,,,519,
2025-11-07 21:36:39.155665,24.157647359999995,8.898066777599988,48.23971715933715,22.6525074044007,1092.75055013808,4.9545575,-74.01913049,2025-11-07 21:36:39.155665,False,1,,partial_start,,,,,520,
2025-11-07 21:36:40.156852,32.21019648,8.907014054399989,48.845180636616114,21.9121448103274,1070.30267139613,4.9545293,-74.01907283,2025-11-07 21:36:40.156852,False,1,,partial_start,,,,,521,
2025-11-07 21:36:41.158006,24.157647359999995,8.91372451199999,48.38690165105137,18.1923369157994,880.270817147578,4.9545315,-74.01900233,2025-11-07 21:36:41.158006,False,1,,partial_start,,,,,522,
2025-11-07 21:36:42.159772,32.21019648,8.92267178879999,48.677925532395406,19.9944000354014,973.285915988196,4.9545583,-74.01893316,2025-11-07 21:36:42.159772,False,1,,partial_start,,,,,523,
2025-11-07 21:36:43.160923,32.21019648,8.93161906559999,48.09587776970733,19.2900272896511,927.770794697381,4.9546093,-74.01887916,2025-11-07 21:36:43.160923,False,1,,partial_start,,,,,524,
2025-11-07 21:36:44.162281,32.21019648,8.940566342399991,48.21630144474624,21.7373369756157,1048.09399222231,4.9546773,-74.018837,2025-11-07 21:36:44.162281,False,1,,partial_start,,,,,525,
2025-11-07 21:36:45.163731,40.2627456,8.95175043839999,48.23971715933715,20.7090555949583,998.998984537778,4.9547595,-74.01880916,2025-11-07 21:36:45.163731,False,1,,partial_start,,,,,526,
2025-11-07 21:36:46.165213,32.21019648,8.960697715199991,48.29323879268777,21.5034029615161,1038.46897407588,4.9548466,-74.01879466,2025-11-07 21:36:46.165213,False,1,,partial_start,,,,,527,
2025-11-07 21:36:47.166621,40.2627456,8.97188181119999,48.229681853083896,20.3337328910184,980.689468219405,4.9549371,-74.01879666,2025-11-07 21:36:47.166621,False,1,,partial_start,,,,,528,
2025-11-07 21:36:48.168020,40.2627456,8.98306590719999,48.25978777184363,20.0535262147892,967.778919202833,4.955026,-74.01881566,2025-11-07 21:36:48.168020,False,1,,partial_start,,,,,529,
2025-11-07 21:36:49.169429,40.2627456,8.994250003199989,48.31330940519425,19.2463253309732,929.853670628337,4.9551096,-74.01885683,2025-11-07 21:36:49.169429,False,1,,partial_start,,,,,530,
2025-11-07 21:36:50.170619,40.2627456,9.005434099199988,48.19623083223976,20.0740918424024,967.495564184008,4.9551823,-74.018913,2025-11-07 21:36:50.170619,False,1,,partial_start,,,,,531,
2025-11-07 21:36:51.172480,32.21019648,9.014381375999989,48.23302695516831,19.8401578283028,956.950867327325,4.95524,-74.01898366,2025-11-07 21:36:51.172480,False,1,,partial_start,,,,,532,
2025-11-07 21:36:52.174150,40.2627456,9.025565471999988,48.26313287392804,18.9095631788079,912.634760286745,4.9552795,-74.0190635,2025-11-07 21:36:52.174150,False,1,,partial_start,,,,,533,
2025-11-07 21:36:53.176285,40.2627456,9.036749567999989,48.520705734427935,16.6859046931363,809.61187152838,4.955303,-74.01915166,2025-11-07 21:36:53.176285,False,1,,partial_start,,,,,534,
2025-11-07 21:36:54.178074,40.2627456,9.047933663999986,50.310335349589536,0.0508826575518028,2.55992356490952,4.9553143,-74.01923916,2025-11-07 21:36:54.178074,False,1,,partial_start,,,,,535,
2025-11-07 21:36:55.181719,32.21019648,9.056880940799989,50.36385698294016,0.0560240644550944,2.82158796981939,4.9553121,-74.0193205,2025-11-07 21:36:55.181719,False,1,,partial_start,,,,,536,
2025-11-07 21:36:56.187913,32.21019648,9.065828217599988,50.40734331003754,0.0328877333902966,1.65778326769366,4.9552995,-74.01939216,2025-11-07 21:36:56.187913,False,1,,partial_start,,,,,537,
2025-11-07 21:36:57.189268,32.21019648,9.074775494399988,50.44079433088168,0.0380291402935881,1.91822004412912,4.955282,-74.01945783,2025-11-07 21:36:57.189268,False,1,,partial_start,,,,,538,
2025-11-07 21:36:58.190607,24.157647359999995,9.081485951999989,50.46755514755699,0.0354584368419423,1.78950061676689,4.9552658,-74.01951766,2025-11-07 21:36:58.190607,False,1,,partial_start,,,,,539,
2025-11-07 21:36:59.192004,32.21019648,9.09043322879999,50.4909708621479,0.0457412506485113,2.30952015369218,4.9552501,-74.01957183,2025-11-07 21:36:59.192004,False,1,,partial_start,,,,,540,
2025-11-07 21:37:00.193390,16.10509824,9.09490686719999,50.46755514755699,0.0611654713583789,3.0868717989053,4.9552358,-74.01962483,2025-11-07 21:37:00.193390,False,1,,partial_start,,,,,541,
2025-11-07 21:37:01.194740,24.157647359999995,9.10161732479999,50.50769637256997,0.0483119541001642,2.44012550885663,4.9552213,-74.019674,2025-11-07 21:37:01.194740,False,1,,partial_start,,,,,542,
2025-11-07 21:37:02.196129,24.157647359999995,9.108327782399993,50.52776698507645,0.0508826575518028,2.57098706435893,4.955208,-74.0197185,2025-11-07 21:37:02.196129,False,1,,partial_start,,,,,543,
2025-11-07 21:37:03.197510,16.10509824,9.112801420799991,50.54783759758294,0.0534533610034486,2.70195181104729,4.9551961,-74.01976016,2025-11-07 21:37:03.197510,False,1,,partial_start,,,,,544,
2025-11-07 21:37:04.199610,16.10509824,9.117275059199992,50.56790821008942,0.0457412506485113,2.31303936420861,4.9551861,-74.01979733,2025-11-07 21:37:04.199610,False,1,,partial_start,,,,,545,
2025-11-07 21:37:05.201269,16.10509824,9.121748697599992,48.97563961790827,15.6370576848658,765.834901858433,4.9551775,-74.01982966,2025-11-07 21:37:05.201269,False,1,,partial_start,,,,,546,
2025-11-07 21:37:06.202908,16.10509824,9.126222335999993,48.90539247413557,16.248885106357,794.658103393525,4.9551686,-74.01986283,2025-11-07 21:37:06.202908,False,1,,partial_start,,,,,547,
2025-11-07 21:37:07.204311,16.10509824,9.130695974399991,49.19307125339519,12.637046756798,621.65514153965,4.9551583,-74.01989883,2025-11-07 21:37:07.204311,False,1,,partial_start,,,,,548,
2025-11-07 21:37:08.205633,16.10509824,9.135169612799992,49.27335370342113,11.8015681350138,581.502840971563,4.9551475,-74.01993766,2025-11-07 21:37:08.205633,False,1,,partial_start,,,,,549,
2025-11-07 21:37:09.207140,16.10509824,9.139643251199994,48.76155308450576,17.3902774388866,847.976936490556,4.9551371,-74.01997766,2025-11-07 21:37:09.207140,False,1,,partial_start,,,,,550,
2025-11-07 21:37:10.208598,24.157647359999995,9.146353708799994,50.47090024964141,0.28224596819971,14.245208106871,4.9551271,-74.0200195,2025-11-07 21:37:10.208598,False,1,,partial_start,,,,,551,
2025-11-07 21:37:11.210211,16.10509824,9.150827347199996,50.46421004547258,0.631861637623217,31.8863984006943,4.9551185,-74.020058,2025-11-07 21:37:11.210211,False,1,,partial_start,,,,,552,
2025-11-07 21:37:12.211830,16.10509824,9.155300985599997,49.95575452864163,5.41851146458326,270.685828635352,4.9551108,-74.02009483,2025-11-07 21:37:12.211830,False,1,,partial_start,,,,,553,
2025-11-07 21:37:13.213249,16.10509824,9.159774623999995,49.945719222388384,5.61131422345652,280.261124673353,4.9551011,-74.02013133,2025-11-07 21:37:13.213249,False,1,,partial_start,,,,,554,
2025-11-07 21:37:14.214549,16.10509824,9.164248262399996,50.0427271828364,4.82210826380199,241.311448291544,4.9550905,-74.02016683,2025-11-07 21:37:14.214549,False,1,,partial_start,,,,,555,
2025-11-07 21:37:15.216007,16.10509824,9.168721900799996,49.02581614917448,14.806720469985,725.911555533705,4.9550803,-74.02019983,2025-11-07 21:37:15.216007,False,1,,partial_start,,,,,556,
2025-11-07 21:37:16.217300,16.10509824,9.173195539199996,49.35363615344707,11.0971953892635,547.686943565425,4.9550704,-74.0202335,2025-11-07 21:37:16.217300,False,1,,partial_start,,,,,557,
2025-11-07 21:37:17.218620,16.10509824,9.177669177599997,49.72828758690146,7.37738749473555,366.86484697822,4.9550608,-74.02027,2025-11-07 21:37:17.218620,False,1,,partial_start,,,,,558,
2025-11-07 21:37:18.220006,16.10509824,9.182142815999995,49.58110309518724,8.97122363475447,444.803163924742,4.9550505,-74.020307,2025-11-07 21:37:18.220006,False,1,,partial_start,,,,,559,
2025-11-07 21:37:19.221555,16.10509824,9.186616454399998,49.58110309518724,8.97122363475447,444.803163924742,4.95504,-74.02034583,2025-11-07 21:37:19.221555,False,1,,partial_start,,,,,560,
2025-11-07 21:37:20.222907,16.10509824,9.191090092799998,49.7851543223365,6.93265579760124,345.143338747218,4.9550293,-74.02038583,2025-11-07 21:37:20.222907,False,1,,partial_start,,,,,561,
2025-11-07 21:37:21.224368,16.10509824,9.195563731199998,50.41068841212196,0.90692690694906,45.7188097187785,4.9550181,-74.02042433,2025-11-07 21:37:21.224368,False,1,,partial_start,,,,,562,
2025-11-07 21:37:22.225819,16.10509824,9.2000373696,50.47424535172582,0.672992892849514,33.9688083936541,4.9550085,-74.0204585,2025-11-07 21:37:22.225819,False,1,,partial_start,,,,,563,
2025-11-07 21:37:23.227373,16.10509824,9.204511008,49.67811105563525,8.34397199255348,414.512767291182,4.954999,-74.020491,2025-11-07 21:37:23.227373,False,1,,partial_start,,,,,564,
2025-11-07 21:37:24.228682,16.10509824,9.2089846464,50.03269187658315,4.73213364299447,236.761384478755,4.9549906,-74.02052583,2025-11-07 21:37:24.228682,False,1,,partial_start,,,,,565,
2025-11-07 21:37:25.230200,16.10509824,9.2134582848,49.91895840571307,5.91465723075045,295.253528285881,4.9549821,-74.02056016,2025-11-07 21:37:25.230200,False,1,,partial_start,,,,,566,
2025-11-07 21:37:26.231727,16.10509824,9.2179319232,49.88550738486893,6.14087913449507,306.340871413441,4.9549731,-74.02059283,2025-11-07 21:37:26.231727,False,1,,partial_start,,,,,567,
2025-11-07 21:37:27.233118,16.10509824,9.2268792,49.79853473067416,7.23599880489516,360.342137796688,4.9549628,-74.02062516,2025-11-07 21:37:27.233118,False,1,,partial_start,,,,,568,
2025-11-07 21:37:28.234593,8.05254912,9.2291160192,49.88550738486893,6.12802561723685,305.699667183334,4.9549538,-74.02065716,2025-11-07 21:37:28.234593,False,1,,partial_start,,,,,569,
2025-11-07 21:37:29.235951,16.10509824,9.2335896576,50.13304493911558,3.92493275917843,196.768830398899,4.9549451,-74.02068666,2025-11-07 21:37:29.235951,False,1,,partial_start,,,,,570,
2025-11-07 21:37:30.237412,16.10509824,9.238063296000002,49.64131493270669,8.77070876552629,435.389516012541,4.9549354,-74.02071899,2025-11-07 21:37:30.237412,False,1,,partial_start,,,,,571,
2025-11-07 21:37:31.238743,16.10509824,9.242536934400002,49.83533085360271,6.59846434888759,328.836653952515,4.9549249,-74.02075283,2025-11-07 21:37:31.238743,False,1,,partial_start,,,,,572,
2025-11-07 21:37:32.240104,16.10509824,9.247010572800002,49.97917024323253,5.37480950590533,268.628519320587,4.954913,-74.02078283,2025-11-07 21:37:32.240104,False,1,,partial_start,,,,,573,
2025-11-07 21:37:33.241284,16.10509824,9.251484211200005,49.70821697439498,8.02006335764641,398.663049530282,4.9548993,-74.02081233,2025-11-07 21:37:33.241284,False,1,,partial_start,,,,,574,
2025-11-07 21:37:34.242669,16.10509824,9.255957849600003,49.58110309518724,8.99178926236762,445.822830427646,4.9548806,-74.02084066,2025-11-07 21:37:34.242669,False,1,,partial_start,,,,,575,
2025-11-07 21:37:35.244077,16.10509824,9.260431488000004,49.718252280648215,7.70643753654591,383.150605627046,4.9548563,-74.020868,2025-11-07 21:37:35.244077,False,1,,partial_start,,,,,576,
2025-11-07 21:37:36.245441,16.10509824,9.264905126400004,49.84871126194037,6.4390807348857,320.97987634564,4.9548285,-74.0208985,2025-11-07 21:37:36.245441,False,1,,partial_start,,,,,577,
2025-11-07 21:37:37.246769,16.10509824,9.269378764800004,49.975825141148114,5.28226418164616,263.985511091298,4.9547978,-74.020928,2025-11-07 21:37:37.246769,False,1,,partial_start,,,,,578,
2025-11-07 21:37:38.248141,16.10509824,9.273852403200005,50.347131472518086,1.76040045289467,88.6311130461687,4.954766,-74.02095433,2025-11-07 21:37:38.248141,False,1,,partial_start,,,,,579,
2025-11-07 21:37:39.249620,16.10509824,9.278326041600003,50.28691963499863,2.56760133671071,129.116762073886,4.9547326,-74.02098116,2025-11-07 21:37:39.249620,False,1,,partial_start,,,,,580,
2025-11-07 21:37:40.250983,24.157647359999995,9.285036499200006,50.51773167882321,0.392786216620379,19.8426686983684,4.9547005,-74.02100733,2025-11-07 21:37:40.250983,False,1,,partial_start,,,,,581,
2025-11-07 21:37:41.252589,16.10509824,9.289510137600006,50.40734331003754,1.61644105960265,81.4804994318316,4.9546675,-74.02102883,2025-11-07 21:37:41.252589,False,1,,partial_start,,,,,582,
2025-11-07 21:37:42.254106,16.10509824,9.293983776000006,50.41737861629078,1.57788050782799,79.5525989744293,4.9546321,-74.02104483,2025-11-07 21:37:42.254106,False,1,,partial_start,,,,,583,
2025-11-07 21:37:43.255195,16.10509824,9.298457414400009,50.42406882045961,1.61901176305429,81.6371605613834,4.9545941,-74.02105683,2025-11-07 21:37:43.255195,False,1,,partial_start,,,,,584,
2025-11-07 21:37:44.256665,16.10509824,9.302931052800009,50.57794351634267,0.302811595812855,15.3155877891161,4.9545546,-74.021062,2025-11-07 21:37:44.256665,False,1,,partial_start,,,,,585,
2025-11-07 21:37:45.258168,16.10509824,9.307404691200007,49.668075749382,9.09204669698171,451.584464062606,4.9545134,-74.02106533,2025-11-07 21:37:45.258168,False,1,,partial_start,,,,,586,
2025-11-07 21:37:46.259604,24.157647359999995,9.314115148800008,50.57794351634267,0.220549085360268,11.1549191819326,4.954468,-74.0210725,2025-11-07 21:37:46.259604,False,1,,partial_start,,,,,587,
2025-11-07 21:37:47.261159,16.10509824,9.318588787200008,50.59801412884915,0.194842050843831,9.85862084149014,4.9544205,-74.02107016,2025-11-07 21:37:47.261159,False,1,,partial_start,,,,,588,
2025-11-07 21:37:48.262658,24.157647359999995,9.325299244800007,50.61473963927123,0.187129940488908,9.47153321655842,4.954371,-74.02105866,2025-11-07 21:37:48.262658,False,1,,partial_start,,,,,589,
2025-11-07 21:37:49.264160,16.10509824,9.32977288320001,50.63481025177771,0.133145168004396,6.7417803178437,4.9543211,-74.02104066,2025-11-07 21:37:49.264160,False,1,,partial_start,,,,,590,
2025-11-07 21:37:50.265721,24.157647359999995,9.33648334080001,50.64819066011537,0.110008836939599,5.57174854761435,4.9542746,-74.02102216,2025-11-07 21:37:50.265721,False,1,,partial_start,,,,,591,
2025-11-07 21:37:51.267207,16.10509824,9.34095697920001,50.658225966368605,0.10743813348796,5.44262524363797,4.9542323,-74.02099533,2025-11-07 21:37:51.267207,False,1,,partial_start,,,,,592,
2025-11-07 21:37:52.268715,24.157647359999995,9.34766743680001,50.66491617053743,0.0945846162297385,4.79212165230215,4.9541953,-74.02096183,2025-11-07 21:37:52.268715,False,1,,partial_start,,,,,593,
2025-11-07 21:37:53.270171,16.10509824,9.352141075200011,50.67495147679068,0.0945846162297385,4.79307083789287,4.9541603,-74.02092699,2025-11-07 21:37:53.270171,False,1,,partial_start,,,,,594,
2025-11-07 21:37:54.271515,24.157647359999995,9.358851532800012,50.68164168095951,0.0997260231330301,5.05427857069531,4.9541298,-74.02089116,2025-11-07 21:37:54.271515,False,1,,partial_start,,,,,595,
2025-11-07 21:37:55.272723,16.10509824,9.363325171200012,50.688331885128335,0.112579540391244,5.70646910682663,4.9541035,-74.02085316,2025-11-07 21:37:55.272723,False,1,,partial_start,,,,,596,
2025-11-07 21:37:56.274121,24.157647359999995,9.370035628800013,50.69836719138158,0.0971553196813843,4.92561607180288,4.9540818,-74.02081499,2025-11-07 21:37:56.274121,False,1,,partial_start,,,,,597,
2025-11-07 21:37:57.275198,8.05254912,9.372272448000013,50.70171229346599,0.11515024384289,5.83831453384469,4.9540653,-74.02077283,2025-11-07 21:37:57.275198,False,1,,partial_start,,,,,598,
2025-11-07 21:37:58.276188,16.10509824,9.376746086400011,50.708402497634815,0.10743813348796,5.44801611650211,4.9540526,-74.02072883,2025-11-07 21:37:58.276188,False,1,,partial_start,,,,,599,
2025-11-07 21:37:59.277587,24.157647359999995,9.383456544000014,50.71509270180365,0.110008836939599,5.57910836340936,4.954046,-74.02068316,2025-11-07 21:37:59.277587,False,1,,partial_start,,,,,600,
2025-11-07 21:38:00.278893,8.05254912,9.385693363200014,50.71843780388807,0.110008836939599,5.57947635419911,4.9540438,-74.02063666,2025-11-07 21:38:00.278893,False,1,,partial_start,,,,,601,
2025-11-07 21:38:01.280268,16.10509824,9.390167001600014,50.72512800805689,0.117720947294529,5.97141012074471,4.9540453,-74.02059283,2025-11-07 21:38:01.280268,False,1,,partial_start,,,,,602,
2025-11-07 21:38:02.289462,24.157647359999995,9.396877459200017,50.73181821222572,0.110008836939599,5.58094831735812,4.9540525,-74.02054933,2025-11-07 21:38:02.289462,False,1,,partial_start,,,,,603,
2025-11-07 21:38:03.290622,16.10509824,9.401351097600015,50.73850841639455,0.0997260231330301,5.0599496640688,4.9540648,-74.0205065,2025-11-07 21:38:03.290622,False,1,,partial_start,,,,,604,
2025-11-07 21:38:04.292040,24.157647359999995,9.408061555200016,50.74185351847896,0.104867430036314,5.32116777376201,4.9540814,-74.02046266,2025-11-07 21:38:04.292040,False,1,,partial_start,,,,,605,
2025-11-07 21:38:05.293186,16.10509824,9.412535193600016,50.74519862056338,0.102296726584675,5.19106770877284,4.9540974,-74.0204185,2025-11-07 21:38:05.293186,False,1,,partial_start,,,,,606,
2025-11-07 21:38:06.294334,24.157647359999995,9.419245651200017,50.751888824732205,0.0945846162297385,4.80034792742165,4.9541179,-74.02037333,2025-11-07 21:38:06.294334,False,1,,partial_start,,,,,607,
2025-11-07 21:38:07.295487,24.157647359999995,9.425956108800015,50.75523392681662,0.0997260231330301,5.06161763270807,4.9541403,-74.020325,2025-11-07 21:38:07.295487,False,1,,partial_start,,,,,608,
2025-11-07 21:38:08.296526,16.10509824,9.430429747200018,50.75857902890103,0.0945846162297385,4.80098071781546,4.9541648,-74.02027633,2025-11-07 21:38:08.296526,False,1,,partial_start,,,,,609,
2025-11-07 21:38:09.297684,24.157647359999995,9.437140204800018,50.76526923306986,0.0997260231330301,5.06261841389162,4.9541901,-74.02022383,2025-11-07 21:38:09.297684,False,1,,partial_start,,,,,610,
2025-11-07 21:38:10.299393,24.157647359999995,9.44385066240002,50.76861433515428,0.0971553196813843,4.93244095551282,4.9542141,-74.02017316,2025-11-07 21:38:10.299393,False,1,,partial_start,,,,,611,
2025-11-07 21:38:11.300543,24.157647359999995,9.45056112000002,50.771959437238685,0.0920139127780999,4.6717266472313,4.954235,-74.02012283,2025-11-07 21:38:11.300543,False,1,,partial_start,,,,,612,
2025-11-07 21:38:12.304524,24.157647359999995,9.45727157760002,50.7753045393231,0.104867430036314,5.32467569635003,4.9542533,-74.020075,2025-11-07 21:38:12.304524,False,1,,partial_start,,,,,613,
2025-11-07 21:38:13.305718,16.10509824,9.46174521600002,50.781994743491936,0.0971553196813843,4.93374093336233,4.95427,-74.02002916,2025-11-07 21:38:13.305718,False,1,,partial_start,,,,,614,
2025-11-07 21:38:14.307415,24.157647359999995,9.46845567360002,50.785339845576345,0.0945846162297385,4.80351187939068,4.954286,-74.0199865,2025-11-07 21:38:14.307415,False,1,,partial_start,,,,,615,
2025-11-07 21:38:15.308560,16.10509824,9.47292931200002,50.785339845576345,0.0945846162297385,4.80351187939068,4.9543048,-74.01994283,2025-11-07 21:38:15.308560,False,1,,partial_start,,,,,616,
2025-11-07 21:38:16.309724,24.157647359999995,9.479639769600022,50.785339845576345,0.0945846162297385,4.80351187939068,4.9543245,-74.0198975,2025-11-07 21:38:16.309724,False,1,,partial_start,,,,,617,
2025-11-07 21:38:17.311509,16.10509824,9.484113408000022,50.79203004974517,0.0945846162297385,4.80414466978449,4.9543441,-74.01985366,2025-11-07 21:38:17.311509,False,1,,partial_start,,,,,618,
2025-11-07 21:38:18.312674,24.157647359999995,9.490823865600024,50.79537515182959,0.0997260231330301,5.0656207574423,4.9543651,-74.019806,2025-11-07 21:38:18.312674,False,1,,partial_start,,,,,619,
2025-11-07 21:38:19.313813,24.157647359999995,9.497534323200025,50.798720253914,0.0945846162297385,4.8047774601783,4.9543893,-74.01975983,2025-11-07 21:38:19.313813,False,1,,partial_start,,,,,620,
2025-11-07 21:38:20.315391,24.157647359999995,9.504244780800024,50.802065355998415,0.0945846162297385,4.8050938553752,4.9544113,-74.01971133,2025-11-07 21:38:20.315391,False,1,,partial_start,,,,,621,
2025-11-07 21:38:21.316867,16.10509824,9.508718419200024,50.805410458082825,0.0920139127780999,4.67480460654559,4.9544318,-74.01966216,2025-11-07 21:38:21.316867,False,1,,partial_start,,,,,622,
2025-11-07 21:38:22.318028,24.157647359999995,9.515428876800025,50.81210066225167,0.0971553196813843,4.93666588352374,4.9544533,-74.01961316,2025-11-07 21:38:22.318028,False,1,,partial_start,,,,,623,
2025-11-07 21:38:23.319181,24.157647359999995,9.522139334400023,50.81210066225167,0.0945846162297385,4.80604304096591,4.9544758,-74.01956333,2025-11-07 21:38:23.319181,False,1,,partial_start,,,,,624,
2025-11-07 21:38:24.320372,24.157647359999995,9.528849792000026,50.81544576433608,0.0894432093264541,4.54509655251658,4.9545008,-74.01951433,2025-11-07 21:38:24.320372,False,1,,partial_start,,,,,625,
2025-11-07 21:38:25.322144,24.157647359999995,9.535560249600026,50.81879086642049,0.0920139127780999,4.67603579027131,4.9545296,-74.01946716,2025-11-07 21:38:25.322144,False,1,,partial_start,,,,,626,
2025-11-07 21:38:26.323306,16.10509824,9.540033888000028,50.8221359685049,0.0971553196813843,4.93764086691087,4.9545643,-74.01942416,2025-11-07 21:38:26.323306,False,1,,partial_start,,,,,627,
2025-11-07 21:38:27.324485,24.157647359999995,9.546744345600027,50.82548107058932,0.0868725058748083,4.41533690289473,4.9546048,-74.01938783,2025-11-07 21:38:27.324485,False,1,,partial_start,,,,,628,
2025-11-07 21:38:28.326080,24.157647359999995,9.553454803200028,50.82882617267373,0.0740189886165936,3.76229830586995,4.9546478,-74.0193565,2025-11-07 21:38:28.326080,False,1,,partial_start,,,,,629,
2025-11-07 21:38:29.327615,24.157647359999995,9.560165260800028,50.83217127475815,0.0765896920682394,3.89322034509373,4.9546956,-74.01932983,2025-11-07 21:38:29.327615,False,1,,partial_start,,,,,630,
2025-11-07 21:38:30.329065,24.157647359999995,9.566875718400029,50.69836719138158,0.737260479140594,37.3779024871637,4.9547433,-74.01931183,2025-11-07 21:38:30.329065,False,1,,partial_start,,,,,631,
2025-11-07 21:38:31.330406,16.10509824,9.57134935680003,49.57106778893399,12.009795114597,595.338367756896,4.9547916,-74.01930916,2025-11-07 21:38:31.330406,False,1,,partial_start,,,,,632,
2025-11-07 21:38:32.331663,24.157647359999995,9.57805981440003,50.751888824732205,0.271963154393134,13.8026437761838,4.9548378,-74.01932216,2025-11-07 21:38:32.331663,False,1,,partial_start,,,,,633,
2025-11-07 21:38:33.332869,16.10509824,9.58253345280003,50.781994743491936,0.220549085360268,11.1999224934471,4.9548751,-74.01934833,2025-11-07 21:38:33.332869,False,1,,partial_start,,,,,634,
2025-11-07 21:38:34.334374,16.10509824,9.58700709120003,50.785339845576345,0.251397526779989,12.7673088338591,4.9549028,-74.01938016,2025-11-07 21:38:34.334374,False,1,,partial_start,,,,,635,
2025-11-07 21:38:35.336228,16.10509824,9.59148072960003,49.7617386077456,10.1511765190588,505.140192502489,4.9549221,-74.01941216,2025-11-07 21:38:35.336228,False,1,,partial_start,,,,,636,
2025-11-07 21:38:36.337562,24.157647359999995,9.598191187200031,49.95240942655721,7.61903361919003,380.589086780484,4.9549318,-74.01945033,2025-11-07 21:38:36.337562,False,1,,partial_start,,,,,637,
2025-11-07 21:38:37.338859,16.10509824,9.602664825600032,50.751888824732205,0.0663068782616633,3.36519931385099,4.954933,-74.01949033,2025-11-07 21:38:37.338859,False,1,,partial_start,,,,,638,
2025-11-07 21:38:38.340231,8.05254912,9.604901644800032,50.75523392681662,0.395356920072025,20.0664329628413,4.9549276,-74.01952533,2025-11-07 21:38:38.340231,False,1,,partial_start,,,,,639,
2025-11-07 21:38:39.341700,16.10509824,9.609375283200032,50.57794351634267,2.08430908780174,105.420067313436,4.9549186,-74.0195575,2025-11-07 21:38:39.341700,False,1,,partial_start,,,,,640,
2025-11-07 21:38:40.343133,16.10509824,9.613848921600033,49.89888779320658,8.17173486129337,407.760480919512,4.9549058,-74.01958783,2025-11-07 21:38:40.343133,False,1,,partial_start,,,,,641,
2025-11-07 21:38:41.344261,16.10509824,9.618322560000031,50.300300043336286,4.20513943540757,211.519775325066,4.9548916,-74.0196185,2025-11-07 21:38:41.344261,False,1,,partial_start,,,,,642,
2025-11-07 21:38:42.345435,8.05254912,9.620559379200031,50.313680451673946,4.12544762840662,207.566453695767,4.954874,-74.0196485,2025-11-07 21:38:42.345435,False,1,,partial_start,,,,,643,
2025-11-07 21:38:43.347314,16.10509824,9.625033017600034,50.29026473708304,4.31567968382824,217.036673820173,4.9548521,-74.0196755,2025-11-07 21:38:43.347314,False,1,,partial_start,,,,,644,
2025-11-07 21:38:44.348449,16.10509824,9.629506656000034,50.16984106204413,5.47763764397106,274.812209993498,4.9548291,-74.019701,2025-11-07 21:38:44.348449,False,1,,partial_start,,,,,645,
2025-11-07 21:38:45.349545,16.10509824,9.633980294400034,50.10293902035585,5.93522285836359,297.372108944813,4.9548006,-74.01972249,2025-11-07 21:38:45.349545,False,1,,partial_start,,,,,646,
2025-11-07 21:38:46.350899,16.10509824,9.638453932800036,50.13639004119999,5.5624708578753,278.882208523244,4.9547681,-74.0197395,2025-11-07 21:38:46.350899,False,1,,partial_start,,,,,647,
2025-11-07 21:38:47.352277,16.10509824,9.642927571200037,48.80169430951872,18.014958377636,879.160491744097,4.9547316,-74.0197545,2025-11-07 21:38:47.352277,False,1,,partial_start,,,,,648,
2025-11-07 21:38:48.353801,24.157647359999995,9.649638028800036,49.22317717215491,13.7167422064882,675.181631854745,4.9546896,-74.01977116,2025-11-07 21:38:48.353801,False,1,,partial_start,,,,,649,
2025-11-07 21:38:49.355253,16.10509824,9.654111667200036,50.0427271828364,5.78869276161992,289.681972615005,4.9546453,-74.01979116,2025-11-07 21:38:49.355253,False,1,,partial_start,,,,,650,
2025-11-07 21:38:50.356659,24.157647359999995,9.660822124800037,50.09290371410261,5.18714815393535,259.839313025868,4.9546013,-74.0198165,2025-11-07 21:38:50.356659,False,1,,partial_start,,,,,651,
2025-11-07 21:38:51.358101,24.157647359999995,9.667532582400035,49.62458942228462,9.99950501541184,496.221330815888,4.9545603,-74.019845,2025-11-07 21:38:51.358101,False,1,,partial_start,,,,,652,
2025-11-07 21:38:52.359598,16.10509824,9.672006220800036,49.78849942442091,7.88638677816095,392.651363565227,4.9545233,-74.0198795,2025-11-07 21:38:52.359598,False,1,,partial_start,,,,,653,
2025-11-07 21:38:53.361212,24.157647359999995,9.678716678400038,48.42369777397992,21.4211404510635,1037.29083117627,4.9544906,-74.0199185,2025-11-07 21:38:53.361212,False,1,,partial_start,,,,,654,
2025-11-07 21:38:54.362897,24.157647359999995,9.68542713600004,48.457148794824064,22.0278264656514,1067.40566467263,4.9544633,-74.019964,2025-11-07 21:38:54.362897,False,1,,partial_start,,,,,655,
2025-11-07 21:38:55.364558,24.157647359999995,9.69213759360004,48.43707818231759,21.7887510446485,1055.38343784469,4.9544368,-74.020016,2025-11-07 21:38:55.364558,False,1,,partial_start,,,,,656,
2025-11-07 21:38:56.366222,24.157647359999995,9.69884805120004,48.45045859065524,17.7733122531815,861.125129341558,4.9544098,-74.020073,2025-11-07 21:38:56.366222,False,1,,partial_start,,,,,657,
2025-11-07 21:38:57.367806,32.21019648,9.70779532800004,48.62440389904477,21.8658721481978,1063.21499893884,4.9543815,-74.02013366,2025-11-07 21:38:57.367806,False,1,,partial_start,,,,,658,
2025-11-07 21:38:58.369729,32.21019648,9.71674260480004,48.29658389477218,17.9661150120548,867.701980942831,4.9543526,-74.02019733,2025-11-07 21:38:58.369729,False,1,,partial_start,,,,,659,
2025-11-07 21:38:59.370888,32.21019648,9.725689881600042,48.23637205725273,18.3414377159947,884.72441373365,4.954322,-74.02026533,2025-11-07 21:38:59.370888,False,1,,partial_start,,,,,660,
2025-11-07 21:39:00.372453,32.21019648,9.734637158400044,48.30327409894102,23.6859301919614,1144.10797835069,4.9542889,-74.020335,2025-11-07 21:39:00.372453,False,1,,partial_start,,,,,661,
2025-11-07 21:39:01.373901,32.21019648,9.743584435200043,47.95872858424634,19.7347589867854,946.453949922761,4.9542561,-74.020407,2025-11-07 21:39:01.373901,False,1,,partial_start,,,,,662,
2025-11-07 21:39:02.375172,32.21019648,9.752531712000044,48.146054300973546,20.2617531943723,975.523469529177,4.9542268,-74.02048416,2025-11-07 21:39:02.375172,False,1,,partial_start,,,,,663,
2025-11-07 21:39:03.376742,40.2627456,9.763715808000043,48.23302695516831,20.7116262984099,998.984429536581,4.9542056,-74.02056716,2025-11-07 21:39:03.376742,False,1,,partial_start,,,,,664,
2025-11-07 21:39:04.378218,32.21019648,9.772663084800044,48.17616021973328,21.5599584374523,1038.67601201349,4.9541935,-74.02065233,2025-11-07 21:39:04.378218,False,1,,partial_start,,,,,665,
2025-11-07 21:39:05.379738,40.2627456,9.783847180800043,48.1360189947203,19.6524964763329,945.992943678434,4.9541991,-74.0207405,2025-11-07 21:39:05.379738,False,1,,partial_start,,,,,666,
2025-11-07 21:39:06.381295,32.21019648,9.792794457600044,48.0657718509476,20.9507017194128,1007.01164896255,4.9542266,-74.0208245,2025-11-07 21:39:06.381295,False,1,,partial_start,,,,,667,
2025-11-07 21:39:07.382805,40.2627456,9.803978553600045,48.96225920957061,11.0329278029725,540.197070929617,4.9542796,-74.02089383,2025-11-07 21:39:07.382805,False,1,,partial_start,,,,,668,
2025-11-07 21:39:08.384349,40.2627456,9.815162649600042,48.112603280129406,19.9841172215949,961.487903786197,4.9543563,-74.02093383,2025-11-07 21:39:08.384349,False,1,,partial_start,,,,,669,
2025-11-07 21:39:09.385814,32.21019648,9.824109926400045,48.06911695303202,20.3697227393414,979.154584658238,4.9544405,-74.02093116,2025-11-07 21:39:09.385814,False,1,,partial_start,,,,,670,
2025-11-07 21:39:10.387325,40.2627456,9.835294022400042,48.30661920102543,18.1152158122501,875.084831986761,4.9545101,-74.0208945,2025-11-07 21:39:10.387325,False,1,,partial_start,,,,,671,
2025-11-07 21:39:11.388672,40.2627456,9.84647811840004,48.48390961149938,15.9969561680959,775.594976913081,4.9545695,-74.02084366,2025-11-07 21:39:11.388672,False,1,,partial_start,,,,,672,
2025-11-07 21:39:12.389738,40.2627456,9.85766221440004,48.86859635120701,12.4313904806665,607.504603483929,4.9546288,-74.02077533,2025-11-07 21:39:12.389738,False,1,,partial_start,,,,,673,
2025-11-07 21:39:13.390917,40.2627456,9.86884631040004,48.86859635120701,12.4313904806665,607.504603483929,4.9546901,-74.02070216,2025-11-07 21:39:13.390917,False,1,,partial_start,,,,,674,
2025-11-07 21:39:14.392668,48.31529471999999,9.88226722560004,49.07933778252511,9.75271748405407,478.656915697428,4.9547519,-74.0206175,2025-11-07 21:39:14.392668,False,1,,partial_start,,,,,675,
2025-11-07 21:39:15.394201,40.2627456,9.893451321600038,49.21314186590168,9.08947599353007,447.321671556303,4.9548016,-74.02052616,2025-11-07 21:39:15.394201,False,1,,partial_start,,,,,676,
2025-11-07 21:39:16.395683,32.21019648,9.90239859840004,49.41384799096653,7.36196327402569,363.782934137783,4.9548418,-74.02042533,2025-11-07 21:39:16.395683,False,1,,partial_start,,,,,677,
2025-11-07 21:39:17.400578,48.31529471999999,9.915819513600038,49.60451880977813,5.97635411358989,296.454170041464,4.9548761,-74.02032483,2025-11-07 21:39:17.400578,False,1,,partial_start,,,,,678,
2025-11-07 21:39:18.403573,48.31529471999999,9.929240428800036,49.7617386077456,4.50077033234656,223.966156811726,4.9549066,-74.02021883,2025-11-07 21:39:18.403573,False,1,,partial_start,,,,,679,
2025-11-07 21:39:19.405277,40.2627456,9.940424524800036,49.94237412030397,3.23341353068635,161.48434823519,4.9549378,-74.020112,2025-11-07 21:39:19.405277,False,1,,partial_start,,,,,680,
2025-11-07 21:39:20.408208,48.31529471999999,9.953845440000036,50.07617820368054,2.45191968138676,122.782766906235,4.9549678,-74.0200065,2025-11-07 21:39:20.408208,False,1,,partial_start,,,,,681,
2025-11-07 21:39:21.409486,48.31529471999999,9.967266355200035,50.11631942869351,1.3002445350505,65.163470454004,4.954999,-74.01989983,2025-11-07 21:39:21.409486,False,1,,partial_start,,,,,682,
2025-11-07 21:39:22.410909,48.31529471999999,9.980687270400034,50.186566572466205,1.22569413495284,61.5133803012923,4.9550308,-74.01979266,2025-11-07 21:39:22.410909,False,1,,partial_start,,,,,683,
2025-11-07 21:39:23.412192,48.31529471999999,9.994108185600034,50.233398001648,0.891502686239199,44.783209257392,4.9550618,-74.01968383,2025-11-07 21:39:23.412192,False,1,,partial_start,,,,,684,
2025-11-07 21:39:24.413442,48.31529471999999,10.007529100800031,50.330405962096016,0.0328877333902966,1.6552529727068,4.9550908,-74.01957466,2025-11-07 21:39:24.413442,False,1,,partial_start,,,,,685,
2025-11-07 21:39:25.414598,48.31529471999999,10.020950016000032,50.35382167668691,0.0843018024231696,4.24491792623957,4.9551091,-74.01946266,2025-11-07 21:39:25.414598,False,1,,partial_start,,,,,686,
2025-11-07 21:39:26.415778,48.31529471999999,10.034370931200032,50.3738922891934,0.0843018024231696,4.24660991504961,4.9551035,-74.01934883,2025-11-07 21:39:26.415778,False,1,,partial_start,,,,,687,
2025-11-07 21:39:27.416921,40.2627456,10.045555027200033,50.38727269753106,0.0945846162297385,4.76586085095915,4.9550651,-74.019247,2025-11-07 21:39:27.416921,False,1,,partial_start,,,,,688,
2025-11-07 21:39:28.418166,40.2627456,10.05673912320003,50.40065310586871,0.0945846162297385,4.76712643174677,4.954995,-74.01917216,2025-11-07 21:39:28.418166,False,1,,partial_start,,,,,689,
2025-11-07 21:39:29.419984,40.2627456,10.06792321920003,50.41403351420637,0.0868725058748083,4.37959342263567,4.9549091,-74.01914183,2025-11-07 21:39:29.419984,False,1,,partial_start,,,,,690,
2025-11-07 21:39:30.421205,40.2627456,10.079107315200028,50.42741392254403,0.0714482851649478,3.60295225006878,4.9548173,-74.01916,2025-11-07 21:39:30.421205,False,1,,partial_start,,,,,691,
2025-11-07 21:39:31.423053,40.2627456,10.090291411200027,50.44079433088168,0.0817310989715238,4.12258155365957,4.9547288,-74.01919433,2025-11-07 21:39:31.423053,False,1,,partial_start,,,,,692,
2025-11-07 21:39:32.424218,32.21019648,10.099238688000028,50.45082963713493,0.0791603955198851,3.99370762838194,4.95465,-74.01921216,2025-11-07 21:39:32.424218,False,1,,partial_start,,,,,693,
2025-11-07 21:39:33.425868,32.21019648,10.108185964800027,49.34025574510942,11.3259879964598,558.827144311368,4.9545783,-74.01919366,2025-11-07 21:39:33.425868,False,1,,partial_start,,,,,694,
2025-11-07 21:39:34.427278,32.21019648,10.11713324160003,48.38355654896695,23.5599657228309,1139.91493384231,4.9545258,-74.01914333,2025-11-07 21:39:34.427278,False,1,,partial_start,,,,,695,
2025-11-07 21:39:35.428669,32.21019648,10.12608051840003,48.08249736136968,19.1280729721976,919.725518213779,4.9544965,-74.01907266,2025-11-07 21:39:35.428669,False,1,,partial_start,,,,,696,
2025-11-07 21:39:36.430024,32.21019648,10.135027795200031,48.4671841010773,19.1640628205206,928.828160846785,4.954502,-74.01898883,2025-11-07 21:39:36.430024,False,1,,partial_start,,,,,697,
2025-11-07 21:39:37.431517,40.2627456,10.14621189120003,48.34007022186957,20.9815501608325,1014.24960813832,4.9545383,-74.01891033,2025-11-07 21:39:37.431517,False,1,,partial_start,,,,,698,
2025-11-07 21:39:38.432879,40.2627456,10.15739598720003,48.34007022186957,18.274599426252,883.39541954156,4.9545991,-74.01884016,2025-11-07 21:39:38.432879,False,1,,partial_start,,,,,699,
2025-11-07 21:39:39.435942,40.2627456,10.168580083200029,48.48390961149938,16.4751070101016,798.777599117547,4.9546788,-74.018791,2025-11-07 21:39:39.435942,False,1,,partial_start,,,,,700,
2025-11-07 21:39:40.437368,40.2627456,10.179764179200028,48.57422736777856,15.7398858229316,764.552792705954,4.9547693,-74.01876866,2025-11-07 21:39:40.437368,False,1,,partial_start,,,,,701,
2025-11-07 21:39:41.438686,40.2627456,10.190948275200029,48.50063512192145,16.2668800305185,788.954012932248,4.9548636,-74.01876516,2025-11-07 21:39:41.438686,False,1,,partial_start,,,,,702,
2025-11-07 21:39:42.440113,40.2627456,10.202132371200026,48.44376838648641,16.3542839478743,792.263143697659,4.9549561,-74.01878216,2025-11-07 21:39:42.440113,False,1,,partial_start,,,,,703,
2025-11-07 21:39:43.441469,40.2627456,10.213316467200023,48.38690165105137,16.2925870650349,788.347807957037,4.9550418,-74.01882099,2025-11-07 21:39:43.441469,False,1,,partial_start,,,,,704,
2025-11-07 21:39:44.442898,40.2627456,10.224500563200024,48.363485936460464,16.9146973003326,818.053725004124,4.9551201,-74.01887433,2025-11-07 21:39:44.442898,False,1,,partial_start,,,,,705,
2025-11-07 21:39:45.444276,40.2627456,10.235684659200023,48.24640736350597,17.6704841151158,852.537374928239,4.9551858,-74.01894283,2025-11-07 21:39:45.444276,False,1,,partial_start,,,,,706,
2025-11-07 21:39:46.445772,40.2627456,10.246868755200024,48.2765132822657,17.4699692458876,843.389202339867,4.9552368,-74.0190205,2025-11-07 21:39:46.445772,False,1,,partial_start,,,,,707,
2025-11-07 21:39:47.447171,32.21019648,10.255816032000023,48.209611240577416,18.0997915915402,872.583916163628,4.9552701,-74.01910533,2025-11-07 21:39:47.447171,False,1,,partial_start,,,,,708,
2025-11-07 21:39:48.448506,40.2627456,10.267000128000022,48.20292103640859,18.1049329984435,872.710655693442,4.9552878,-74.019195,2025-11-07 21:39:48.448506,False,1,,partial_start,,,,,709,
2025-11-07 21:39:49.449770,40.2627456,10.278184224000022,48.199575934324166,18.3028771642201,882.190917693434,4.9552933,-74.01928883,2025-11-07 21:39:49.449770,False,1,,partial_start,,,,,710,
2025-11-07 21:39:50.451149,40.2627456,10.28936832000002,48.10256797387616,18.6807705716116,898.593036225336,4.955287,-74.01937983,2025-11-07 21:39:50.451149,False,1,,partial_start,,,,,711,
2025-11-07 21:39:51.452539,40.2627456,10.30055241600002,48.24640736350597,17.3697118112735,838.026191833404,4.955268,-74.01947033,2025-11-07 21:39:51.452539,False,1,,partial_start,,,,,712,
2025-11-07 21:39:52.453965,40.2627456,10.31173651200002,48.162779811395616,17.870998984344,860.716989092635,4.9552428,-74.01955983,2025-11-07 21:39:52.453965,False,1,,partial_start,,,,,713,
2025-11-07 21:39:53.455310,40.2627456,10.322920608000018,48.229681853083896,17.2848785973693,833.6441956203,4.9552178,-74.01964933,2025-11-07 21:39:53.455310,False,1,,partial_start,,,,,714,
2025-11-07 21:39:54.456693,40.2627456,10.334104704000016,48.29323879268777,17.0046719211401,821.210681678935,4.9551923,-74.01973883,2025-11-07 21:39:54.456693,False,1,,partial_start,,,,,715,
2025-11-07 21:39:55.458143,32.21019648,10.343051980800018,48.20292103640859,17.2771664870143,832.809891906438,4.9551673,-74.01982983,2025-11-07 21:39:55.458143,False,1,,partial_start,,,,,716,
2025-11-07 21:39:56.459529,40.2627456,10.354236076800015,48.21964654683066,17.1357777971739,826.281148684758,4.9551435,-74.01992133,2025-11-07 21:39:56.459529,False,1,,partial_start,,,,,717,
2025-11-07 21:39:57.460934,40.2627456,10.365420172800016,48.209611240577416,17.1897625696584,828.711770801065,4.9551223,-74.02001399,2025-11-07 21:39:57.460934,False,1,,partial_start,,,,,718,
2025-11-07 21:39:58.462309,40.2627456,10.376604268800016,48.206266138493,17.0303789556566,820.970980375772,4.9550995,-74.020106,2025-11-07 21:39:58.462309,False,1,,partial_start,,,,,719,
2025-11-07 21:39:59.463676,40.2627456,10.387788364800016,48.16947001556445,17.639635673696,849.691901669585,4.9550731,-74.02019466,2025-11-07 21:39:59.463676,False,1,,partial_start,,,,,720,
2025-11-07 21:40:00.465033,40.2627456,10.398972460800014,48.162779811395616,17.2874493008209,832.611614176104,4.9550465,-74.02028433,2025-11-07 21:40:00.465033,False,1,,partial_start,,,,,721,
2025-11-07 21:40:01.466496,40.2627456,10.410156556800011,48.179505321817686,17.6859083358256,852.098314787093,4.9550219,-74.0203745,2025-11-07 21:40:01.466496,False,1,,partial_start,,,,,722,
2025-11-07 21:40:02.467887,40.2627456,10.421340652800012,48.1828504239021,16.9224094106875,815.369921447193,4.9549986,-74.0204645,2025-11-07 21:40:02.467887,False,1,,partial_start,,,,,723,
2025-11-07 21:40:03.469173,40.2627456,10.432524748800011,48.1594347093112,17.3954188457899,837.753538144943,4.9549738,-74.02055333,2025-11-07 21:40:03.469173,False,1,,partial_start,,,,,724,
2025-11-07 21:40:04.470613,40.2627456,10.44370884480001,48.132673892635886,17.164055535142,826.151887748085,4.9549485,-74.02064416,2025-11-07 21:40:04.470613,False,1,,partial_start,,,,,725,
2025-11-07 21:40:05.472066,40.2627456,10.45489294080001,48.14939940305796,17.4031309561449,837.950303271142,4.9549206,-74.02073249,2025-11-07 21:40:05.472066,False,1,,partial_start,,,,,726,
2025-11-07 21:40:06.473448,32.21019648,10.46384021760001,48.14939940305796,17.0329496591082,820.126296148583,4.9548831,-74.0208165,2025-11-07 21:40:06.473448,False,1,,partial_start,,,,,727,
2025-11-07 21:40:07.474834,40.2627456,10.47502431360001,48.25978777184363,16.4031273134556,791.611442941899,4.9548353,-74.02089533,2025-11-07 21:40:07.474834,False,1,,partial_start,,,,,728,
2025-11-07 21:40:08.476255,40.2627456,10.486208409600009,48.343415323953984,15.5625072847682,752.344753149609,4.9547753,-74.02096733,2025-11-07 21:40:08.476255,False,1,,partial_start,,,,,729,
2025-11-07 21:40:09.477676,40.2627456,10.497392505600008,48.40028205938902,14.359418069399,694.999884767603,4.9547059,-74.02103183,2025-11-07 21:40:09.477676,False,1,,partial_start,,,,,730,
2025-11-07 21:40:10.479057,40.2627456,10.508576601600009,48.40028205938902,14.359418069399,694.999884767603,4.9546241,-74.02107999,2025-11-07 21:40:10.479057,False,1,,partial_start,,,,,731,
2025-11-07 21:40:11.480417,48.31529471999999,10.521997516800006,48.614368592791536,12.0200779284035,584.348498925489,4.9545324,-74.02110416,2025-11-07 21:40:11.480417,False,1,,partial_start,,,,,732,
2025-11-07 21:40:12.481936,40.2627456,10.533181612800004,48.93215329081088,9.78099522202215,478.605157540676,4.954432,-74.02110816,2025-11-07 21:40:12.481936,False,1,,partial_start,,,,,733,
2025-11-07 21:40:13.483445,40.2627456,10.544365708800004,49.13620451796015,7.37224608783227,362.244191528458,4.954324,-74.02108066,2025-11-07 21:40:13.483445,False,1,,partial_start,,,,,734,
2025-11-07 21:40:14.484819,48.31529471999999,10.557786624000004,49.35029105136265,5.51362749229407,272.099121493507,4.9542269,-74.02103333,2025-11-07 21:40:14.484819,False,1,,partial_start,,,,,735,
2025-11-07 21:40:15.486068,48.31529471999999,10.571207539200005,49.46067942014832,4.53933088412121,224.518389641497,4.9541448,-74.02096416,2025-11-07 21:40:15.486068,False,1,,partial_start,,,,,736,
2025-11-07 21:40:16.487457,40.2627456,10.582391635200002,49.46736962431715,4.95835554673909,245.276806559326,4.9540825,-74.0208795,2025-11-07 21:40:16.487457,False,1,,partial_start,,,,,737,
2025-11-07 21:40:17.488911,48.31529471999999,10.595812550400002,49.46067942014832,4.526477366863,223.882645944968,4.9540421,-74.02078266,2025-11-07 21:40:17.488911,False,1,,partial_start,,,,,738,
2025-11-07 21:40:18.490260,48.31529471999999,10.6092334656,49.61455411603138,3.72955929685354,185.040421562687,4.9540323,-74.02066983,2025-11-07 21:40:18.490260,False,1,,partial_start,,,,,739,
2025-11-07 21:40:19.491739,40.2627456,10.6204175616,49.738322893154695,2.86580293710135,142.540231833698,4.9540453,-74.02055816,2025-11-07 21:40:19.491739,False,1,,partial_start,,,,,740,
2025-11-07 21:40:20.493166,48.31529471999999,10.6338384768,49.801879832758566,2.13829386028626,106.491053877101,4.9540795,-74.020449,2025-11-07 21:40:20.493166,False,1,,partial_start,,,,,741,
2025-11-07 21:40:21.494546,48.31529471999999,10.647259392,49.92899371196632,1.08944685201574,54.3949850238157,4.9541226,-74.02034449,2025-11-07 21:40:21.494546,False,1,,partial_start,,,,,742,
2025-11-07 21:40:22.495979,48.31529471999999,10.660680307199998,49.95240942655721,1.12543670033875,56.2182748389949,4.9541664,-74.02024049,2025-11-07 21:40:22.495979,False,1,,partial_start,,,,,743,
2025-11-07 21:40:23.497324,48.31529471999999,10.674101222399996,50.009276161992254,0.637003044526501,31.8560611697556,4.9542123,-74.02013599,2025-11-07 21:40:23.497324,False,1,,partial_start,,,,,744,
2025-11-07 21:40:24.498720,48.31529471999999,10.687522137599997,50.03269187658315,0.685846410107728,34.3147421115806,4.9542578,-74.02003149,2025-11-07 21:40:24.498720,False,1,,partial_start,,,,,745,
2025-11-07 21:40:25.500211,48.31529471999999,10.700943052799996,50.0427271828364,0.73211907223731,36.637234997323,4.954303,-74.01992699,2025-11-07 21:40:25.500211,False,1,,partial_start,,,,,746,
2025-11-07 21:40:26.501900,48.31529471999999,10.714363967999995,50.05276248908964,0.624149527268286,31.2404080460371,4.9543495,-74.01982316,2025-11-07 21:40:26.501900,False,1,,partial_start,,,,,747,
2025-11-07 21:40:27.503253,48.31529471999999,10.727784883199996,50.119664530777925,0.356796368297374,17.8825142848642,4.9543981,-74.019714,2025-11-07 21:40:27.503253,False,1,,partial_start,,,,,748,
2025-11-07 21:40:28.504746,48.31529471999999,10.741205798399994,50.15980575579089,0.0894432093264541,4.48645400598948,4.9544491,-74.01960866,2025-11-07 21:40:28.504746,False,1,,partial_start,,,,,749,
2025-11-07 21:40:29.510500,40.2627456,10.752389894399991,50.16984106204413,0.0637361748100175,3.19763376012124,4.9545076,-74.019508,2025-11-07 21:40:29.510500,False,1,,partial_start,,,,,750,
2025-11-07 21:40:30.512122,48.31529471999999,10.765810809599992,50.19325677663503,0.0508826575518028,2.55396629597522,4.9545786,-74.01943433,2025-11-07 21:40:30.512122,False,1,,partial_start,,,,,751,
2025-11-07 21:40:31.513989,40.2627456,10.776994905599992,50.20329208288828,0.0431705471968726,2.16730359030271,4.9546589,-74.01936966,2025-11-07 21:40:31.513989,False,1,,partial_start,,,,,752,
2025-11-07 21:40:32.515138,40.2627456,10.78817900159999,50.20329208288828,0.0431705471968726,2.16730359030271,4.9547473,-74.01934283,2025-11-07 21:40:32.515138,False,1,,partial_start,,,,,753,
2025-11-07 21:40:33.516292,32.21019648,10.797126278399992,50.22336269539476,0.0277463264870121,1.39351381862204,4.9548249,-74.0193485,2025-11-07 21:40:33.516292,False,1,,partial_start,,,,,754,
2025-11-07 21:40:34.518335,24.157647359999995,10.803836735999992,48.94218859706413,8.76813806207464,429.131866679153,4.954877,-74.01938483,2025-11-07 21:40:34.518335,False,1,,partial_start,,,,,755,
2025-11-07 21:40:35.519519,24.157647359999995,10.810547193599993,48.052391442609945,20.2257633460493,971.896297529957,4.9549061,-74.01943499,2025-11-07 21:40:35.519519,False,1,,partial_start,,,,,756,
2025-11-07 21:40:36.521289,24.157647359999995,10.817257651199991,48.13936409680472,19.4802593450727,937.767297312641,4.9549115,-74.01949416,2025-11-07 21:40:36.521289,False,1,,partial_start,,,,,757,
2025-11-07 21:40:37.522774,32.21019648,10.826204927999994,48.1360189947203,22.4442804248176,1080.37830885185,4.9548916,-74.01955116,2025-11-07 21:40:37.522774,False,1,,partial_start,,,,,758,
2025-11-07 21:40:38.524152,24.157647359999995,10.832915385599994,48.03232083010346,16.6961875069429,801.956634973049,4.9548616,-74.01961033,2025-11-07 21:40:38.524152,False,1,,partial_start,,,,,759,
2025-11-07 21:40:39.525626,32.21019648,10.841862662399995,47.70115572374646,19.9352738560136,950.935602601239,4.9548268,-74.01966916,2025-11-07 21:40:39.525626,False,1,,partial_start,,,,,760,
2025-11-07 21:40:40.527032,32.21019648,10.850809939199996,48.1594347093112,22.110088976104,1064.80938646174,4.9547791,-74.01972016,2025-11-07 21:40:40.527032,False,1,,partial_start,,,,,761,
2025-11-07 21:40:41.528542,32.21019648,10.859757215999997,48.06242674886319,18.0817966673787,869.05502781373,4.954718,-74.01975883,2025-11-07 21:40:41.528542,False,1,,partial_start,,,,,762,
2025-11-07 21:40:42.529578,32.21019648,10.868704492799996,47.871755930051584,21.0483884505752,1007.62331462685,4.9546483,-74.01979233,2025-11-07 21:40:42.529578,False,1,,partial_start,,,,,763,
2025-11-07 21:40:43.530944,40.2627456,10.879888588799997,48.02897572801904,18.2694580193487,877.463355775363,4.9545788,-74.01983466,2025-11-07 21:40:43.530944,False,1,,partial_start,,,,,764,
2025-11-07 21:40:44.532284,32.21019648,10.888835865599996,47.78812837794123,20.5291063533433,981.047569897978,4.9545168,-74.01988933,2025-11-07 21:40:44.532284,False,1,,partial_start,,,,,765,
2025-11-07 21:40:45.533650,32.21019648,10.897783142399998,47.81823429670095,18.9404116202276,905.697040532003,4.954464,-74.01995583,2025-11-07 21:40:45.533650,False,1,,partial_start,,,,,766,
2025-11-07 21:40:46.534986,40.2627456,10.908967238399995,47.77140286751916,20.228334049501,966.335895217468,4.9544211,-74.02003083,2025-11-07 21:40:46.534986,False,1,,partial_start,,,,,767,
2025-11-07 21:40:47.536363,40.2627456,10.920151334399996,47.8048538883633,20.5342477602465,981.636713886039,4.954383,-74.0201115,2025-11-07 21:40:47.536363,False,1,,partial_start,,,,,768,
2025-11-07 21:40:48.537622,40.2627456,10.931335430399995,47.98548940092167,18.6396393163853,894.432214853413,4.9543455,-74.02019516,2025-11-07 21:40:48.537622,False,1,,partial_start,,,,,769,
2025-11-07 21:40:49.538977,32.21019648,10.940282707199996,48.0657718509476,17.128065686819,823.273697550688,4.954306,-74.02028,2025-11-07 21:40:49.538977,False,1,,partial_start,,,,,770,
2025-11-07 21:40:50.540312,40.2627456,10.951466803199995,48.15608960722678,16.6422027344584,801.423406142215,4.954267,-74.0203645,2025-11-07 21:40:50.540312,False,1,,partial_start,,,,,771,
2025-11-07 21:40:51.541727,40.2627456,10.962650899199994,48.146054300973546,16.28487495468,784.052473852588,4.9542263,-74.02045233,2025-11-07 21:40:51.541727,False,1,,partial_start,,,,,772,
2025-11-07 21:40:52.543058,40.2627456,10.973834995199994,48.132673892635886,16.0637944578386,773.19338011748,4.9541948,-74.0205415,2025-11-07 21:40:52.543058,False,1,,partial_start,,,,,773,
2025-11-07 21:40:53.544485,40.2627456,10.985019091199993,48.02563062593463,17.7244688876003,851.228795836764,4.9541758,-74.020635,2025-11-07 21:40:53.544485,False,1,,partial_start,,,,,774,
2025-11-07 21:40:54.545705,40.2627456,10.996203187199992,47.97210899258401,17.5599438666951,842.387541076756,4.9541784,-74.02072816,2025-11-07 21:40:54.545705,False,1,,partial_start,,,,,775,
2025-11-07 21:40:55.547037,40.2627456,11.007387283199993,48.09922287179175,16.5676523343607,796.89120209278,4.9542078,-74.020817,2025-11-07 21:40:55.547037,False,1,,partial_start,,,,,776,
2025-11-07 21:40:56.548400,40.2627456,11.01857137919999,48.8418355345317,6.11260139652699,298.55067209732,4.9542625,-74.02088966,2025-11-07 21:40:56.548400,False,1,,partial_start,,,,,777,
2025-11-07 21:40:57.549763,32.21019648,11.027518655999993,48.2530975676748,15.4519670363475,745.605273017373,4.9543395,-74.02094133,2025-11-07 21:40:57.549763,False,1,,partial_start,,,,,778,
2025-11-07 21:40:58.551229,40.2627456,11.03870275199999,47.79147348002564,20.0432434009826,957.896135451763,4.9544268,-74.02093933,2025-11-07 21:40:58.551229,False,1,,partial_start,,,,,779,
2025-11-07 21:40:59.552647,40.2627456,11.04988684799999,47.96541878841517,17.7064739634388,849.298438922512,4.9545085,-74.02090516,2025-11-07 21:40:59.552647,False,1,,partial_start,,,,,780,
2025-11-07 21:41:00.553920,40.2627456,11.061070943999988,48.2765132822657,14.4956653523361,699.800180917336,4.9545753,-74.020837,2025-11-07 21:41:00.553920,False,1,,partial_start,,,,,781,
2025-11-07 21:41:01.555246,40.2627456,11.072255039999988,48.49729001983703,12.4802338462477,605.257520356863,4.954638,-74.02076383,2025-11-07 21:41:01.555246,False,1,,partial_start,,,,,782,
2025-11-07 21:41:02.556597,40.2627456,11.083439135999988,48.6545098178045,11.0740590581987,538.80291517008,4.9547035,-74.020686,2025-11-07 21:41:02.556597,False,1,,partial_start,,,,,783,
2025-11-07 21:41:03.558014,40.2627456,11.094623231999986,48.81507471785638,9.53163698721274,465.287571714273,4.9547668,-74.02060233,2025-11-07 21:41:03.558014,False,1,,partial_start,,,,,784,
2025-11-07 21:41:04.559350,48.31529471999999,11.108044147199983,48.992365128330334,7.52648829493087,368.740462679358,4.9548186,-74.0205135,2025-11-07 21:41:04.559350,False,1,,partial_start,,,,,785,
2025-11-07 21:41:05.560740,40.2627456,11.119228243199984,49.22652227423933,6.22828305185094,306.596714382208,4.9548605,-74.02041783,2025-11-07 21:41:05.560740,False,1,,partial_start,,,,,786,
2025-11-07 21:41:06.561912,48.31529471999999,11.132649158399984,49.31014982634969,4.66529535325174,230.046412853016,4.9548923,-74.02031899,2025-11-07 21:41:06.561912,False,1,,partial_start,,,,,787,
2025-11-07 21:41:07.563240,40.2627456,11.143833254399985,49.31014982634969,4.66529535325174,230.046412853016,4.9549193,-74.0202155,2025-11-07 21:41:07.563240,False,1,,partial_start,,,,,788,
2025-11-07 21:41:08.564526,48.31529471999999,11.157254169599982,49.51754615558337,3.00719162694174,148.908750185771,4.9549461,-74.02011066,2025-11-07 21:41:08.564526,False,1,,partial_start,,,,,789,
2025-11-07 21:41:09.565832,48.31529471999999,11.17067508479998,49.70487187231056,1.97119813592943,97.9781507813099,4.9549733,-74.02000516,2025-11-07 21:41:09.565832,False,1,,partial_start,,,,,790,
2025-11-07 21:41:10.567200,40.2627456,11.18185918079998,49.748358199407946,1.69870357005523,84.5077136777209,4.9550036,-74.01989866,2025-11-07 21:41:10.567200,False,1,,partial_start,,,,,791,
2025-11-07 21:41:11.568465,48.31529471999999,11.19528009599998,49.80522493484298,0.791245251625106,39.4081477358148,4.9550333,-74.01979316,2025-11-07 21:41:11.568465,False,1,,partial_start,,,,,792,
2025-11-07 21:41:12.569858,48.31529471999999,11.20870101119998,49.8554014661092,0.801528065431682,39.9605034884503,4.9550649,-74.01968716,2025-11-07 21:41:12.569858,False,1,,partial_start,,,,,793,
2025-11-07 21:41:13.571242,48.31529471999999,11.22212192639998,49.91895840571307,0.235973306070128,11.7795416505733,4.9550961,-74.01957799,2025-11-07 21:41:13.571242,False,1,,partial_start,,,,,794,
2025-11-07 21:41:14.572668,48.31529471999999,11.235542841599978,49.95909963072604,0.0663068782616633,3.31263193727686,4.9551155,-74.019472,2025-11-07 21:41:14.572668,False,1,,partial_start,,,,,795,
2025-11-07 21:41:15.574010,40.2627456,11.246726937599975,49.975825141148114,0.0714482851649478,3.57068700603831,4.9551173,-74.01936866,2025-11-07 21:41:15.574010,False,1,,partial_start,,,,,796,
2025-11-07 21:41:16.575451,40.2627456,11.257911033599976,49.99255065157018,0.0843018024231696,4.21446212765897,4.9550928,-74.01927266,2025-11-07 21:41:16.575451,False,1,,partial_start,,,,,797,
2025-11-07 21:41:17.576601,40.2627456,11.269095129599975,50.009276161992254,0.0868725058748083,4.34443113717758,4.9550383,-74.01918933,2025-11-07 21:41:17.576601,False,1,,partial_start,,,,,798,
2025-11-07 21:41:18.577809,40.2627456,11.280279225599974,50.0193114682455,0.0765896920682394,3.83096366281827,4.9549536,-74.0191445,2025-11-07 21:41:18.577809,False,1,,partial_start,,,,,799,
2025-11-07 21:41:19.579748,40.2627456,11.291463321599974,50.03603697866756,0.0740189886165936,3.70361685154345,4.9548596,-74.01914,2025-11-07 21:41:19.579748,False,1,,partial_start,,,,,800,
2025-11-07 21:41:20.580802,40.2627456,11.302647417599973,50.04941738700523,0.0663068782616633,3.31862062574733,4.9547671,-74.01916266,2025-11-07 21:41:20.580802,False,1,,partial_start,,,,,801,
2025-11-07 21:41:21.582099,40.2627456,11.313831513599972,50.059452693258464,0.0740189886165936,3.7053500590552,4.954682,-74.019183,2025-11-07 21:41:21.582099,False,1,,partial_start,,,,,802,
2025-11-07 21:41:22.583491,24.157647359999995,11.320541971199972,50.07283310159612,0.0765896920682394,3.83506286823559,4.9546063,-74.01918033,2025-11-07 21:41:22.583491,False,1,,partial_start,,,,,803,
2025-11-07 21:41:23.584898,32.21019648,11.329489247999971,50.08286840784937,0.0920139127780999,4.6083206853569,4.954542,-74.01914866,2025-11-07 21:41:23.584898,False,1,,partial_start,,,,,804,
2025-11-07 21:41:24.586201,32.21019648,11.338436524799974,48.14939940305796,21.9301397344889,1055.92305704078,4.9545008,-74.0190935,2025-11-07 21:41:24.586201,False,1,,partial_start,,,,,805,
2025-11-07 21:41:25.587605,32.21019648,11.347383801599976,47.96541878841517,21.0689540781884,1010.58120579419,4.9544925,-74.01901416,2025-11-07 21:41:25.587605,False,1,,partial_start,,,,,806,
2025-11-07 21:41:26.588985,40.2627456,11.358567897599974,48.01225021759698,18.9969670961638,912.087137596474,4.9545119,-74.0189345,2025-11-07 21:41:26.588985,False,1,,partial_start,,,,,807,
2025-11-07 21:41:27.590369,40.2627456,11.369751993599971,47.94534817590869,19.7116226557206,945.080611340658,4.9545563,-74.0188585,2025-11-07 21:41:27.590369,False,1,,partial_start,,,,,808,
2025-11-07 21:41:28.591729,32.21019648,11.378699270399974,48.146054300973546,17.6807669289223,851.259164642754,4.9546303,-74.0188045,2025-11-07 21:41:28.591729,False,1,,partial_start,,,,,809,
2025-11-07 21:41:29.593046,40.2627456,11.389883366399973,48.20292103640859,16.313152692648,786.341611098592,4.9547185,-74.01877433,2025-11-07 21:41:29.593046,False,1,,partial_start,,,,,810,
2025-11-07 21:41:30.594985,40.2627456,11.401067462399972,48.35679573229164,14.994381821955,725.080258896265,4.954813,-74.01876266,2025-11-07 21:41:30.594985,False,1,,partial_start,,,,,811,
2025-11-07 21:41:31.596175,32.21019648,11.410014739199973,48.23637205725273,16.2514558098086,783.911268913931,4.9549085,-74.0187685,2025-11-07 21:41:31.596175,False,1,,partial_start,,,,,812,
2025-11-07 21:41:32.597296,40.2627456,11.421198835199972,48.12932879055147,16.2823042512283,783.656374775164,4.9550001,-74.01878816,2025-11-07 21:41:32.597296,False,1,,partial_start,,,,,813,
2025-11-07 21:41:33.598342,40.2627456,11.432382931199973,48.0891875655385,16.652485548265,800.804500962936,4.955086,-74.01883183,2025-11-07 21:41:33.598342,False,1,,partial_start,,,,,814,
2025-11-07 21:41:34.599464,40.2627456,11.44356702719997,47.97879919675284,17.8375798394726,855.825661274104,4.9551585,-74.01889116,2025-11-07 21:41:34.599464,False,1,,partial_start,,,,,815,
2025-11-07 21:41:35.600597,40.2627456,11.45475112319997,47.99886980925932,17.308014928434,830.765155206624,4.955218,-74.01896333,2025-11-07 21:41:35.600597,False,1,,partial_start,,,,,816,
2025-11-07 21:41:36.601977,40.2627456,11.465935219199968,47.94200307382428,17.639635673696,845.679467689478,4.9552628,-74.01904133,2025-11-07 21:41:36.601977,False,1,,partial_start,,,,,817,
2025-11-07 21:41:37.603108,40.2627456,11.477119315199968,47.96207368633076,18.8041643372905,901.886715555003,4.9552901,-74.01912816,2025-11-07 21:41:37.603108,False,1,,partial_start,,,,,818,
2025-11-07 21:41:38.604236,40.2627456,11.488303411199968,47.87844613422041,18.0972208880886,866.466815469439,4.9553018,-74.01921833,2025-11-07 21:41:38.604236,False,1,,partial_start,,,,,819,
2025-11-07 21:41:39.606307,32.21019648,11.497250687999967,47.90186184881132,17.8504333567308,855.068992595535,4.9553026,-74.01931183,2025-11-07 21:41:39.606307,False,1,,partial_start,,,,,820,
2025-11-07 21:41:40.607801,40.2627456,11.508434783999968,48.00890511551256,17.0792223212378,819.954763867051,4.9552913,-74.019403,2025-11-07 21:41:40.607801,False,1,,partial_start,,,,,821,
2025-11-07 21:41:41.609273,40.2627456,11.519618879999966,47.89517164464248,17.6267821564378,844.237756925313,4.9552696,-74.0194925,2025-11-07 21:41:41.609273,False,1,,partial_start,,,,,822,
2025-11-07 21:41:42.610736,40.2627456,11.530802975999965,47.938657971739865,17.827297025666,854.616694674021,4.9552458,-74.01958433,2025-11-07 21:41:42.610736,False,1,,partial_start,,,,,823,
2025-11-07 21:41:43.612149,40.2627456,11.541987071999964,48.022285523850215,16.4082687203588,787.962565441135,4.9552203,-74.01967666,2025-11-07 21:41:43.612149,False,1,,partial_start,,,,,824,
2025-11-07 21:41:44.613241,40.2627456,11.553171167999963,47.94869327799311,16.6293492172002,797.355565028168,4.9551933,-74.01976766,2025-11-07 21:41:44.613241,False,1,,partial_start,,,,,825,
2025-11-07 21:41:45.614333,40.2627456,11.564355263999962,47.955383482161935,16.3954152031006,786.248423413961,4.9551676,-74.01985966,2025-11-07 21:41:45.614333,False,1,,partial_start,,,,,826,
2025-11-07 21:41:46.615516,40.2627456,11.57553935999996,47.94869327799311,17.0046719211401,815.351798239651,4.9551426,-74.019952,2025-11-07 21:41:46.615516,False,1,,partial_start,,,,,827,
2025-11-07 21:41:47.617282,40.2627456,11.58672345599996,47.95203838007752,16.616495699942,796.794839546012,4.9551185,-74.020043,2025-11-07 21:41:47.617282,False,1,,partial_start,,,,,828,
2025-11-07 21:41:48.618420,32.21019648,11.59567073279996,47.98548940092167,16.868424638203,809.439611686739,4.9550924,-74.020135,2025-11-07 21:41:48.618420,False,1,,partial_start,,,,,829,
2025-11-07 21:41:49.627893,40.2627456,11.60685482879996,47.91524225714897,16.6627683620715,798.400582743417,4.9550641,-74.02022583,2025-11-07 21:41:49.627893,False,1,,partial_start,,,,,830,
2025-11-07 21:41:50.629900,40.2627456,11.61803892479996,47.90855205298014,16.8452883071382,807.033371709992,4.9550373,-74.02031699,2025-11-07 21:41:50.629900,False,1,,partial_start,,,,,831,
2025-11-07 21:41:51.631073,40.2627456,11.62922302079996,48.03901103427229,15.6704768297372,752.794209336055,4.9550123,-74.020407,2025-11-07 21:41:51.631073,False,1,,partial_start,,,,,832,
2025-11-07 21:41:52.632815,40.2627456,11.640407116799958,47.875101032136,16.8864195623645,808.439042619241,4.9549885,-74.02049933,2025-11-07 21:41:52.632815,False,1,,partial_start,,,,,833,
2025-11-07 21:41:53.634264,40.2627456,11.651591212799955,47.84834021546068,16.7913035346537,803.436004187181,4.954965,-74.02059033,2025-11-07 21:41:53.634264,False,1,,partial_start,,,,,834,
2025-11-07 21:41:54.635403,40.2627456,11.662775308799956,47.85837552171392,17.1075000592059,818.737162071219,4.9549381,-74.020682,2025-11-07 21:41:54.635403,False,1,,partial_start,,,,,835,
2025-11-07 21:41:55.636556,40.2627456,11.673959404799955,47.81154409253213,17.935266570635,857.512788453237,4.9549103,-74.02076866,2025-11-07 21:41:55.636556,False,1,,partial_start,,,,,836,
2025-11-07 21:41:56.637701,40.2627456,11.685143500799954,47.81154409253213,17.0021012176885,812.896712035209,4.9548679,-74.02084866,2025-11-07 21:41:56.637701,False,1,,partial_start,,,,,837,
2025-11-07 21:41:57.638813,32.21019648,11.694090777599955,47.955383482161935,16.4056980169072,786.741539693331,4.9548131,-74.0209245,2025-11-07 21:41:57.638813,False,1,,partial_start,,,,,838,
2025-11-07 21:41:58.640444,40.2627456,11.705274873599954,48.10256797387616,15.3285732706686,737.34373769488,4.9547491,-74.02099216,2025-11-07 21:41:58.640444,False,1,,partial_start,,,,,839,
2025-11-07 21:41:59.641833,40.2627456,11.716458969599952,48.09253266762291,13.7655855720694,662.021873813709,4.9546746,-74.02104916,2025-11-07 21:41:59.641833,False,1,,partial_start,,,,,840,
2025-11-07 21:42:00.643275,40.2627456,11.727643065599953,48.37686634479813,10.9480945890682,529.634508665563,4.954589,-74.02108633,2025-11-07 21:42:00.643275,False,1,,partial_start,,,,,841,
2025-11-07 21:42:01.644709,48.31529471999999,11.741063980799952,48.69130594073306,8.15888134403515,397.266587656555,4.9544914,-74.021106,2025-11-07 21:42:01.644709,False,1,,partial_start,,,,,842,
2025-11-07 21:42:02.646136,40.2627456,11.752248076799953,48.86190614703818,7.01748901150547,342.887889468052,4.9543906,-74.021098,2025-11-07 21:42:02.646136,False,1,,partial_start,,,,,843,
2025-11-07 21:42:03.647557,48.31529471999999,11.76566899199995,49.00240043458358,5.4622134232612,267.661569425803,4.9542901,-74.02106383,2025-11-07 21:42:03.647557,False,1,,partial_start,,,,,844,
2025-11-07 21:42:04.649006,32.21019648,11.774616268799951,49.07264757835628,4.89922936735129,240.418156149563,4.9542005,-74.02100683,2025-11-07 21:42:04.649006,False,1,,partial_start,,,,,845,
2025-11-07 21:42:05.650471,48.31529471999999,11.78803718399995,49.07264757835628,4.89922936735129,240.418156149563,4.9541226,-74.0209325,2025-11-07 21:42:05.650471,False,1,,partial_start,,,,,846,
2025-11-07 21:42:06.652014,40.2627456,11.79922127999995,49.10609859920042,5.45964271980956,268.101753715375,4.9540676,-74.02084266,2025-11-07 21:42:06.652014,False,1,,partial_start,,,,,847,
2025-11-07 21:42:07.653546,48.31529471999999,11.812642195199947,49.199761457564016,4.49048751853998,220.930914740336,4.9540411,-74.0207385,2025-11-07 21:42:07.653546,False,1,,partial_start,,,,,848,
2025-11-07 21:42:08.655102,40.2627456,11.823826291199948,49.263318397167886,4.47506329783013,220.456468088485,4.9540393,-74.02062766,2025-11-07 21:42:08.655102,False,1,,partial_start,,,,,849,
2025-11-07 21:42:09.656707,48.31529471999999,11.837247206399947,49.39377737846004,2.72955565416425,134.823064323905,4.9540596,-74.0205215,2025-11-07 21:42:09.656707,False,1,,partial_start,,,,,850,
2025-11-07 21:42:10.658184,48.31529471999999,11.850668121599949,49.474059828485984,2.21027355693227,109.351206192988,4.954097,-74.02041683,2025-11-07 21:42:10.658184,False,1,,partial_start,,,,,851,
2025-11-07 21:42:11.659750,48.31529471999999,11.864089036799946,49.60117370769372,1.00975504501479,50.0850353899991,4.9541396,-74.02031366,2025-11-07 21:42:11.659750,False,1,,partial_start,,,,,852,
2025-11-07 21:42:12.661296,48.31529471999999,11.877509951999944,49.668075749382,0.719265554979095,35.724536068623,4.9541851,-74.02020916,2025-11-07 21:42:12.661296,False,1,,partial_start,,,,,853,
2025-11-07 21:42:13.662893,48.31529471999999,11.890930867199945,49.67811105563525,0.649856561784723,32.2836464465747,4.9542308,-74.0201045,2025-11-07 21:42:13.662893,False,1,,partial_start,,,,,854,
2025-11-07 21:42:14.664396,40.2627456,11.902114963199944,49.70487187231056,0.721836258430741,35.878778738088,4.954276,-74.02000133,2025-11-07 21:42:14.664396,False,1,,partial_start,,,,,855,
2025-11-07 21:42:15.665894,48.31529471999999,11.915535878399943,49.72494248481704,0.863224948271124,42.9238109042408,4.9543216,-74.019898,2025-11-07 21:42:15.665894,False,1,,partial_start,,,,,856,
2025-11-07 21:42:16.666819,48.31529471999999,11.928956793599944,49.765083709830016,0.593301085848565,29.5256782023869,4.9543686,-74.01979283,2025-11-07 21:42:16.666819,False,1,,partial_start,,,,,857,
2025-11-07 21:42:17.668002,48.31529471999999,11.942377708799942,49.81860534318064,0.0226049195837276,1.12614556755606,4.954417,-74.01968683,2025-11-07 21:42:17.668002,False,1,,partial_start,,,,,858,
2025-11-07 21:42:18.669815,48.31529471999999,11.95579862399994,49.828640649433886,0.0868725058748083,4.32873887755165,4.9544658,-74.01958216,2025-11-07 21:42:18.669815,False,1,,partial_start,,,,,859,
2025-11-07 21:42:19.675830,40.2627456,11.96698271999994,49.84871126194037,0.0585947679067331,2.92087366684315,4.9545215,-74.0194855,2025-11-07 21:42:19.675830,False,1,,partial_start,,,,,860,
2025-11-07 21:42:20.676956,48.31529471999999,11.98040363519994,49.862091670278026,0.0508826575518028,2.53711573527535,4.9545823,-74.01941266,2025-11-07 21:42:20.676956,False,1,,partial_start,,,,,861,
2025-11-07 21:42:21.678098,32.21019648,11.98935091199994,49.87547207861569,0.0405998437452268,2.02493637311122,4.9546566,-74.01936366,2025-11-07 21:42:21.678098,False,1,,partial_start,,,,,862,
2025-11-07 21:42:22.679216,40.2627456,12.00053500799994,49.88550738486893,0.0380291402935881,1.897102958956,4.9547399,-74.01933449,2025-11-07 21:42:22.679216,False,1,,partial_start,,,,,863,
2025-11-07 21:42:23.680288,32.21019648,12.00948228479994,49.895542691122166,0.0226049195837276,1.12788473011926,4.9548221,-74.01933816,2025-11-07 21:42:23.680288,False,1,,partial_start,,,,,864,
2025-11-07 21:42:24.681728,32.21019648,12.01842956159994,49.464024522232734,2.49562164006469,123.443490002374,4.9548871,-74.01937133,2025-11-07 21:42:24.681728,False,1,,partial_start,,,,,865,
2025-11-07 21:42:25.682878,24.157647359999995,12.025140019199942,47.78812837794123,19.3851433173619,926.379717474883,4.9549263,-74.0194235,2025-11-07 21:42:25.682878,False,1,,partial_start,,,,,866,
2025-11-07 21:42:26.684061,32.21019648,12.034087295999942,47.91858735923338,21.1357923679311,1012.79731298932,4.9549346,-74.01948833,2025-11-07 21:42:26.684061,False,1,,partial_start,,,,,867,
2025-11-07 21:42:27.688981,16.10509824,12.038560934399944,47.79816368419446,18.3080185711233,875.089668395827,4.9549153,-74.01954983,2025-11-07 21:42:27.688981,False,1,,partial_start,,,,,868,
2025-11-07 21:42:28.690115,32.21019648,12.047508211199943,47.55397123203223,19.7501832074953,939.199644076599,4.9548881,-74.01961433,2025-11-07 21:42:28.690115,False,1,,partial_start,,,,,869,
2025-11-07 21:42:29.691328,32.21019648,12.056455487999944,47.51048490493485,19.7141933591723,936.630886003924,4.9548513,-74.01967666,2025-11-07 21:42:29.691328,False,1,,partial_start,,,,,870,
2025-11-07 21:42:30.693085,32.21019648,12.065402764799943,47.614183069551686,18.2540337986388,869.150907046175,4.9547971,-74.01972866,2025-11-07 21:42:30.693085,False,1,,partial_start,,,,,871,
2025-11-07 21:42:31.694210,32.21019648,12.074350041599946,47.72457143833736,18.0175290810876,859.878853772689,4.9547305,-74.01976783,2025-11-07 21:42:31.694210,False,1,,partial_start,,,,,872,
2025-11-07 21:42:32.695552,32.21019648,12.083297318399946,48.00556001342815,20.8581563951536,1001.30747859701,4.9546573,-74.01980183,2025-11-07 21:42:32.695552,False,1,,partial_start,,,,,873,
2025-11-07 21:42:33.696803,32.21019648,12.092244595199949,47.56735164036989,18.9481237305825,901.312064417859,4.9545855,-74.019845,2025-11-07 21:42:33.696803,False,1,,partial_start,,,,,874,
2025-11-07 21:42:34.705522,40.2627456,12.103428691199946,47.67774000915556,18.526528364513,883.3030026355,4.9545223,-74.01989983,2025-11-07 21:42:34.705522,False,1,,partial_start,,,,,875,
2025-11-07 21:42:35.706772,32.21019648,12.112375967999949,47.57404184453872,19.7167640626239,938.00615855417,4.9544695,-74.01996633,2025-11-07 21:42:35.706772,False,1,,partial_start,,,,,876,
2025-11-07 21:42:36.707804,40.2627456,12.123560063999946,47.62421837580493,19.1203608618427,910.59224110859,4.9544248,-74.02004166,2025-11-07 21:42:36.707804,False,1,,partial_start,,,,,877,
2025-11-07 21:42:37.709179,40.2627456,12.134744159999943,47.68443021332438,18.3928517850276,877.052657367168,4.9543855,-74.02012199,2025-11-07 21:42:37.709179,False,1,,partial_start,,,,,878,
2025-11-07 21:42:38.710805,40.2627456,12.145928255999944,47.905206950895725,16.212895258034,776.682102609314,4.954347,-74.0202065,2025-11-07 21:42:38.710805,False,1,,partial_start,,,,,879,
2025-11-07 21:42:39.712495,32.21019648,12.154875532799943,47.935312869655455,15.7167494918668,753.387304186634,4.9543075,-74.020294,2025-11-07 21:42:39.712495,False,1,,partial_start,,,,,880,
2025-11-07 21:42:40.714110,40.2627456,12.166059628799944,48.06911695303202,15.505951808832,745.357410966826,4.954266,-74.02038133,2025-11-07 21:42:40.714110,False,1,,partial_start,,,,,881,
2025-11-07 21:42:41.715793,40.2627456,12.177243724799943,48.02563062593463,14.9249728287606,716.781232176169,4.9542266,-74.02047,2025-11-07 21:42:41.715793,False,1,,partial_start,,,,,882,
2025-11-07 21:42:42.717348,40.2627456,12.188427820799944,47.76471266335032,16.2900163615833,778.087950792301,4.954197,-74.02056116,2025-11-07 21:42:42.717348,False,1,,partial_start,,,,,883,
2025-11-07 21:42:43.719019,40.2627456,12.199611916799942,47.81154409253213,17.128065686819,818.919267805135,4.9541841,-74.02065266,2025-11-07 21:42:43.719019,False,1,,partial_start,,,,,884,
2025-11-07 21:42:44.720490,40.2627456,12.21079601279994,47.70784592791529,18.2000490261543,868.285134820277,4.9541908,-74.0207465,2025-11-07 21:42:44.720490,False,1,,partial_start,,,,,885,
2025-11-07 21:42:45.722147,40.2627456,12.22198010879994,48.928808188726464,5.4442184990997,266.379122679965,4.9542181,-74.020835,2025-11-07 21:42:45.722147,False,1,,partial_start,,,,,886,
2025-11-07 21:42:46.727640,40.2627456,12.23316420479994,47.808198990447714,17.3003028180791,827.096319721732,4.9542745,-74.02091066,2025-11-07 21:42:46.727640,False,1,,partial_start,,,,,887,
2025-11-07 21:42:47.733870,32.21019648,12.24211148159994,48.24975246559038,12.485375253151,602.416265404545,4.9543538,-74.02095966,2025-11-07 21:42:47.733870,False,1,,partial_start,,,,,888,
2025-11-07 21:42:48.735462,40.2627456,12.25329557759994,47.54059082369458,19.5188198968474,927.936230077412,4.9544408,-74.02095799,2025-11-07 21:42:48.735462,False,1,,partial_start,,,,,889,
2025-11-07 21:42:49.737024,40.2627456,12.264479673599938,47.644288988311416,17.9841099362163,856.840130998653,4.9545211,-74.0209225,2025-11-07 21:42:49.737024,False,1,,partial_start,,,,,890,
2025-11-07 21:42:50.738411,40.2627456,12.275663769599936,47.88179123630482,15.7424565263832,753.777016942887,4.9545901,-74.02085566,2025-11-07 21:42:50.738411,False,1,,partial_start,,,,,891,
2025-11-07 21:42:51.739903,40.2627456,12.286847865599936,48.18954062807093,13.004657350383,626.688463740423,4.9546561,-74.02078216,2025-11-07 21:42:51.739903,False,1,,partial_start,,,,,892,
2025-11-07 21:42:52.741450,40.2627456,12.298031961599936,48.45045859065524,10.7758574578081,522.095235538337,4.9547216,-74.02070433,2025-11-07 21:42:52.741450,False,1,,partial_start,,,,,893,
2025-11-07 21:42:53.743230,40.2627456,12.309216057599937,48.46383899899289,10.0509190844447,487.106124300433,4.9547823,-74.02062283,2025-11-07 21:42:53.743230,False,1,,partial_start,,,,,894,
2025-11-07 21:42:54.744729,40.2627456,12.320400153599934,48.6310941032136,8.46993646168401,411.902277116395,4.954833,-74.02053333,2025-11-07 21:42:54.744729,False,1,,partial_start,,,,,895,
2025-11-07 21:42:55.746254,48.31529471999999,12.333821068799931,48.771588390759,7.16401910824915,349.400591171059,4.9548731,-74.02044066,2025-11-07 21:42:55.746254,False,1,,partial_start,,,,,896,
2025-11-07 21:42:56.747722,40.2627456,12.345005164799932,48.94218859706413,6.25656078981902,306.209778144319,4.9549041,-74.02034466,2025-11-07 21:42:56.747722,False,1,,partial_start,,,,,897,
2025-11-07 21:42:57.749182,48.31529471999999,12.358426079999932,49.06930247627186,4.22313435956907,207.226257287631,4.954932,-74.02024216,2025-11-07 21:42:57.749182,False,1,,partial_start,,,,,898,
2025-11-07 21:42:58.750737,40.2627456,12.36961017599993,49.2198320700705,3.39536784813989,167.119435301562,4.9549603,-74.02013883,2025-11-07 21:42:58.750737,False,1,,partial_start,,,,,899,
2025-11-07 21:42:59.751967,48.31529471999999,12.38303109119993,49.35698125553149,2.76297479903561,136.372095365506,4.9549883,-74.02003133,2025-11-07 21:42:59.751967,False,1,,partial_start,,,,,900,
2025-11-07 21:43:00.753472,48.31529471999999,12.39645200639993,49.31014982634969,2.36194506057924,116.467864818769,4.9550213,-74.01992616,2025-11-07 21:43:00.753472,False,1,,partial_start,,,,,901,
2025-11-07 21:43:01.754917,40.2627456,12.407636102399929,49.44729901181067,2.05860205328531,101.792311275126,4.9550523,-74.019822,2025-11-07 21:43:01.754917,False,1,,partial_start,,,,,902,
2025-11-07 21:43:02.756327,48.31529471999999,12.421057017599928,49.41384799096653,1.13829021759697,56.2472997819411,4.9550833,-74.019718,2025-11-07 21:43:02.756327,False,1,,partial_start,,,,,903,
2025-11-07 21:43:03.757782,48.31529471999999,12.434477932799927,49.41384799096653,1.13829021759697,56.2472997819411,4.9551138,-74.01961316,2025-11-07 21:43:03.757782,False,1,,partial_start,,,,,904,
2025-11-07 21:43:04.759278,48.31529471999999,12.447898847999928,49.6178992181158,0.0046099954222214,0.228738288255756,4.9551411,-74.01950933,2025-11-07 21:43:04.759278,False,1,,partial_start,,,,,905,
2025-11-07 21:43:05.760717,40.2627456,12.459082943999926,49.63462472853786,0.0920139127780999,4.5670760305454,4.9551495,-74.0194065,2025-11-07 21:43:05.760717,False,1,,partial_start,,,,,906,
2025-11-07 21:43:06.762141,40.2627456,12.470267039999923,49.654695341044345,0.0817310989715238,4.05833281931976,4.9551295,-74.01931083,2025-11-07 21:43:06.762141,False,1,,partial_start,,,,,907,
2025-11-07 21:43:07.763541,40.2627456,12.481451135999924,49.671420851466415,0.0791603955198851,3.93200932063675,4.9550816,-74.01922866,2025-11-07 21:43:07.763541,False,1,,partial_start,,,,,908,
2025-11-07 21:43:08.764945,32.21019648,12.490398412799925,49.68814636188849,0.068877581713302,3.42239936122348,4.9550036,-74.0191775,2025-11-07 21:43:08.764945,False,1,,partial_start,,,,,909,
2025-11-07 21:43:09.766354,40.2627456,12.501582508799924,49.70152677022615,0.068877581713302,3.42332097139212,4.9549146,-74.01916966,2025-11-07 21:43:09.766354,False,1,,partial_start,,,,,910,
2025-11-07 21:43:10.767933,40.2627456,12.512766604799925,49.714907178563806,0.0663068782616633,3.29644029807892,4.9548255,-74.01919066,2025-11-07 21:43:10.767933,False,1,,partial_start,,,,,911,
2025-11-07 21:43:11.769467,40.2627456,12.523950700799922,49.72828758690146,0.0611654713583789,3.04165415009785,4.9547381,-74.01921383,2025-11-07 21:43:11.769467,False,1,,partial_start,,,,,912,
2025-11-07 21:43:12.997432,32.21019648,12.532897977599925,49.75170330149236,0.0868725058748083,4.32205513734061,4.9545816,-74.01918683,2025-11-07 21:43:12.997432,False,1,,partial_start,,,,,913,
2025-11-07 21:43:13.998785,32.21019648,12.541845254399924,49.738322893154695,0.284816671651356,14.1663035799487,4.9545298,-74.01912916,2025-11-07 21:43:13.998785,False,1,,partial_start,,,,,914,
2025-11-07 21:43:15.000073,32.21019648,12.550792531199924,47.83495980712303,17.3260098525956,828.788984916728,4.9545093,-74.01905316,2025-11-07 21:43:15.000073,False,1,,partial_start,,,,,915,
2025-11-07 21:43:16.001104,32.21019648,12.559739807999923,47.71453613208411,18.9584065443891,904.591574068997,4.9545226,-74.01897233,2025-11-07 21:43:16.001104,False,1,,partial_start,,,,,916,
2025-11-07 21:43:17.003067,40.2627456,12.570923903999924,47.71453613208411,18.9584065443891,904.591574068997,4.954563,-74.018898,2025-11-07 21:43:17.003067,False,1,,partial_start,,,,,917,
2025-11-07 21:43:18.004829,32.21019648,12.579871180799923,47.7346067445906,19.1743456343272,915.279848439467,4.9546306,-74.01883783,2025-11-07 21:43:18.004829,False,1,,partial_start,,,,,918,
2025-11-07 21:43:19.006256,40.2627456,12.591055276799924,47.938657971739865,17.5496610528885,841.307198734389,4.954712,-74.01879733,2025-11-07 21:43:19.006256,False,1,,partial_start,,,,,919,
2025-11-07 21:43:20.007810,40.2627456,12.602239372799923,47.95203838007752,17.1409192040772,821.942015543721,4.9548055,-74.018781,2025-11-07 21:43:20.007810,False,1,,partial_start,,,,,920,
2025-11-07 21:43:21.009458,40.2627456,12.613423468799922,48.01225021759698,15.5984971330912,748.918947372444,4.9549001,-74.01878583,2025-11-07 21:43:21.009458,False,1,,partial_start,,,,,921,
2025-11-07 21:43:22.010951,40.2627456,12.624607564799922,48.09253266762291,14.4005493246253,692.558888826261,4.9549913,-74.01880833,2025-11-07 21:43:22.010951,False,1,,partial_start,,,,,922,
2025-11-07 21:43:23.012452,40.2627456,12.63579166079992,47.90855205298014,15.8915573265785,761.341501383307,4.955076,-74.018847,2025-11-07 21:43:23.012452,False,1,,partial_start,,,,,923,
2025-11-07 21:43:24.013905,40.2627456,12.64697575679992,47.91858735923338,16.2103245545823,776.77585329028,4.9551528,-74.01890383,2025-11-07 21:43:24.013905,False,1,,partial_start,,,,,924,
2025-11-07 21:43:25.015514,40.2627456,12.65815985279992,47.8516853175451,17.3208684456923,828.832746289865,4.9552156,-74.01897183,2025-11-07 21:43:25.015514,False,1,,partial_start,,,,,925,
2025-11-07 21:43:26.017129,40.2627456,12.669343948799918,47.79147348002564,16.4802484170049,787.615355165524,4.9552628,-74.01904833,2025-11-07 21:43:26.017129,False,1,,partial_start,,,,,926,
2025-11-07 21:43:27.018509,40.2627456,12.680528044799916,49.48409513473923,-0.0596575908688663,-2.95210190206433,4.9552956,-74.01912616,2025-11-07 21:43:27.018509,False,1,,partial_start,,,,,927,negative_current;negative_power
2025-11-07 21:43:28.019914,32.21019648,12.689475321599918,49.53092656392102,0.0483119541001642,2.39293585069475,4.9553123,-74.01920316,2025-11-07 21:43:28.019914,False,1,,partial_start,,,,,928,
2025-11-07 21:43:29.021082,32.21019648,12.69842259839992,49.56437758476516,0.0148928092287974,0.738152819913991,4.9553148,-74.01927783,2025-11-07 21:43:29.021082,False,1,,partial_start,,,,,929,
2025-11-07 21:43:30.022653,32.21019648,12.70736987519992,49.59113840144048,0.0226049195837276,1.12100369563007,4.9553078,-74.019346,2025-11-07 21:43:30.022653,False,1,,partial_start,,,,,930,
2025-11-07 21:43:31.024366,24.157647359999995,12.71408033279992,49.61455411603138,0.0303170299386579,1.50416592252888,4.955296,-74.01940883,2025-11-07 21:43:31.024366,False,1,,partial_start,,,,,931,
2025-11-07 21:43:32.025865,32.21019648,12.72302760959992,49.63127962645345,0.0328877333902966,1.63226029217406,4.9552806,-74.019468,2025-11-07 21:43:32.025865,False,1,,partial_start,,,,,932,
2025-11-07 21:43:33.027350,24.157647359999995,12.72973806719992,47.88179123630482,18.5573768059328,888.560442115119,4.9552631,-74.01952533,2025-11-07 21:43:33.027350,False,1,,partial_start,,,,,933,
2025-11-07 21:43:34.028872,24.157647359999995,12.736448524799922,49.40046758262886,1.94034969450972,95.8541821825912,4.955247,-74.01958216,2025-11-07 21:43:34.028872,False,1,,partial_start,,,,,934,
2025-11-07 21:43:35.030349,24.157647359999995,12.743158982399924,47.75133225501267,20.4982579119235,978.819124201205,4.9552296,-74.0196415,2025-11-07 21:43:35.030349,False,1,,partial_start,,,,,935,
2025-11-07 21:43:36.031997,24.157647359999995,12.749869439999925,47.550626129947815,19.6833449177526,935.955375170863,4.9552131,-74.01970283,2025-11-07 21:43:36.031997,False,1,,partial_start,,,,,936,
2025-11-07 21:43:37.033543,32.21019648,12.758816716799924,47.466998577837465,20.3620106289864,966.523529568012,4.9551951,-74.01976633,2025-11-07 21:43:37.033543,False,1,,partial_start,,,,,937,
2025-11-07 21:43:38.035042,24.157647359999995,12.765527174399924,47.39340633198034,19.1820577446821,909.103056977231,4.9551761,-74.019834,2025-11-07 21:43:38.035042,False,1,,partial_start,,,,,938,
2025-11-07 21:43:39.036583,32.21019648,12.774474451199923,47.326504290292064,19.565092558977,925.947436932387,4.9551558,-74.01990399,2025-11-07 21:43:39.036583,False,1,,partial_start,,,,,939,
2025-11-07 21:43:40.038135,24.157647359999995,12.781184908799926,47.46365347575304,18.7064776061281,887.877770849199,4.9551355,-74.01997466,2025-11-07 21:43:40.038135,False,1,,partial_start,,,,,940,
2025-11-07 21:43:41.039741,32.21019648,12.790132185599926,47.30308857570117,18.8967096615497,893.872730909595,4.9551156,-74.02004683,2025-11-07 21:43:41.039741,False,1,,partial_start,,,,,941,
2025-11-07 21:43:42.041228,32.21019648,12.799079462399929,47.25960224860378,19.189769855037,906.900890591299,4.955096,-74.0201205,2025-11-07 21:43:42.041228,False,1,,partial_start,,,,,942,
2025-11-07 21:43:43.042775,32.21019648,12.808026739199928,47.20942571733757,18.5805131369975,877.175354731102,4.955075,-74.02019433,2025-11-07 21:43:43.042775,False,1,,partial_start,,,,,943,
2025-11-07 21:43:44.044269,32.21019648,12.816974015999929,47.67774000915556,20.8041716226691,991.895885731471,4.9550538,-74.02027,2025-11-07 21:43:44.044269,False,1,,partial_start,,,,,944,
2025-11-07 21:43:45.045717,32.21019648,12.82592129279993,47.49041429242836,20.8581563951536,990.562488582111,4.9550321,-74.02034633,2025-11-07 21:43:45.045717,False,1,,partial_start,,,,,945,
2025-11-07 21:43:46.047282,40.2627456,12.837105388799928,47.2395316360973,17.3285805560472,818.594029386054,4.95501,-74.02042583,2025-11-07 21:43:46.047282,False,1,,partial_start,,,,,946,
2025-11-07 21:43:47.048773,32.21019648,12.84605266559993,47.44358286324656,20.4185661049226,968.729932947574,4.9549853,-74.02050466,2025-11-07 21:43:47.048773,False,1,,partial_start,,,,,947,
2025-11-07 21:43:48.050312,32.21019648,12.85499994239993,47.48037898617512,17.2694543766594,819.96023868825,4.9549593,-74.02058416,2025-11-07 21:43:48.050312,False,1,,partial_start,,,,,948,
2025-11-07 21:43:49.051793,40.2627456,12.866184038399927,47.390061229895935,19.9866879250465,947.170364550777,4.9549343,-74.02066383,2025-11-07 21:43:49.051793,False,1,,partial_start,,,,,949,
2025-11-07 21:43:50.053308,32.21019648,12.87513131519993,47.42351225074008,17.9995341569261,853.601128598603,4.9549073,-74.02074466,2025-11-07 21:43:50.053308,False,1,,partial_start,,,,,950,
2025-11-07 21:43:51.054840,40.2627456,12.886315411199927,47.4302024549089,20.5650962016663,975.406676349711,4.9548764,-74.02082333,2025-11-07 21:43:51.054840,False,1,,partial_start,,,,,951,
2025-11-07 21:43:52.056298,32.21019648,12.89526268799993,47.29974347361676,18.7116190130314,885.054779292435,4.9548348,-74.02089683,2025-11-07 21:43:52.056298,False,1,,partial_start,,,,,952,
2025-11-07 21:43:53.057606,40.2627456,12.906446783999929,47.31646898403882,19.8838597869808,940.834034893654,4.954781,-74.02096666,2025-11-07 21:43:53.057606,False,1,,partial_start,,,,,953,
2025-11-07 21:43:54.060635,32.21019648,12.91539406079993,47.42016714865567,17.9506907913449,851.224757759411,4.9547156,-74.02102983,2025-11-07 21:43:54.060635,False,1,,partial_start,,,,,954,
2025-11-07 21:43:55.062291,40.2627456,12.926578156799929,47.56735164036989,16.4545413824884,782.698956021847,4.9546411,-74.02108116,2025-11-07 21:43:55.062291,False,1,,partial_start,,,,,955,
2025-11-07 21:43:56.063985,40.2627456,12.937762252799928,47.79481858211005,14.5727864558854,696.503684894877,4.9545534,-74.021115,2025-11-07 21:43:56.063985,False,1,,partial_start,,,,,956,
2025-11-07 21:43:57.065349,40.2627456,12.948946348799929,48.13936409680472,11.382543472396,547.948404565379,4.9544568,-74.02112516,2025-11-07 21:43:57.065349,False,1,,partial_start,,,,,957,
2025-11-07 21:43:58.066972,40.2627456,12.960130444799926,48.33003491561632,9.4699401043733,457.682535893156,4.9543568,-74.02111083,2025-11-07 21:43:58.066972,False,1,,partial_start,,,,,958,
2025-11-07 21:43:59.068654,48.31529471999999,12.973551359999924,48.490599815668205,7.7115789434492,373.939088493728,4.9542594,-74.0210685,2025-11-07 21:43:59.068654,False,1,,partial_start,,,,,959,
2025-11-07 21:44:00.070262,40.2627456,12.984735455999925,48.68796083864864,6.12288421033356,298.1107466523,4.9541753,-74.02100516,2025-11-07 21:44:00.070262,False,1,,partial_start,,,,,960,
2025-11-07 21:44:01.071867,40.2627456,12.995919551999924,48.697996144901886,6.17429827936643,300.675953806061,4.9541063,-74.020928,2025-11-07 21:44:01.071867,False,1,,partial_start,,,,,961,
2025-11-07 21:44:02.073475,48.31529471999999,13.009340467199925,48.75820798242134,5.82725331339457,284.126429020746,4.954057,-74.020839,2025-11-07 21:44:02.073475,False,1,,partial_start,,,,,962,
2025-11-07 21:44:03.074989,40.2627456,13.020524563199922,48.85521594286936,4.32082109073152,211.094647438193,4.9540378,-74.0207345,2025-11-07 21:44:03.074989,False,1,,partial_start,,,,,963,
2025-11-07 21:44:04.076524,48.31529471999999,13.033945478399922,49.005745536668,3.49819598620563,171.431702337386,4.9540416,-74.020624,2025-11-07 21:44:04.076524,False,1,,partial_start,,,,,964,
2025-11-07 21:44:05.077967,48.31529471999999,13.04736639359992,49.149584926297806,2.1048747154149,103.453718584501,4.9540673,-74.0205175,2025-11-07 21:44:05.077967,False,1,,partial_start,,,,,965,
2025-11-07 21:44:06.079539,40.2627456,13.05855048959992,49.21314186590168,1.92492547379985,94.7316304234005,4.9541071,-74.02041333,2025-11-07 21:44:06.079539,False,1,,partial_start,,,,,966,
2025-11-07 21:44:07.080874,48.31529471999999,13.07197140479992,49.3134949284341,1.17428006591998,57.9078540753062,4.9541521,-74.0203105,2025-11-07 21:44:07.080874,False,1,,partial_start,,,,,967,
2025-11-07 21:44:08.082433,48.31529471999999,13.08539231999992,49.35363615344707,0.69098781701102,34.1027613072265,4.9541978,-74.02020633,2025-11-07 21:44:08.082433,False,1,,partial_start,,,,,968,
2025-11-07 21:44:09.083895,48.31529471999999,13.098813235199918,49.38708717429121,0.593301085848565,29.3014124474047,4.9542426,-74.0201015,2025-11-07 21:44:09.083895,False,1,,partial_start,,,,,969,
2025-11-07 21:44:10.085438,48.31529471999999,13.112234150399916,49.39712248054445,0.752684699850455,37.1804583077447,4.9542873,-74.01999483,2025-11-07 21:44:10.085438,False,1,,partial_start,,,,,970,
2025-11-07 21:44:11.086991,48.31529471999999,13.125655065599917,49.41719309305094,0.888931982787561,43.9285234400015,4.9543316,-74.01989066,2025-11-07 21:44:11.086991,False,1,,partial_start,,,,,971,
2025-11-07 21:44:12.088488,40.2627456,13.136839161599916,49.494130440992464,-0.00310211493270884,-0.153536481122442,4.9543773,-74.01978766,2025-11-07 21:44:12.088488,False,1,,partial_start,,,,,972,negative_current;negative_power
2025-11-07 21:44:13.089955,48.31529471999999,13.150260076799915,49.46067942014832,0.38250340281381,18.9188781836897,4.954425,-74.01968366,2025-11-07 21:44:13.089955,False,1,,partial_start,,,,,973,
2025-11-07 21:44:14.091619,48.31529471999999,13.163680991999914,49.46067942014832,0.38250340281381,18.9188781836897,4.9544785,-74.019582,2025-11-07 21:44:14.091619,False,1,,partial_start,,,,,974,
2025-11-07 21:44:15.093750,48.31529471999999,13.177101907199914,49.51754615558337,0.0663068782616633,3.28335390475456,4.9545371,-74.01948633,2025-11-07 21:44:15.093750,False,1,,partial_start,,,,,975,
2025-11-07 21:44:16.096711,48.31529471999999,13.190522822399911,49.52758146183661,0.0868725058748083,4.30258511150844,4.9546065,-74.01942283,2025-11-07 21:44:16.096711,False,1,,partial_start,,,,,976,
2025-11-07 21:44:17.098385,40.2627456,13.201706918399912,49.54430697225868,0.0457412506485113,2.26621856342487,4.9546855,-74.01937416,2025-11-07 21:44:17.098385,False,1,,partial_start,,,,,977,
2025-11-07 21:44:18.103093,32.21019648,13.210654195199911,49.557687380596334,0.0380291402935881,1.88463624602248,4.9547693,-74.01935283,2025-11-07 21:44:18.103093,False,1,,partial_start,,,,,978,
2025-11-07 21:44:19.104534,40.2627456,13.221838291199912,49.56437758476516,0.0251756230353734,1.24781408605696,4.9548441,-74.01936216,2025-11-07 21:44:19.104534,False,1,,partial_start,,,,,979,
2025-11-07 21:44:20.105946,32.21019648,13.230785567999911,49.58110309518724,0.0148928092287974,0.738401909749961,4.954901,-74.01940466,2025-11-07 21:44:20.105946,False,1,,partial_start,,,,,980,
2025-11-07 21:44:21.107590,24.157647359999995,13.237496025599912,47.94534817590869,19.2129061861018,921.169476563724,4.9549291,-74.0194625,2025-11-07 21:44:21.107590,False,1,,partial_start,,,,,981,
2025-11-07 21:44:22.109157,32.21019648,13.246443302399914,47.63759878414259,16.8350054933317,801.979237220172,4.954929,-74.019531,2025-11-07 21:44:22.109157,False,1,,partial_start,,,,,982,
2025-11-07 21:44:23.110697,32.21019648,13.255390579199917,47.36330041322062,18.6165029853205,881.739023537358,4.9549041,-74.019599,2025-11-07 21:44:23.110697,False,1,,partial_start,,,,,983,
2025-11-07 21:44:24.112298,32.21019648,13.264337855999916,47.51383000701926,18.1794833985412,863.776883813716,4.9548645,-74.0196605,2025-11-07 21:44:24.112298,False,1,,partial_start,,,,,984,
2025-11-07 21:44:25.113785,32.21019648,13.273285132799916,47.31646898403882,19.41342105533,918.57453523861,4.9548123,-74.01971533,2025-11-07 21:44:25.113785,False,1,,partial_start,,,,,985,
2025-11-07 21:44:26.115382,32.21019648,13.282232409599915,49.3603263576159,-0.0185263356425693,-0.914465973527954,4.9547516,-74.01976033,2025-11-07 21:44:26.115382,False,1,,partial_start,,,,,986,negative_current;negative_power
2025-11-07 21:44:27.116957,32.21019648,13.291179686399918,49.42053819513536,0.0637361748100175,3.14987606161029,4.9546858,-74.0197945,2025-11-07 21:44:27.116957,False,1,,partial_start,,,,,987,
2025-11-07 21:44:28.118515,32.21019648,13.30012696319992,47.72122633625294,21.2746103543198,1015.25049593409,4.9546188,-74.01982683,2025-11-07 21:44:28.118515,False,1,,partial_start,,,,,988,
2025-11-07 21:44:29.119993,24.157647359999995,13.30683742079992,47.76805776543474,16.3362890237128,780.352797757554,4.9545548,-74.01986833,2025-11-07 21:44:29.119993,False,1,,partial_start,,,,,989,
2025-11-07 21:44:30.121562,40.2627456,13.318021516799918,47.86841082796717,15.4493963328959,739.53805070715,4.9544998,-74.01992383,2025-11-07 21:44:30.121562,False,1,,partial_start,,,,,990,
2025-11-07 21:44:31.122957,32.21019648,13.32696879359992,47.58407715079196,16.7681672035889,797.897761892957,4.9544558,-74.01998983,2025-11-07 21:44:31.122957,False,1,,partial_start,,,,,991,
2025-11-07 21:44:32.123897,32.21019648,13.33591607039992,47.29305326944792,16.6910461000396,789.370532331987,4.9544161,-74.02006016,2025-11-07 21:44:32.123897,False,1,,partial_start,,,,,992,
2025-11-07 21:44:33.125155,32.21019648,13.34486334719992,47.487069190343945,16.7861621277504,797.125642400818,4.9543798,-74.02013333,2025-11-07 21:44:33.125155,False,1,,partial_start,,,,,993,
2025-11-07 21:44:34.126690,32.21019648,13.35381062399992,47.356610209051794,18.1049329984435,857.38825486829,4.9543458,-74.02020933,2025-11-07 21:44:34.126690,False,1,,partial_start,,,,,994,
2025-11-07 21:44:35.128913,40.2627456,13.36499471999992,47.35995531113621,18.86586122013,893.486344291454,4.9543116,-74.02028799,2025-11-07 21:44:35.128913,False,1,,partial_start,,,,,995,
2025-11-07 21:44:36.130363,32.21019648,13.37394199679992,47.37333571947386,19.2591788482314,912.371545258658,4.9542793,-74.02037016,2025-11-07 21:44:36.130363,False,1,,partial_start,,,,,996,
2025-11-07 21:44:37.132006,40.2627456,13.38512609279992,47.296398371532334,19.1332143791009,904.932129401888,4.9542488,-74.02045466,2025-11-07 21:44:37.132006,False,1,,partial_start,,,,,997,
2025-11-07 21:44:38.133509,40.2627456,13.39631018879992,47.326504290292064,19.2591788482314,911.469610388328,4.95422,-74.02054166,2025-11-07 21:44:38.133509,False,1,,partial_start,,,,,998,
2025-11-07 21:44:39.134961,32.21019648,13.40525746559992,47.4034416382336,19.3003101034577,914.901123589069,4.9541983,-74.0206315,2025-11-07 21:44:39.134961,False,1,,partial_start,,,,,999,
2025-11-07 21:44:40.136408,40.2627456,13.41644156159992,47.30308857570117,18.9352702133243,895.696764105719,4.9541925,-74.02072249,2025-11-07 21:44:40.136408,False,1,,partial_start,,,,,1000,
2025-11-07 21:44:41.137888,40.2627456,13.427625657599918,47.38002592364269,18.5136748472548,877.178394204827,4.9542113,-74.02080866,2025-11-07 21:44:41.137888,False,1,,partial_start,,,,,1001,
2025-11-07 21:44:42.139439,32.21019648,13.43657293439992,48.711376553239546,4.46735118747519,217.610825888666,4.9542556,-74.02088483,2025-11-07 21:44:42.139439,False,1,,partial_start,,,,,1002,
2025-11-07 21:44:43.140953,40.2627456,13.447757030399918,49.13620451796015,0.613866713461718,30.163080379423,4.9543223,-74.020943,2025-11-07 21:44:43.140953,False,1,,partial_start,,,,,1003,
2025-11-07 21:44:44.142000,24.157647359999995,13.45446748799992,47.32315918820765,17.7758829566332,841.2109388677,4.9544015,-74.02095083,2025-11-07 21:44:44.142000,False,1,,partial_start,,,,,1004,
2025-11-07 21:44:45.143404,40.2627456,13.465651583999918,47.4302024549089,19.0149620203253,901.883498296433,4.9544801,-74.0209215,2025-11-07 21:44:45.143404,False,1,,partial_start,,,,,1005,
2025-11-07 21:44:46.144710,32.21019648,13.47459886079992,47.31646898403882,19.0483811651966,901.302136599178,4.9545458,-74.020873,2025-11-07 21:44:46.144710,False,1,,partial_start,,,,,1006,
2025-11-07 21:44:47.145865,40.2627456,13.485782956799918,49.086027986693935,0.156281499069187,7.67123803711262,4.9546051,-74.020811,2025-11-07 21:44:47.145865,False,1,,partial_start,,,,,1007,
2025-11-07 21:44:48.147009,40.2627456,13.496967052799915,49.179690845057536,0.0226049195837276,1.11170295670511,4.9546589,-74.020747,2025-11-07 21:44:48.147009,False,1,,partial_start,,,,,1008,
2025-11-07 21:44:49.148158,32.21019648,13.505914329599918,49.22317717215491,0.0303170299386579,1.49230053600408,4.9547101,-74.02068366,2025-11-07 21:44:49.148158,False,1,,partial_start,,,,,1009,
2025-11-07 21:44:50.149306,32.21019648,13.51486160639992,49.25662819299906,0.0405998437452268,1.99981140805249,4.9547559,-74.0206245,2025-11-07 21:44:50.149306,False,1,,partial_start,,,,,1010,
2025-11-07 21:44:51.150521,32.21019648,13.52380888319992,49.28673411175878,0.0534533610034486,2.63454159115682,4.9548,-74.02056216,2025-11-07 21:44:51.150521,False,1,,partial_start,,,,,1011,
2025-11-07 21:44:52.152283,24.157647359999995,13.53051934079992,49.31014982634969,0.0483119541001642,2.38226969508282,4.954833,-74.02050316,2025-11-07 21:44:52.152283,False,1,,partial_start,,,,,1012,
2025-11-07 21:44:53.153452,24.157647359999995,13.53722979839992,49.330220438856166,0.0534533610034486,2.63686608149788,4.9548548,-74.02045216,2025-11-07 21:44:53.153452,False,1,,partial_start,,,,,1013,
2025-11-07 21:44:54.154623,24.157647359999995,13.54394025599992,49.34694594927824,0.0611654713583789,3.01832920908405,4.954874,-74.020401,2025-11-07 21:44:54.154623,False,1,,partial_start,,,,,1014,
2025-11-07 21:44:55.155734,24.157647359999995,13.55065071359992,49.36367145970031,0.0765896920682394,3.78074839645618,4.9548916,-74.02035,2025-11-07 21:44:55.155734,False,1,,partial_start,,,,,1015,
2025-11-07 21:44:56.156725,24.157647359999995,13.557361171199922,49.38039697012238,0.0714482851649478,3.52814468427963,4.9549081,-74.02029933,2025-11-07 21:44:56.156725,False,1,,partial_start,,,,,1016,
2025-11-07 21:44:57.158199,16.10509824,13.561834809599922,49.39712248054445,0.0637361748100175,3.14838363353183,4.9549225,-74.020252,2025-11-07 21:44:57.158199,False,1,,partial_start,,,,,1017,
2025-11-07 21:44:58.159597,16.10509824,13.566308447999925,49.410502888882114,0.0663068782616633,3.27625619990067,4.9549411,-74.02020933,2025-11-07 21:44:58.159597,False,1,,partial_start,,,,,1018,
2025-11-07 21:44:59.161076,16.10509824,13.570782086399923,49.42388329721977,0.068877581713302,3.40419756039295,4.9549543,-74.02016566,2025-11-07 21:44:59.161076,False,1,,partial_start,,,,,1019,
2025-11-07 21:45:00.162749,24.157647359999995,13.577492543999924,49.43726370555742,0.0714482851649478,3.53220771500939,4.9549675,-74.02012233,2025-11-07 21:45:00.162749,False,1,,partial_start,,,,,1020,
2025-11-07 21:45:01.164449,16.10509824,13.581966182399924,49.45064411389508,0.0663068782616633,3.27891783922088,4.954981,-74.02007866,2025-11-07 21:45:01.164449,False,1,,partial_start,,,,,1021,
2025-11-07 21:45:02.166024,24.157647359999995,13.588676639999925,49.46067942014832,0.0817310989715238,4.04247568488695,4.9549983,-74.02003316,2025-11-07 21:45:02.166024,False,1,,partial_start,,,,,1022,
2025-11-07 21:45:03.167646,16.10509824,13.593150278399923,49.47071472640156,0.0765896920682394,3.78894680729081,4.9550123,-74.01998533,2025-11-07 21:45:03.167646,False,1,,partial_start,,,,,1023,
2025-11-07 21:45:04.169195,24.157647359999995,13.599860735999926,49.48075003265481,0.0791603955198851,3.91691574320552,4.9550265,-74.0199365,2025-11-07 21:45:04.169195,False,1,,partial_start,,,,,1024,
2025-11-07 21:45:05.170832,24.157647359999995,13.606571193599926,49.494130440992464,0.0740189886165936,3.66350547770002,4.9550421,-74.01988616,2025-11-07 21:45:05.170832,False,1,,partial_start,,,,,1025,
2025-11-07 21:45:06.172424,24.157647359999995,13.613281651199928,49.31014982634969,1.46219885250404,72.101244492891,4.9550555,-74.01983483,2025-11-07 21:45:06.172424,False,1,,partial_start,,,,,1026,
2025-11-07 21:45:07.173906,24.157647359999995,13.619992108799927,47.49041429242836,18.67819986816,887.035449975701,4.9550745,-74.01977566,2025-11-07 21:45:07.173906,False,1,,partial_start,,,,,1027,
2025-11-07 21:45:08.175139,24.157647359999995,13.626702566399928,47.61083796746728,17.6344942667928,839.593049174503,4.955094,-74.01971083,2025-11-07 21:45:08.175139,False,1,,partial_start,,,,,1028,
2025-11-07 21:45:09.176592,32.21019648,13.635649843199928,47.597457559129616,16.5959300723288,789.924077271956,4.955117,-74.01963933,2025-11-07 21:45:09.176592,False,1,,partial_start,,,,,1029,
2025-11-07 21:45:10.177808,32.21019648,13.64459711999993,47.4034416382336,19.4031382415234,919.775531230637,4.9551416,-74.0195585,2025-11-07 21:45:10.177808,False,1,,partial_start,,,,,1030,
2025-11-07 21:45:11.179041,32.21019648,13.65354439679993,47.4034416382336,19.4031382415234,919.775531230637,4.9551586,-74.01946783,2025-11-07 21:45:11.179041,False,1,,partial_start,,,,,1031,
2025-11-07 21:45:12.180200,40.2627456,13.664728492799927,49.2900792138432,0.0148928092287974,0.73406774660408,4.9551526,-74.01937116,2025-11-07 21:45:12.180200,False,1,,partial_start,,,,,1032,
2025-11-07 21:45:13.181386,32.21019648,13.67367576959993,49.34694594927824,0.0740189886165936,3.65261103048328,4.9551198,-74.01928033,2025-11-07 21:45:13.181386,False,1,,partial_start,,,,,1033,
2025-11-07 21:45:14.193002,40.2627456,13.684859865599927,49.38039697012238,0.0663068782616633,3.27425997041051,4.9550603,-74.0192065,2025-11-07 21:45:14.193002,False,1,,partial_start,,,,,1034,
2025-11-07 21:45:15.195979,32.21019648,13.69380714239993,49.40381268471328,0.0663068782616633,3.2758125933473,4.9549703,-74.01917033,2025-11-07 21:45:15.195979,False,1,,partial_start,,,,,1035,
2025-11-07 21:45:16.197142,40.2627456,13.704991238399929,49.410502888882114,0.184559237037262,9.11916471479955,4.9548766,-74.01917166,2025-11-07 21:45:16.197142,False,1,,partial_start,,,,,1036,
2025-11-07 21:45:17.198374,40.2627456,13.716175334399928,49.43726370555742,0.0611654713583789,3.02385353721889,4.9547856,-74.01919483,2025-11-07 21:45:17.198374,False,1,,partial_start,,,,,1037,
2025-11-07 21:45:18.199821,40.2627456,13.727359430399927,49.45064411389508,0.0534533610034486,2.64330313167309,4.9546985,-74.01920433,2025-11-07 21:45:18.199821,False,1,,partial_start,,,,,1038,
2025-11-07 21:45:19.201375,32.21019648,13.736306707199928,49.46736962431715,0.0560240644550944,2.77136310425672,4.9546215,-74.01919433,2025-11-07 21:45:19.201375,False,1,,partial_start,,,,,1039,
2025-11-07 21:45:20.202694,32.21019648,13.745253983999929,49.45733431806391,0.302811595812855,14.9762543295028,4.9545585,-74.01915683,2025-11-07 21:45:20.202694,False,1,,partial_start,,,,,1040,
2025-11-07 21:45:21.204411,32.21019648,13.75420126079993,47.6877753154088,20.9969743815424,1001.29899661038,4.954519,-74.0190935,2025-11-07 21:45:21.204411,False,1,,partial_start,,,,,1041,
2025-11-07 21:45:22.205474,32.21019648,13.76314853759993,47.35995531113621,18.0458068190557,854.648604503877,4.954513,-74.01901033,2025-11-07 21:45:22.205474,False,1,,partial_start,,,,,1042,
2025-11-07 21:45:23.206854,32.21019648,13.77209581439993,47.5706967424543,19.9995414423047,951.392120940026,4.954537,-74.01892733,2025-11-07 21:45:23.206854,False,1,,partial_start,,,,,1043,
2025-11-07 21:45:24.212598,40.2627456,13.78327991039993,47.54059082369458,18.3260134952848,871.229509008844,4.954588,-74.0188585,2025-11-07 21:45:24.212598,False,1,,partial_start,,,,,1044,
2025-11-07 21:45:25.213794,40.2627456,13.794464006399927,47.74129694875943,15.6627647193823,747.760701506583,4.9546648,-74.018809,2025-11-07 21:45:25.213794,False,1,,partial_start,,,,,1045,
2025-11-07 21:45:26.215574,40.2627456,13.805648102399928,47.7580224591815,15.505951808832,740.533594737187,4.9547535,-74.01878249,2025-11-07 21:45:26.215574,False,1,,partial_start,,,,,1046,
2025-11-07 21:45:27.216798,40.2627456,13.816832198399927,47.778093071687984,15.2154623187963,726.965774796213,4.9548461,-74.01877316,2025-11-07 21:45:27.216798,False,1,,partial_start,,,,,1047,
2025-11-07 21:45:28.218569,40.2627456,13.828016294399928,47.7346067445906,15.1897552842799,725.076995041668,4.9549376,-74.01878583,2025-11-07 21:45:28.218569,False,1,,partial_start,,,,,1048,
2025-11-07 21:45:29.219726,40.2627456,13.839200390399926,47.64763409039583,15.6344869814142,744.946314881482,4.9550255,-74.018812,2025-11-07 21:45:29.219726,False,1,,partial_start,,,,,1049,
2025-11-07 21:45:30.220929,40.2627456,13.850384486399925,47.664359600817896,16.1409155613879,769.346403604434,4.9551078,-74.01885649,2025-11-07 21:45:30.220929,False,1,,partial_start,,,,,1050,
2025-11-07 21:45:31.222750,40.2627456,13.861568582399924,47.466998577837465,17.4494036182744,828.270816732746,4.9551781,-74.018918,2025-11-07 21:45:31.222750,False,1,,partial_start,,,,,1051,
2025-11-07 21:45:32.223924,32.21019648,13.870515859199925,47.456963271584215,16.9583992590105,804.794130779726,4.9552331,-74.01898966,2025-11-07 21:45:32.223924,False,1,,partial_start,,,,,1052,
2025-11-07 21:45:33.225321,40.2627456,13.881699955199924,47.456963271584215,17.683337632374,839.197504538597,4.9552689,-74.01907016,2025-11-07 21:45:33.225321,False,1,,partial_start,,,,,1053,
2025-11-07 21:45:34.226844,40.2627456,13.892884051199925,47.34992000488297,17.6730548185674,836.81773190108,4.9552851,-74.01916,2025-11-07 21:45:34.226844,False,1,,partial_start,,,,,1054,
2025-11-07 21:45:35.228198,40.2627456,13.904068147199922,47.34657490279855,17.9841099362163,851.486008155229,4.955284,-74.01925166,2025-11-07 21:45:35.228198,False,1,,partial_start,,,,,1055,
2025-11-07 21:45:36.229727,40.2627456,13.91525224319992,47.37668082155828,17.8093021015045,843.745621317688,4.9552689,-74.019343,2025-11-07 21:45:36.229727,False,1,,partial_start,,,,,1056,
2025-11-07 21:45:37.230901,32.21019648,13.924199519999922,47.32984939237648,17.6190700460829,833.907931714837,4.9552493,-74.0194305,2025-11-07 21:45:37.230901,False,1,,partial_start,,,,,1057,
2025-11-07 21:45:38.232413,40.2627456,13.93538361599992,47.3331944944609,17.5805094943083,832.141675205811,4.9552271,-74.01951933,2025-11-07 21:45:38.232413,False,1,,partial_start,,,,,1058,
2025-11-07 21:45:39.233965,40.2627456,13.94656771199992,47.356610209051794,17.7656001428266,841.318601093715,4.955208,-74.01960766,2025-11-07 21:45:39.233965,False,1,,partial_start,,,,,1059,
2025-11-07 21:45:40.235417,40.2627456,13.95775180799992,47.31312388195441,17.2308938248847,815.247414133577,4.9551916,-74.01969783,2025-11-07 21:45:40.235417,False,1,,partial_start,,,,,1060,
2025-11-07 21:45:41.237040,40.2627456,13.96893590399992,47.39675143406476,16.8452883071382,798.41194272859,4.9551736,-74.01978833,2025-11-07 21:45:41.237040,False,1,,partial_start,,,,,1061,
2025-11-07 21:45:42.238544,40.2627456,13.980119999999918,47.390061229895935,17.1023586523026,810.481823708261,4.9551546,-74.01987899,2025-11-07 21:45:42.238544,False,1,,partial_start,,,,,1062,
2025-11-07 21:45:43.240177,32.21019648,13.989067276799918,47.38337102572711,16.8170105691702,796.846651342565,4.9551358,-74.019969,2025-11-07 21:45:43.240177,False,1,,partial_start,,,,,1063,
2025-11-07 21:45:44.241851,40.2627456,14.000251372799918,47.37668082155828,16.6473441413617,788.695909911933,4.955112,-74.02005816,2025-11-07 21:45:44.241851,False,1,,partial_start,,,,,1064,
2025-11-07 21:45:45.243516,40.2627456,14.011435468799917,47.35326510696738,16.904414486526,800.479220658529,4.9550891,-74.02014733,2025-11-07 21:45:45.243516,False,1,,partial_start,,,,,1065,
2025-11-07 21:45:46.245213,40.2627456,14.022619564799916,47.32315918820765,17.5290954252754,829.532173235591,4.9550646,-74.0202365,2025-11-07 21:45:46.245213,False,1,,partial_start,,,,,1066,
2025-11-07 21:45:47.246893,40.2627456,14.033803660799917,47.326504290292064,16.4776777135532,779.830885004528,4.9550411,-74.02032516,2025-11-07 21:45:47.246893,False,1,,partial_start,,,,,1067,
2025-11-07 21:45:48.248595,40.2627456,14.044987756799914,47.31646898403882,16.8298640864284,796.329742051079,4.9550183,-74.02041316,2025-11-07 21:45:48.248595,False,1,,partial_start,,,,,1068,
2025-11-07 21:45:49.250217,32.21019648,14.053935033599917,47.390061229895935,16.2745921408734,771.253918047575,4.9549931,-74.020503,2025-11-07 21:45:49.250217,False,1,,partial_start,,,,,1069,
2025-11-07 21:45:50.251946,40.2627456,14.065119129599914,47.3331944944609,16.7655965001373,793.569239956653,4.9549696,-74.02059183,2025-11-07 21:45:50.251946,False,1,,partial_start,,,,,1070,
2025-11-07 21:45:51.253428,40.2627456,14.076303225599911,47.32315918820765,16.5856472585222,784.88522545451,4.9549438,-74.0206785,2025-11-07 21:45:51.253428,False,1,,partial_start,,,,,1071,
2025-11-07 21:45:52.255138,40.2627456,14.087487321599912,47.32315918820765,16.6499148448133,787.926570671205,4.954911,-74.02076166,2025-11-07 21:45:52.255138,False,1,,partial_start,,,,,1072,
2025-11-07 21:45:53.256615,40.2627456,14.098671417599911,47.28970816736351,16.5907886654255,784.573554254378,4.9548696,-74.02084416,2025-11-07 21:45:53.256615,False,1,,partial_start,,,,,1073,
2025-11-07 21:45:54.258156,40.2627456,14.10985551359991,47.3331944944609,16.3362890237128,773.248745677128,4.954817,-74.02092133,2025-11-07 21:45:54.258156,False,1,,partial_start,,,,,1074,
2025-11-07 21:45:55.259575,40.2627456,14.12103960959991,47.456963271584215,15.1948966911832,721.103654188997,4.9547545,-74.02099083,2025-11-07 21:45:55.259575,False,1,,partial_start,,,,,1075,
2025-11-07 21:45:56.261118,40.2627456,14.132223705599907,47.56400653828547,14.367130179754,683.358273806218,4.9546818,-74.02104866,2025-11-07 21:45:56.261118,False,1,,partial_start,,,,,1076,
2025-11-07 21:45:57.262624,32.21019648,14.14117098239991,47.66770470290232,12.5290772118289,597.232352733326,4.9545985,-74.02108516,2025-11-07 21:45:57.262624,False,1,,partial_start,,,,,1077,
2025-11-07 21:45:58.264072,48.31529471999999,14.154591897599907,47.94869327799311,10.1306108914456,485.749554352624,4.9545033,-74.02110183,2025-11-07 21:45:58.264072,False,1,,partial_start,,,,,1078,
2025-11-07 21:45:59.265581,40.2627456,14.165775993599908,48.15608960722678,7.91980592303232,381.386883701389,4.9544025,-74.021095,2025-11-07 21:45:59.265581,False,1,,partial_start,,,,,1079,
2025-11-07 21:46:00.266943,40.2627456,14.176960089599907,48.35679573229164,6.00206114810632,290.240444911701,4.9543031,-74.02106083,2025-11-07 21:46:00.266943,False,1,,partial_start,,,,,1080,
2025-11-07 21:46:01.268345,40.2627456,14.188144185599906,48.4872547135838,4.69357309121982,227.578473990798,4.954209,-74.02099966,2025-11-07 21:46:01.268345,False,1,,partial_start,,,,,1081,
2025-11-07 21:46:02.269734,40.2627456,14.199328281599906,48.634439205298015,4.11516481460005,200.138732995447,4.9541336,-74.0209335,2025-11-07 21:46:02.269734,False,1,,partial_start,,,,,1082,
2025-11-07 21:46:03.271349,48.31529471999999,14.212749196799903,48.99905533249916,0.369649885555588,18.1124951959902,4.9540801,-74.0208495,2025-11-07 21:46:03.271349,False,1,,partial_start,,,,,1083,
2025-11-07 21:46:04.272899,40.2627456,14.223933292799904,49.04588676168097,0.0868725058748083,4.26073908583931,4.9540523,-74.02074083,2025-11-07 21:46:04.272899,False,1,,partial_start,,,,,1084,
2025-11-07 21:46:05.274506,40.2627456,14.235117388799903,49.07599268044069,0.0765896920682394,3.75871516733812,4.9540458,-74.02063866,2025-11-07 21:46:05.274506,False,1,,partial_start,,,,,1085,
2025-11-07 21:46:06.275955,48.31529471999999,14.248538303999904,49.09940839503159,0.0740189886165936,3.63428855107332,4.9540611,-74.0205415,2025-11-07 21:46:06.275955,False,1,,partial_start,,,,,1086,
2025-11-07 21:46:07.277495,40.2627456,14.259722399999902,49.11947900753808,0.0663068782616633,3.25695931482915,4.9540925,-74.02044499,2025-11-07 21:46:07.277495,False,1,,partial_start,,,,,1087,
2025-11-07 21:46:08.278960,40.2627456,14.2709064959999,49.13620451796015,0.068877581713302,3.38438294176732,4.9541315,-74.0203505,2025-11-07 21:46:08.278960,False,1,,partial_start,,,,,1088,
2025-11-07 21:46:09.280420,48.31529471999999,14.2843274111999,49.13620451796015,0.068877581713302,3.38438294176732,4.9541728,-74.02025816,2025-11-07 21:46:09.280420,False,1,,partial_start,,,,,1089,
2025-11-07 21:46:10.284260,40.2627456,14.2955115071999,49.152930028382215,0.0637361748100175,3.13281974071353,4.9542131,-74.02016633,2025-11-07 21:46:10.284260,False,1,,partial_start,,,,,1090,
2025-11-07 21:46:11.285960,40.2627456,14.306695603199898,49.169655538804285,0.0714482851649478,3.51308757039874,4.9542538,-74.0200725,2025-11-07 21:46:11.285960,False,1,,partial_start,,,,,1091,
2025-11-07 21:46:12.287658,48.31529471999999,14.320116518399898,49.183035947141946,0.0663068782616633,3.26117357708615,4.9542921,-74.01998066,2025-11-07 21:46:12.287658,False,1,,partial_start,,,,,1092,
2025-11-07 21:46:13.288880,40.2627456,14.331300614399897,49.199761457564016,0.0637361748100175,3.13580459687046,4.9543313,-74.0198915,2025-11-07 21:46:13.288880,False,1,,partial_start,,,,,1093,
2025-11-07 21:46:14.290666,40.2627456,14.342484710399896,49.21314186590168,0.0637361748100175,3.1366574129153,4.9543705,-74.01980316,2025-11-07 21:46:14.290666,False,1,,partial_start,,,,,1094,
2025-11-07 21:46:15.291980,40.2627456,14.353668806399895,49.22652227423933,0.0637361748100175,3.13751022896014,4.9544095,-74.01971633,2025-11-07 21:46:15.291980,False,1,,partial_start,,,,,1095,
2025-11-07 21:46:16.293552,40.2627456,14.364852902399894,49.23990268257699,0.0663068782616633,3.26494423278978,4.9544463,-74.01963316,2025-11-07 21:46:16.293552,False,1,,partial_start,,,,,1096,
2025-11-07 21:46:17.294885,32.21019648,14.373800179199897,49.24993798883023,0.0585947679067331,2.8857886858765,4.954488,-74.01955116,2025-11-07 21:46:17.294885,False,1,,partial_start,,,,,1097,
2025-11-07 21:46:18.296362,40.2627456,14.384984275199894,49.25997329508347,0.0508826575518028,2.50647835218468,4.9545323,-74.01947816,2025-11-07 21:46:18.296362,False,1,,partial_start,,,,,1098,
2025-11-07 21:46:19.297885,40.2627456,14.396168371199892,49.27335370342113,0.0560240644550944,2.76049354379913,4.9546003,-74.01941083,2025-11-07 21:46:19.297885,False,1,,partial_start,,,,,1099,
2025-11-07 21:46:20.299461,32.21019648,14.416299743999891,49.28004390758996,0.0483119541001642,2.38081521931756,4.9546751,-74.01936533,2025-11-07 21:46:20.299461,False,1,,partial_start,,,,,1100,
2025-11-07 21:46:21.301077,40.2627456,14.427483839999892,49.29342431592761,0.0431705471968726,2.12802410092622,4.9547596,-74.01934433,2025-11-07 21:46:21.301077,False,1,,partial_start,,,,,1101,
2025-11-07 21:46:22.302583,32.21019648,14.436431116799891,49.30011452009644,0.0380291402935881,1.87484097157471,4.9548375,-74.019346,2025-11-07 21:46:22.302583,False,1,,partial_start,,,,,1102,
2025-11-07 21:46:23.304171,24.157647359999995,14.443141574399894,49.31014982634969,0.0303170299386579,1.49493728856515,4.954896,-74.01939316,2025-11-07 21:46:23.304171,False,1,,partial_start,,,,,1103,
2025-11-07 21:46:24.305750,32.21019648,14.452088851199894,49.32018513260293,0.0174635126804361,0.861303678464667,4.9549225,-74.019449,2025-11-07 21:46:24.305750,False,1,,partial_start,,,,,1104,
2025-11-07 21:46:25.307308,24.157647359999995,14.458799308799897,47.56735164036989,20.2309047529526,962.33056038653,4.9549236,-74.01951,2025-11-07 21:46:25.307308,False,1,,partial_start,,,,,1105,
2025-11-07 21:46:26.308940,32.21019648,14.467746585599896,47.42685735282449,19.9172789318521,944.613946757369,4.9549078,-74.01957233,2025-11-07 21:46:26.308940,False,1,,partial_start,,,,,1106,
2025-11-07 21:46:27.341689,24.157647359999995,14.474457043199896,48.10925817804499,11.0097914719077,529.672900408446,4.9548773,-74.01963316,2025-11-07 21:46:27.341689,False,1,,partial_start,,,,,1107,
2025-11-07 21:46:28.343148,32.21019648,14.483404319999895,48.55750185735649,5.8940916031373,286.202363966768,4.9548358,-74.0196885,2025-11-07 21:46:28.343148,False,1,,partial_start,,,,,1108,
2025-11-07 21:46:29.344692,24.157647359999995,14.490114777599898,48.1594347093112,10.415958974578,501.626696171057,4.9547861,-74.01973233,2025-11-07 21:46:29.344692,False,1,,partial_start,,,,,1109,
2025-11-07 21:46:30.346216,32.21019648,14.499062054399898,47.99886980925932,11.9480982317575,573.495211494372,4.9547293,-74.0197705,2025-11-07 21:46:30.346216,False,1,,partial_start,,,,,1110,
2025-11-07 21:46:31.347700,32.21019648,14.5080093311999,48.28654858851894,8.51620912381359,411.218345647013,4.9546696,-74.01980533,2025-11-07 21:46:31.347700,False,1,,partial_start,,,,,1111,
2025-11-07 21:46:32.349212,24.157647359999995,14.5147197887999,48.36683103854488,8.84011775872066,427.568481996882,4.9546106,-74.0198405,2025-11-07 21:46:32.349212,False,1,,partial_start,,,,,1112,
2025-11-07 21:46:33.350365,32.21019648,14.5236670655999,48.53743124485001,6.34396470717489,307.919750794256,4.9545565,-74.01988216,2025-11-07 21:46:33.350365,False,1,,partial_start,,,,,1113,
2025-11-07 21:46:34.351619,24.157647359999995,14.5303775231999,48.33003491561632,8.16916415784173,394.815988979892,4.9545091,-74.019929,2025-11-07 21:46:34.351619,False,1,,partial_start,,,,,1114,
2025-11-07 21:46:35.353202,32.21019648,14.539324799999902,49.152930028382215,0.343942851039152,16.9057988908897,4.9544681,-74.01997966,2025-11-07 21:46:35.353202,False,1,,partial_start,,,,,1115,
2025-11-07 21:46:36.354628,24.157647359999995,14.546035257599902,49.18972615131077,0.181988533585617,8.95196612975512,4.9544336,-74.02003133,2025-11-07 21:46:36.354628,False,1,,partial_start,,,,,1116,
2025-11-07 21:46:37.356155,24.157647359999995,14.552745715199904,49.1964163554796,0.307953002716146,15.1501841395436,4.9544041,-74.020081,2025-11-07 21:46:37.356155,False,1,,partial_start,,,,,1117,
2025-11-07 21:46:38.357676,24.157647359999995,14.559456172799903,48.45380369273965,7.86839185399945,381.253514271241,4.9543803,-74.02013116,2025-11-07 21:46:38.357676,False,1,,partial_start,,,,,1118,
2025-11-07 21:46:39.359155,24.157647359999995,14.566166630399904,48.617713694875945,5.92751074800866,288.182020469985,4.9543564,-74.02017816,2025-11-07 21:46:39.359155,False,1,,partial_start,,,,,1119,
2025-11-07 21:46:40.360639,24.157647359999995,14.572877087999904,48.57088226569415,6.68072685934019,324.488797734273,4.9543326,-74.02022716,2025-11-07 21:46:40.360639,False,1,,partial_start,,,,,1120,
2025-11-07 21:46:41.362362,24.157647359999995,14.579587545599905,48.4170075698111,8.00720984038819,387.685139455141,4.9543096,-74.02027816,2025-11-07 21:46:41.362362,False,1,,partial_start,,,,,1121,
2025-11-07 21:46:42.363953,16.10509824,14.584061183999903,48.51401553025911,7.15630699789422,347.181188835142,4.9542868,-74.02032816,2025-11-07 21:46:42.363953,False,1,,partial_start,,,,,1122,
2025-11-07 21:46:43.365471,24.157647359999995,14.590771641599906,47.51383000701926,19.8632941593676,943.781182067613,4.9542638,-74.02037833,2025-11-07 21:46:43.365471,False,1,,partial_start,,,,,1123,
2025-11-07 21:46:44.366925,32.21019648,14.599718918399908,48.10256797387616,10.9558066994232,527.002436467652,4.9542393,-74.02043233,2025-11-07 21:46:44.366925,False,1,,partial_start,,,,,1124,
2025-11-07 21:46:45.368348,24.157647359999995,14.606429375999909,47.98883450300608,11.8349872798852,567.947245919595,4.9542156,-74.0204875,2025-11-07 21:46:45.368348,False,1,,partial_start,,,,,1125,
2025-11-07 21:46:46.369849,24.157647359999995,14.613139833599908,47.875101032136,12.6447588671529,605.369108291943,4.9541966,-74.02054466,2025-11-07 21:46:46.369849,False,1,,partial_start,,,,,1126,
2025-11-07 21:46:47.371351,24.157647359999995,14.619850291199908,47.98214429883725,11.4365282448805,548.749148523585,4.9541845,-74.02060433,2025-11-07 21:46:47.371351,False,1,,partial_start,,,,,1127,
2025-11-07 21:46:48.372890,24.157647359999995,14.626560748799909,48.03232083010346,10.8452664510025,520.923317662511,4.9541806,-74.02066533,2025-11-07 21:46:48.372890,False,1,,partial_start,,,,,1128,
2025-11-07 21:46:49.374567,32.21019648,14.63550802559991,47.94534817590869,12.3105674184392,590.234441120068,4.954186,-74.02072816,2025-11-07 21:46:49.374567,False,1,,partial_start,,,,,1129,
2025-11-07 21:46:50.376214,24.157647359999995,14.64221848319991,48.20292103640859,9.39796040772728,453.009143436972,4.9542015,-74.0207865,2025-11-07 21:46:50.376214,False,1,,partial_start,,,,,1130,
2025-11-07 21:46:51.377822,24.157647359999995,14.64892894079991,48.0891875655385,10.3594034986419,498.175297913287,4.954229,-74.020842,2025-11-07 21:46:51.377822,False,1,,partial_start,,,,,1131,
2025-11-07 21:46:52.379230,24.157647359999995,14.655639398399911,48.0891875655385,10.2797116916409,494.342983658982,4.95427,-74.020887,2025-11-07 21:46:52.379230,False,1,,partial_start,,,,,1132,
2025-11-07 21:46:53.380742,24.157647359999995,14.662349855999912,48.07915225928526,10.7347262025818,516.116535555672,4.9543223,-74.02091583,2025-11-07 21:46:53.380742,False,1,,partial_start,,,,,1133,
2025-11-07 21:46:54.382392,32.21019648,14.671297132799912,48.0891875655385,10.2668581743827,493.724868456674,4.9543808,-74.02092183,2025-11-07 21:46:54.382392,False,1,,partial_start,,,,,1134,
2025-11-07 21:46:55.383849,24.157647359999995,14.678007590399911,48.22633675099949,7.77584652974028,375.000593267345,4.954439,-74.0209035,2025-11-07 21:46:55.383849,False,1,,partial_start,,,,,1135,
2025-11-07 21:46:56.385363,24.157647359999995,14.684718047999914,48.03901103427229,10.3902519400616,499.13742759749,4.9544873,-74.02087266,2025-11-07 21:46:56.385363,False,1,,partial_start,,,,,1136,
2025-11-07 21:46:57.386873,32.21019648,14.693665324799914,48.427042876064334,6.20514672078615,300.496906299781,4.954537,-74.02083416,2025-11-07 21:46:57.386873,False,1,,partial_start,,,,,1137,
2025-11-07 21:46:58.388405,32.21019648,14.702612601599917,49.03585145542772,0.395356920072025,19.3866632045272,4.9545886,-74.02079066,2025-11-07 21:46:58.388405,False,1,,partial_start,,,,,1138,
2025-11-07 21:46:59.389861,24.157647359999995,14.709323059199916,49.055922067934205,0.526462796105832,25.8261178974344,4.9546385,-74.0207485,2025-11-07 21:46:59.389861,False,1,,partial_start,,,,,1139,
2025-11-07 21:47:00.391015,32.21019648,14.718270335999916,48.958914107486194,1.7681125632496,86.5648711165048,4.9546856,-74.0207,2025-11-07 21:47:00.391015,False,1,,partial_start,,,,,1140,
2025-11-07 21:47:01.392604,24.157647359999995,14.724980793599917,49.14623982421339,0.0714482851649478,3.51141455774531,4.954729,-74.02064833,2025-11-07 21:47:01.392604,False,1,,partial_start,,,,,1141,
2025-11-07 21:47:02.394127,32.21019648,14.733928070399918,49.16296533463546,0.0894432093264541,4.397293399535,4.954769,-74.0205945,2025-11-07 21:47:02.394127,False,1,,partial_start,,,,,1142,
2025-11-07 21:47:03.395631,24.157647359999995,14.740638527999918,49.179690845057536,0.0945846162297385,4.65164218487695,4.9547996,-74.020536,2025-11-07 21:47:03.395631,False,1,,partial_start,,,,,1143,
2025-11-07 21:47:04.397003,24.157647359999995,14.74734898559992,49.19307125339519,0.0817310989715238,4.02060377532446,4.9548236,-74.020473,2025-11-07 21:47:04.397003,False,1,,partial_start,,,,,1144,
2025-11-07 21:47:05.398556,32.21019648,14.75629626239992,49.203106559648425,0.0765896920682394,3.76845078020424,4.9548428,-74.02040866,2025-11-07 21:47:05.398556,False,1,,partial_start,,,,,1145,
2025-11-07 21:47:06.400059,32.21019648,14.76524353919992,49.216486967986086,0.0765896920682394,3.76947558155857,4.9548635,-74.020345,2025-11-07 21:47:06.400059,False,1,,partial_start,,,,,1146,
2025-11-07 21:47:07.401647,24.157647359999995,14.77195399679992,49.22652227423933,0.0791603955198851,3.89679097329722,4.9548911,-74.020281,2025-11-07 21:47:07.401647,False,1,,partial_start,,,,,1147,
2025-11-07 21:47:08.403139,32.21019648,14.78090127359992,49.22652227423933,0.0791603955198851,3.89679097329722,4.9549126,-74.02021416,2025-11-07 21:47:08.403139,False,1,,partial_start,,,,,1148,
2025-11-07 21:47:09.404973,32.21019648,14.789848550399922,49.23655758049257,0.0765896920682394,3.77101278359006,4.9549395,-74.02014766,2025-11-07 21:47:09.404973,False,1,,partial_start,,,,,1149,
2025-11-07 21:47:10.406449,32.21019648,14.798795827199925,49.246592886745816,0.0740189886165936,3.64518299829005,4.9549626,-74.02007633,2025-11-07 21:47:10.406449,False,1,,partial_start,,,,,1150,
2025-11-07 21:47:11.407955,24.157647359999995,14.805506284799923,49.25997329508347,0.0791603955198851,3.89943896933778,4.9549839,-74.020005,2025-11-07 21:47:11.407955,False,1,,partial_start,,,,,1151,
2025-11-07 21:47:12.409509,32.21019648,14.814453561599924,49.263318397167886,0.0791603955198851,3.89970376894184,4.9550028,-74.01993116,2025-11-07 21:47:12.409509,False,1,,partial_start,,,,,1152,
2025-11-07 21:47:13.411091,40.2627456,14.825637657599923,49.27335370342113,0.0740189886165936,3.64716380687491,4.9550246,-74.01985933,2025-11-07 21:47:13.411091,False,1,,partial_start,,,,,1153,
2025-11-07 21:47:14.412572,32.21019648,14.834584934399924,49.28338900967437,0.0765896920682394,3.77459958833021,4.9550455,-74.01978316,2025-11-07 21:47:14.412572,False,1,,partial_start,,,,,1154,
2025-11-07 21:47:15.413958,32.21019648,14.843532211199925,49.2900792138432,0.0868725058748083,4.28195269607436,4.9550676,-74.01970583,2025-11-07 21:47:15.413958,False,1,,partial_start,,,,,1155,
2025-11-07 21:47:16.415551,32.21019648,14.852479487999926,49.296769418012026,0.0765896920682394,3.77562438968454,4.955088,-74.0196285,2025-11-07 21:47:16.415551,False,1,,partial_start,,,,,1156,
2025-11-07 21:47:17.420781,32.21019648,14.861426764799926,49.30011452009644,0.0868725058748083,4.2828244882758,4.9551051,-74.0195505,2025-11-07 21:47:17.420781,False,1,,partial_start,,,,,1157,
2025-11-07 21:47:18.422557,32.21019648,14.870374041599929,49.30680472426528,0.0843018024231696,4.15665250998281,4.955124,-74.019473,2025-11-07 21:47:18.422557,False,1,,partial_start,,,,,1158,
2025-11-07 21:47:19.425253,40.2627456,14.881558137599926,49.3134949284341,0.0894432093264541,4.41075724950296,4.9551295,-74.01939183,2025-11-07 21:47:19.425253,False,1,,partial_start,,,,,1159,
2025-11-07 21:47:20.426762,32.21019648,14.890505414399929,49.32018513260293,0.0868725058748083,4.28456807267868,4.9551125,-74.01931316,2025-11-07 21:47:20.426762,False,1,,partial_start,,,,,1160,
2025-11-07 21:47:21.429840,32.21019648,14.899452691199928,49.32687533677176,0.0894432093264541,4.41195403616678,4.9550758,-74.01924033,2025-11-07 21:47:21.429840,False,1,,partial_start,,,,,1161,
2025-11-07 21:47:22.433850,32.21019648,14.908399967999928,49.330220438856166,0.0945846162297385,4.66587996873761,4.9550198,-74.01918533,2025-11-07 21:47:22.433850,False,1,,partial_start,,,,,1162,
2025-11-07 21:47:23.435446,32.21019648,14.91734724479993,49.33691064302499,0.0920139127780999,4.53968219264821,4.9549461,-74.019156,2025-11-07 21:47:23.435446,False,1,,partial_start,,,,,1163,
2025-11-07 21:47:24.438534,32.21019648,14.92629452159993,49.34360084719383,0.0740189886165936,3.65236342941017,4.9548716,-74.01916166,2025-11-07 21:47:24.438534,False,1,,partial_start,,,,,1164,
2025-11-07 21:47:25.440002,32.21019648,14.93524179839993,49.35029105136265,0.0740189886165936,3.65285863155639,4.9547981,-74.01917849,2025-11-07 21:47:25.440002,False,1,,partial_start,,,,,1165,
2025-11-07 21:47:26.441737,32.21019648,14.944189075199931,49.35363615344707,0.0868725058748083,4.28747404668348,4.9547286,-74.01919283,2025-11-07 21:47:26.441737,False,1,,partial_start,,,,,1166,
2025-11-07 21:47:27.443304,24.157647359999995,14.950899532799932,49.3603263576159,0.0791603955198851,3.90738295745948,4.9546621,-74.01919433,2025-11-07 21:47:27.443304,False,1,,partial_start,,,,,1167,
2025-11-07 21:47:28.444835,24.157647359999995,14.957609990399932,49.36367145970031,0.0843018024231696,4.16144647827791,4.9546038,-74.01917799,2025-11-07 21:47:28.444835,False,1,,partial_start,,,,,1168,
2025-11-07 21:47:29.446053,24.157647359999995,14.964320447999931,49.37036166386914,0.0945846162297385,4.66967671110046,4.9545576,-74.01914616,2025-11-07 21:47:29.446053,False,1,,partial_start,,,,,1169,
2025-11-07 21:47:30.447375,24.157647359999995,14.971030905599934,49.37036166386914,0.104867430036314,5.17734294765334,4.9545258,-74.0190985,2025-11-07 21:47:30.447375,False,1,,partial_start,,,,,1170,
2025-11-07 21:47:31.448660,32.21019648,14.979978182399934,47.42016714865567,18.4853971092867,876.580620731655,4.954514,-74.01904016,2025-11-07 21:47:31.448660,False,1,,partial_start,,,,,1171,
2025-11-07 21:47:32.450105,24.157647359999995,14.986688639999937,47.88179123630482,15.1254876979888,724.235444302397,4.9545211,-74.01897466,2025-11-07 21:47:32.450105,False,1,,partial_start,,,,,1172,
2025-11-07 21:47:33.451505,32.21019648,14.995635916799936,48.503980224005865,8.25142666829431,400.227035938782,4.954546,-74.01891016,2025-11-07 21:47:33.451505,False,1,,partial_start,,,,,1173,
2025-11-07 21:47:34.452941,32.21019648,15.004583193599936,48.81507471785638,4.89922936735129,239.156247627169,4.9545903,-74.01885199,2025-11-07 21:47:34.452941,False,1,,partial_start,,,,,1174,
2025-11-07 21:47:35.454093,24.157647359999995,15.011293651199937,48.878631657460254,4.63444691183202,226.525423539491,4.9546498,-74.01880316,2025-11-07 21:47:35.454093,False,1,,partial_start,,,,,1175,
2025-11-07 21:47:36.455869,32.21019648,15.020240927999938,49.11613390545367,1.9866223566393,97.5752096882638,4.9547123,-74.01877516,2025-11-07 21:47:36.455869,False,1,,partial_start,,,,,1176,
2025-11-07 21:47:37.457022,32.21019648,15.029188204799938,48.35010552812281,9.62161160802026,465.205936598391,4.9547795,-74.01875366,2025-11-07 21:47:37.457022,False,1,,partial_start,,,,,1177,
2025-11-07 21:47:38.458737,32.21019648,15.03813548159994,48.44376838648641,8.51877982726523,412.681796887509,4.9548469,-74.01874666,2025-11-07 21:47:38.458737,False,1,,partial_start,,,,,1178,
2025-11-07 21:47:39.459852,24.157647359999995,15.04484593919994,48.52739593859676,7.70129612964262,373.72384652355,4.954914,-74.0187505,2025-11-07 21:47:39.459852,False,1,,partial_start,,,,,1179,
2025-11-07 21:47:40.460985,32.21019648,15.05379321599994,48.6310941032136,6.51363113498336,316.765008678998,4.9549798,-74.0187645,2025-11-07 21:47:40.460985,False,1,,partial_start,,,,,1180,
2025-11-07 21:47:41.462817,24.157647359999995,15.06050367359994,48.56753716360973,6.70900459730826,325.839830110597,4.955041,-74.01878716,2025-11-07 21:47:41.462817,False,1,,partial_start,,,,,1181,
2025-11-07 21:47:42.463974,32.21019648,15.069450950399942,48.54412144901884,6.99435268044068,339.534705976583,4.9550971,-74.01882116,2025-11-07 21:47:42.463974,False,1,,partial_start,,,,,1182,
2025-11-07 21:47:43.465055,24.157647359999995,15.076161407999942,48.41366246772668,8.7064411792352,421.510704546609,4.9551463,-74.01886283,2025-11-07 21:47:43.465055,False,1,,partial_start,,,,,1183,
2025-11-07 21:47:44.466202,24.157647359999995,15.082871865599945,48.457148794824064,7.67301839167455,371.812593910795,4.9551883,-74.01890866,2025-11-07 21:47:44.466202,False,1,,partial_start,,,,,1184,
2025-11-07 21:47:45.467376,24.157647359999995,15.089582323199943,48.39024675313578,8.39795676503799,406.379200082354,4.9552223,-74.0189585,2025-11-07 21:47:45.467376,False,1,,partial_start,,,,,1185,
2025-11-07 21:47:46.470852,24.157647359999995,15.096292780799944,48.393591855220194,8.36453762016663,404.790019647978,4.9552508,-74.01901116,2025-11-07 21:47:46.470852,False,1,,partial_start,,,,,1186,
2025-11-07 21:47:47.472516,32.21019648,15.105240057599945,48.343415323953984,9.16916780053102,443.268887156096,4.9552711,-74.01906466,2025-11-07 21:47:47.472516,False,1,,partial_start,,,,,1187,
2025-11-07 21:47:48.473888,24.157647359999995,15.111950515199943,48.27316818018129,8.99178926236762,434.06215530302,4.9552838,-74.019119,2025-11-07 21:47:48.473888,False,1,,partial_start,,,,,1188,
2025-11-07 21:47:49.475271,24.157647359999995,15.118660972799946,48.28654858851894,8.96351152439954,432.817034746668,4.9552905,-74.01917616,2025-11-07 21:47:49.475271,False,1,,partial_start,,,,,1189,
2025-11-07 21:47:50.476623,24.157647359999995,15.125371430399946,48.23971715933715,9.97379798089541,481.133193602762,4.9552911,-74.01923183,2025-11-07 21:47:50.476623,False,1,,partial_start,,,,,1190,
2025-11-07 21:47:51.477990,24.157647359999995,15.132081887999949,48.1828504239021,10.0663433051545,485.025113787911,4.9552881,-74.0192885,2025-11-07 21:47:51.477990,False,1,,partial_start,,,,,1191,
2025-11-07 21:47:52.479307,24.157647359999995,15.138792345599947,48.18954062807093,9.95066164983062,479.5178138507,4.955283,-74.0193465,2025-11-07 21:47:52.479307,False,1,,partial_start,,,,,1192,
2025-11-07 21:47:53.480942,16.10509824,15.143265983999948,48.1828504239021,9.71415693227942,468.055770462331,4.955275,-74.01940266,2025-11-07 21:47:53.480942,False,1,,partial_start,,,,,1193,
2025-11-07 21:47:54.482428,24.157647359999995,15.149976441599948,48.65785491988891,4.83753248451185,235.383953801627,4.9552645,-74.01945833,2025-11-07 21:47:54.482428,False,1,,partial_start,,,,,1194,
2025-11-07 21:47:55.483552,24.157647359999995,15.156686899199949,48.50063512192145,6.38252525894955,309.556528740759,4.9552535,-74.019513,2025-11-07 21:47:55.483552,False,1,,partial_start,,,,,1195,
2025-11-07 21:47:56.484751,24.157647359999995,15.16339735679995,48.43373308023316,7.25913513595995,351.587013568426,4.9552406,-74.01956566,2025-11-07 21:47:56.484751,False,1,,partial_start,,,,,1196,
2025-11-07 21:47:57.485979,24.157647359999995,15.17010781439995,48.41366246772668,7.65502346751305,370.607722338703,4.9552281,-74.01961716,2025-11-07 21:47:57.485979,False,1,,partial_start,,,,,1197,
2025-11-07 21:47:58.487453,16.10509824,15.17458145279995,48.41031736564227,7.5342004052858,364.733032716236,4.9552148,-74.01966816,2025-11-07 21:47:58.487453,False,1,,partial_start,,,,,1198,
2025-11-07 21:47:59.488888,24.157647359999995,15.18129191039995,48.41031736564227,7.70386683309427,372.946638332739,4.955202,-74.019719,2025-11-07 21:47:59.488888,False,1,,partial_start,,,,,1199,
2025-11-07 21:48:00.490264,24.157647359999995,15.188002367999951,48.38021144688254,7.84011411603137,379.306378701286,4.9551896,-74.019769,2025-11-07 21:48:00.490264,False,1,,partial_start,,,,,1200,
2025-11-07 21:48:01.491758,16.10509824,15.192476006399952,47.32984939237648,19.3568655793939,916.157532581189,4.9551768,-74.01981833,2025-11-07 21:48:01.491758,False,1,,partial_start,,,,,1201,
2025-11-07 21:48:02.493092,24.157647359999995,15.199186463999952,47.36330041322062,19.7681781316568,936.286159471721,4.9551621,-74.01987066,2025-11-07 21:48:02.493092,False,1,,partial_start,,,,,1202,
2025-11-07 21:48:03.494560,24.157647359999995,15.205896921599953,47.68443021332438,14.0020902896206,667.681697256083,4.9551488,-74.01992483,2025-11-07 21:48:03.494560,False,1,,partial_start,,,,,1203,
2025-11-07 21:48:04.495955,32.21019648,15.214844198399954,47.2161159215064,18.9404116202276,894.292670661716,4.9551328,-74.01998299,2025-11-07 21:48:04.495955,False,1,,partial_start,,,,,1204,
2025-11-07 21:48:05.497349,24.157647359999995,15.221554655999954,47.60414776329845,14.2643020416882,679.039942132848,4.9551178,-74.02004233,2025-11-07 21:48:05.497349,False,1,,partial_start,,,,,1205,
2025-11-07 21:48:06.498705,24.157647359999995,15.228265113599956,47.60414776329845,14.2643020416882,679.039942132848,4.9551066,-74.0201,2025-11-07 21:48:06.498705,False,1,,partial_start,,,,,1206,
2025-11-07 21:48:07.500009,24.157647359999995,15.234975571199955,48.01559531968139,9.98151009125034,479.268149220792,4.9550913,-74.0201605,2025-11-07 21:48:07.500009,False,1,,partial_start,,,,,1207,
2025-11-07 21:48:08.501365,32.21019648,15.243922847999956,48.97898471999268,0.248826823328343,12.1872851777232,4.955076,-74.02021783,2025-11-07 21:48:08.501365,False,1,,partial_start,,,,,1208,
2025-11-07 21:48:09.502890,16.10509824,15.248396486399956,48.614368592791536,4.42107852534562,214.927941008827,4.9550605,-74.02027233,2025-11-07 21:48:09.502890,False,1,,partial_start,,,,,1209,
2025-11-07 21:48:10.504078,24.157647359999995,15.255106943999955,48.22633675099949,8.51877982726523,410.829544657314,4.9550453,-74.02032616,2025-11-07 21:48:10.504078,False,1,,partial_start,,,,,1210,
2025-11-07 21:48:11.505936,24.157647359999995,15.261817401599956,48.22299164891507,7.93523014374217,382.660536953898,4.9550293,-74.02038016,2025-11-07 21:48:11.505936,False,1,,partial_start,,,,,1211,
2025-11-07 21:48:12.507101,24.157647359999995,15.268527859199958,48.27985838435011,7.85553833674123,379.264278430699,4.9550133,-74.02043433,2025-11-07 21:48:12.507101,False,1,,partial_start,,,,,1212,
2025-11-07 21:48:13.508498,24.157647359999995,15.27523831679996,48.18619552598651,8.76042595171971,422.131597800492,4.954997,-74.0204875,2025-11-07 21:48:13.508498,False,1,,partial_start,,,,,1213,
2025-11-07 21:48:14.509940,24.157647359999995,15.28194877439996,48.13936409680472,8.79641580004272,423.453862945142,4.9549801,-74.0205405,2025-11-07 21:48:14.509940,False,1,,partial_start,,,,,1214,
2025-11-07 21:48:15.511284,24.157647359999995,15.28865923199996,48.24640736350597,7.73728597796563,373.296251180872,4.954967,-74.020592,2025-11-07 21:48:15.511284,False,1,,partial_start,,,,,1215,
2025-11-07 21:48:16.512760,16.10509824,15.29313287039996,48.29323879268777,7.54448321909237,364.347529667053,4.9549543,-74.020642,2025-11-07 21:48:16.512760,False,1,,partial_start,,,,,1216,
2025-11-07 21:48:17.514139,24.157647359999995,15.29984332799996,48.34007022186957,6.69615108005004,323.692413425867,4.9549406,-74.02069149,2025-11-07 21:48:17.514139,False,1,,partial_start,,,,,1217,
2025-11-07 21:48:18.515754,24.157647359999995,15.30655378559996,48.085842463454085,9.64988934598834,464.023058880959,4.9549278,-74.02073999,2025-11-07 21:48:18.515754,False,1,,partial_start,,,,,1218,
2025-11-07 21:48:19.517213,24.157647359999995,15.313264243199962,48.520705734427935,4.97635047090059,241.456036829949,4.9549116,-74.02078783,2025-11-07 21:48:19.517213,False,1,,partial_start,,,,,1219,
2025-11-07 21:48:20.518605,16.10509824,15.317737881599962,48.14939940305796,8.68587555162205,418.219691100306,4.9548926,-74.0208345,2025-11-07 21:48:20.518605,False,1,,partial_start,,,,,1220,
2025-11-07 21:48:21.519998,24.157647359999995,15.324448339199964,48.30996430310984,7.02777182531205,339.511406011226,4.9548673,-74.02087883,2025-11-07 21:48:21.519998,False,1,,partial_start,,,,,1221,
2025-11-07 21:48:22.521577,24.157647359999995,15.331158796799963,48.41031736564227,6.09203576891384,294.917384975963,4.9548383,-74.02091983,2025-11-07 21:48:22.521577,False,1,,partial_start,,,,,1222,
2025-11-07 21:48:23.523118,16.10509824,15.335632435199964,48.53074104068117,4.86838092593157,236.266134003776,4.9548011,-74.020955,2025-11-07 21:48:23.523118,False,1,,partial_start,,,,,1223,
2025-11-07 21:48:24.524640,24.157647359999995,15.342342892799964,49.005745536668,0.192271347392193,9.4224007242941,4.9547618,-74.0209875,2025-11-07 21:48:24.524640,False,1,,partial_start,,,,,1224,
2025-11-07 21:48:25.526189,24.157647359999995,15.349053350399965,48.77493349284342,2.81695957152012,137.397015752922,4.95472,-74.021018,2025-11-07 21:48:25.526189,False,1,,partial_start,,,,,1225,
2025-11-07 21:48:26.527676,16.10509824,15.353526988799963,48.14270919888913,9.24885960753197,445.265158506763,4.9546783,-74.02104433,2025-11-07 21:48:26.527676,False,1,,partial_start,,,,,1226,
2025-11-07 21:48:27.529176,24.157647359999995,15.360237446399966,48.86859635120701,1.0868761485641,53.1141117879335,4.9546288,-74.02106766,2025-11-07 21:48:27.529176,False,1,,partial_start,,,,,1227,
2025-11-07 21:48:28.530688,24.157647359999995,15.366947903999966,47.18601000274667,17.575368087405,829.311494374247,4.9545753,-74.0210825,2025-11-07 21:48:28.530688,False,1,,partial_start,,,,,1228,
2025-11-07 21:48:29.532182,32.21019648,15.375895180799969,47.14252367564929,18.8478662959685,888.535983093167,4.9545113,-74.02109216,2025-11-07 21:48:29.532182,False,1,,partial_start,,,,,1229,
2025-11-07 21:48:30.533712,32.21019648,15.384842457599968,46.97526857142858,18.3568619367046,862.318519605333,4.9544395,-74.02109133,2025-11-07 21:48:30.533712,False,1,,partial_start,,,,,1230,
2025-11-07 21:48:31.535139,32.21019648,15.393789734399968,47.22949632984405,18.6396393163853,880.34077668284,4.9543619,-74.02107383,2025-11-07 21:48:31.535139,False,1,,partial_start,,,,,1231,
2025-11-07 21:48:32.536621,40.2627456,15.404973830399967,47.15590408398694,18.2977357573168,862.846272326169,4.9542801,-74.0210425,2025-11-07 21:48:32.536621,False,1,,partial_start,,,,,1232,
2025-11-07 21:48:33.540305,40.2627456,15.416157926399968,48.27985838435011,5.18457745048371,250.310665092048,4.9542066,-74.020988,2025-11-07 21:48:33.540305,False,1,,partial_start,,,,,1233,
2025-11-07 21:48:34.541702,32.21019648,15.425105203199967,48.83849043244729,0.708982741172519,34.6256468215243,4.9541383,-74.0209225,2025-11-07 21:48:34.541702,False,1,,partial_start,,,,,1234,
2025-11-07 21:48:35.542641,40.2627456,15.436289299199968,48.92546308664205,0.0457412506485113,2.23791187014058,4.954085,-74.02085066,2025-11-07 21:48:35.542641,False,1,,partial_start,,,,,1235,
2025-11-07 21:48:36.543806,40.2627456,15.447473395199966,48.95556900540178,0.0997260231330301,4.88214420712335,4.9540581,-74.020759,2025-11-07 21:48:36.543806,False,1,,partial_start,,,,,1236,
2025-11-07 21:48:37.544971,40.2627456,15.458657491199965,48.9823298220771,0.068877581713302,3.37378442482802,4.9540476,-74.02066566,2025-11-07 21:48:37.544971,False,1,,partial_start,,,,,1237,
2025-11-07 21:48:38.546412,40.2627456,15.469841587199964,49.00240043458358,0.0611654713583789,2.99725492027333,4.9540538,-74.02057383,2025-11-07 21:48:38.546412,False,1,,partial_start,,,,,1238,
2025-11-07 21:48:39.547975,40.2627456,15.481025683199965,49.01912594500565,0.0611654713583789,2.99827794400201,4.9540753,-74.02048416,2025-11-07 21:48:39.547975,False,1,,partial_start,,,,,1239,
2025-11-07 21:48:40.549458,32.21019648,15.489972959999964,49.0325063533433,0.0611654713583789,2.99909636298495,4.9541085,-74.02039883,2025-11-07 21:48:40.549458,False,1,,partial_start,,,,,1240,
2025-11-07 21:48:41.550887,40.2627456,15.501157055999965,49.04588676168097,0.0663068782616633,3.2520796427421,4.9541453,-74.02031366,2025-11-07 21:48:41.550887,False,1,,partial_start,,,,,1241,
2025-11-07 21:48:42.552359,40.2627456,15.512341151999962,49.06261227210303,0.0637361748100175,3.12706323241087,4.9541845,-74.02022833,2025-11-07 21:48:42.552359,False,1,,partial_start,,,,,1242,
2025-11-07 21:48:43.553760,40.2627456,15.52352524799996,49.07264757835628,0.0585947679067331,2.87540039542269,4.954223,-74.0201415,2025-11-07 21:48:43.553760,False,1,,partial_start,,,,,1243,
2025-11-07 21:48:44.555261,40.2627456,15.53470934399996,49.08268288460952,0.068877581713302,3.38069650109278,4.9542616,-74.02005299,2025-11-07 21:48:44.555261,False,1,,partial_start,,,,,1244,
2025-11-07 21:48:45.556651,40.2627456,15.54589343999996,49.09271819086276,0.0663068782616633,3.25518488861568,4.9543038,-74.01996533,2025-11-07 21:48:45.556651,False,1,,partial_start,,,,,1245,
2025-11-07 21:48:46.558136,40.2627456,15.55707753599996,48.958914107486194,2.13315245338297,104.43682774335,4.9543418,-74.01987483,2025-11-07 21:48:46.558136,False,1,,partial_start,,,,,1246,
2025-11-07 21:48:47.559641,40.2627456,15.568261631999958,48.28989369060336,8.81698142765587,425.771095813526,4.9543826,-74.01978366,2025-11-07 21:48:47.559641,False,1,,partial_start,,,,,1247,
2025-11-07 21:48:48.561124,48.31529471999999,15.581682547199955,49.00909063875241,0.649856561784723,31.8488791386955,4.9544238,-74.01969,2025-11-07 21:48:48.561124,False,1,,partial_start,,,,,1248,
2025-11-07 21:48:49.562818,40.2627456,15.592866643199956,49.08268288460952,0.0560240644550944,2.74981138955632,4.9544671,-74.019594,2025-11-07 21:48:49.562818,False,1,,partial_start,,,,,1249,
2025-11-07 21:48:50.564375,48.31529471999999,15.606287558399956,49.102753497116,0.0714482851649478,3.50830753424608,4.9545163,-74.01950033,2025-11-07 21:48:50.564375,False,1,,partial_start,,,,,1250,
2025-11-07 21:48:51.565818,40.2627456,15.617471654399957,49.11613390545367,0.0508826575518028,2.49915942177969,4.95458,-74.01942383,2025-11-07 21:48:51.565818,False,1,,partial_start,,,,,1251,
2025-11-07 21:48:52.567324,40.2627456,15.628655750399954,49.1261692117069,0.0405998437452268,1.99451479379687,4.9546543,-74.01936683,2025-11-07 21:48:52.567324,False,1,,partial_start,,,,,1252,
2025-11-07 21:48:53.568824,32.21019648,15.637603027199956,49.13620451796015,0.0328877333902966,1.61597839399776,4.9547403,-74.01933483,2025-11-07 21:48:53.568824,False,1,,partial_start,,,,,1253,
2025-11-07 21:48:54.570285,40.2627456,15.648787123199954,49.14623982421339,0.0251756230353734,1.23728720742045,4.9548225,-74.01933516,2025-11-07 21:48:54.570285,False,1,,partial_start,,,,,1254,
2025-11-07 21:48:55.571871,32.21019648,15.657734399999956,49.005745536668,1.31052734885708,64.2233697769344,4.9548895,-74.01936766,2025-11-07 21:48:55.571871,False,1,,partial_start,,,,,1255,
2025-11-07 21:48:56.573320,24.157647359999995,15.664444857599957,47.13917857356487,18.9764014685506,894.531977509669,4.9549291,-74.01942833,2025-11-07 21:48:56.573320,False,1,,partial_start,,,,,1256,
2025-11-07 21:48:57.574826,32.21019648,15.673392134399956,47.41682204657125,17.4802520596942,828.85800124373,4.9549365,-74.0194975,2025-11-07 21:48:57.574826,False,1,,partial_start,,,,,1257,
2025-11-07 21:48:58.576262,32.21019648,15.682339411199957,47.306433677785584,16.3465718375194,773.298016490771,4.954917,-74.01956383,2025-11-07 21:48:58.576262,False,1,,partial_start,,,,,1258,
2025-11-07 21:48:59.577548,32.21019648,15.691286687999956,47.276327759025854,16.9738234797204,802.460042151112,4.9548816,-74.0196295,2025-11-07 21:48:59.577548,False,1,,partial_start,,,,,1259,
2025-11-07 21:49:00.579028,32.21019648,15.700233964799958,46.97861367351299,18.0303825983459,847.042378473323,4.9548305,-74.01968733,2025-11-07 21:49:00.579028,False,1,,partial_start,,,,,1260,
2025-11-07 21:49:01.580530,32.21019648,15.70918124159996,47.1224530631428,17.4082723630481,820.320497338144,4.9547688,-74.0197345,2025-11-07 21:49:01.580530,False,1,,partial_start,,,,,1261,
2025-11-07 21:49:02.582041,32.21019648,15.71812851839996,47.10238245063632,18.6447807232886,878.213592336594,4.9546983,-74.01977449,2025-11-07 21:49:02.582041,False,1,,partial_start,,,,,1262,
2025-11-07 21:49:03.583502,40.2627456,15.72931261439996,47.10238245063632,18.6447807232886,878.213592336594,4.9546309,-74.01981733,2025-11-07 21:49:03.583502,False,1,,partial_start,,,,,1263,
2025-11-07 21:49:04.585019,32.21019648,15.73825989119996,47.078966736045416,18.4108467091891,866.763639804345,4.954565,-74.01986816,2025-11-07 21:49:04.585019,False,1,,partial_start,,,,,1264,
2025-11-07 21:49:05.586570,40.2627456,15.74944398719996,47.00871959227272,17.8401505429242,838.642634356259,4.9545028,-74.01992816,2025-11-07 21:49:05.586570,False,1,,partial_start,,,,,1265,
2025-11-07 21:49:06.588029,32.21019648,15.75839126399996,47.015409796441546,18.1409228467665,852.902921726359,4.9544496,-74.01999916,2025-11-07 21:49:06.588029,False,1,,partial_start,,,,,1266,
2025-11-07 21:49:07.588952,40.2627456,15.769575359999958,47.05889612353893,17.1563434247871,807.358583086817,4.9544058,-74.02007666,2025-11-07 21:49:07.588952,False,1,,partial_start,,,,,1267,
2025-11-07 21:49:08.590118,40.2627456,15.780759455999958,47.04217061311686,18.4159881160924,866.328054966351,4.9543649,-74.0201575,2025-11-07 21:49:08.590118,False,1,,partial_start,,,,,1268,
2025-11-07 21:49:09.591352,40.2627456,15.791943551999957,47.10238245063632,17.20775749382,810.526374591712,4.9543261,-74.0202395,2025-11-07 21:49:09.591352,False,1,,partial_start,,,,,1269,
2025-11-07 21:49:10.593174,32.21019648,15.800890828799956,47.22615122775964,15.989244057741,755.110457888434,4.9542865,-74.02032266,2025-11-07 21:49:10.593174,False,1,,partial_start,,,,,1270,
2025-11-07 21:49:11.594340,40.2627456,15.812074924799957,47.22949632984405,15.4185478914761,728.210251051999,4.9542471,-74.02040833,2025-11-07 21:49:11.594340,False,1,,partial_start,,,,,1271,
2025-11-07 21:49:12.595414,40.2627456,15.823259020799956,47.19939041108433,15.4879568846705,731.022123669606,4.9542111,-74.02049583,2025-11-07 21:49:12.595414,False,1,,partial_start,,,,,1272,
2025-11-07 21:49:13.596579,40.2627456,15.834443116799957,47.17931979857784,16.1974710373241,764.185665998117,4.9541883,-74.02058749,2025-11-07 21:49:13.596579,False,1,,partial_start,,,,,1273,
2025-11-07 21:49:14.597539,40.2627456,15.845627212799954,47.0287902047792,17.3465754802087,815.788459030104,4.9541808,-74.02067866,2025-11-07 21:49:14.597539,False,1,,partial_start,,,,,1274,
2025-11-07 21:49:15.599227,40.2627456,15.856811308799951,47.00202938810389,17.8967060188604,841.181502248734,4.9541925,-74.02076833,2025-11-07 21:49:15.599227,False,1,,partial_start,,,,,1275,
2025-11-07 21:49:16.600737,32.21019648,15.865758585599954,46.94850775475326,18.3568619367046,861.827274988311,4.9542295,-74.02085066,2025-11-07 21:49:16.600737,False,1,,partial_start,,,,,1276,
2025-11-07 21:49:17.602285,40.2627456,15.876942681599951,47.20608061525316,14.9198314218573,704.306764866185,4.9542961,-74.020914,2025-11-07 21:49:17.602285,False,1,,partial_start,,,,,1277,
2025-11-07 21:49:18.603727,40.2627456,15.888126777599952,46.95185285683768,17.4648278389843,820.006026865995,4.9543806,-74.02094083,2025-11-07 21:49:18.603727,False,1,,partial_start,,,,,1278,
2025-11-07 21:49:19.605099,40.2627456,15.899310873599951,47.10572755272073,15.8298604437391,745.677093260366,4.9544686,-74.02091883,2025-11-07 21:49:19.605099,False,1,,partial_start,,,,,1279,
2025-11-07 21:49:20.606409,32.21019648,15.908258150399952,47.10238245063632,15.8144362230292,744.897623218321,4.9545401,-74.02086733,2025-11-07 21:49:20.606409,False,1,,partial_start,,,,,1280,
2025-11-07 21:49:21.609102,40.2627456,15.919442246399951,47.29305326944792,13.7116007995849,648.463467024175,4.9546018,-74.02080116,2025-11-07 21:49:21.609102,False,1,,partial_start,,,,,1281,
2025-11-07 21:49:22.610501,40.2627456,15.93062634239995,47.500449598681605,11.8015681350138,560.579792382634,4.9546633,-74.02072783,2025-11-07 21:49:22.610501,False,1,,partial_start,,,,,1282,
2025-11-07 21:49:23.611962,48.31529471999999,15.94404725759995,47.69112041749321,9.33883422833948,445.379467742745,4.9547263,-74.02065116,2025-11-07 21:49:23.611962,False,1,,partial_start,,,,,1283,
2025-11-07 21:49:24.613455,40.2627456,15.955231353599949,47.7814381737724,9.11261232459486,435.413722389185,4.9547823,-74.02057283,2025-11-07 21:49:24.613455,False,1,,partial_start,,,,,1284,
2025-11-07 21:49:25.614748,40.2627456,15.966415449599948,47.88179123630482,8.08433094393749,387.092246542814,4.9548321,-74.02048366,2025-11-07 21:49:25.614748,False,1,,partial_start,,,,,1285,
2025-11-07 21:49:26.616202,48.31529471999999,15.979836364799947,48.07915225928526,6.05604592059083,291.16955390531,4.9548683,-74.02039466,2025-11-07 21:49:26.616202,False,1,,partial_start,,,,,1286,
2025-11-07 21:49:27.617699,40.2627456,15.991020460799946,48.18619552598651,4.30282616657002,207.336822976674,4.9549021,-74.02029583,2025-11-07 21:49:27.617699,False,1,,partial_start,,,,,1287,
2025-11-07 21:49:28.619139,48.31529471999999,16.004441375999946,48.41031736564227,3.24626704794457,157.152818044623,4.9549308,-74.02019366,2025-11-07 21:49:28.619139,False,1,,partial_start,,,,,1288,
2025-11-07 21:49:29.620510,40.2627456,16.015625471999947,48.54077634693442,1.87865281167027,91.1912659648265,4.9549611,-74.02008816,2025-11-07 21:49:29.620510,False,1,,partial_start,,,,,1289,
2025-11-07 21:49:30.621868,48.31529471999999,16.029046387199948,48.57757246986298,1.20255780388805,58.4173388675712,4.9549938,-74.019982,2025-11-07 21:49:30.621868,False,1,,partial_start,,,,,1290,
2025-11-07 21:49:31.623322,48.31529471999999,16.04246730239995,48.66789022614216,1.23597694875942,60.1523904642656,4.9550246,-74.01987566,2025-11-07 21:49:31.623322,False,1,,partial_start,,,,,1291,
2025-11-07 21:49:32.624905,40.2627456,16.05365139839995,48.78831390118107,0.0663068782616633,3.23500079043743,4.9550543,-74.01977083,2025-11-07 21:49:32.624905,False,1,,partial_start,,,,,1292,
2025-11-07 21:49:33.626409,48.31529471999999,16.06707231359995,48.80838451368756,0.0843018024231696,4.11463478786698,4.9550845,-74.0196665,2025-11-07 21:49:33.626409,False,1,,partial_start,,,,,1293,
2025-11-07 21:49:34.627856,40.2627456,16.078256409599952,48.82845512619404,0.0585947679067331,2.86109199536367,4.9551111,-74.019565,2025-11-07 21:49:34.627856,False,1,,partial_start,,,,,1294,
2025-11-07 21:49:35.629279,40.2627456,16.089440505599953,48.845180636616114,0.068877581713302,3.36433792059952,4.9551311,-74.01946766,2025-11-07 21:49:35.629279,False,1,,partial_start,,,,,1295,
2025-11-07 21:49:36.630829,40.2627456,16.100624601599954,48.85856104495377,0.0637361748100175,3.11405778772708,4.9551375,-74.01937616,2025-11-07 21:49:36.630829,False,1,,partial_start,,,,,1296,
2025-11-07 21:49:37.632353,32.21019648,16.109571878399954,48.87194145329143,0.0740189886165936,3.617451678102,4.95512,-74.01929116,2025-11-07 21:49:37.632353,False,1,,partial_start,,,,,1297,
2025-11-07 21:49:38.633684,32.21019648,16.118519155199955,48.88532186162908,0.068877581713302,3.36710275110542,4.9550781,-74.01921716,2025-11-07 21:49:38.633684,False,1,,partial_start,,,,,1298,
2025-11-07 21:49:39.635046,40.2627456,16.129703251199956,48.89870226996673,0.068877581713302,3.36802436127406,4.9550143,-74.0191695,2025-11-07 21:49:39.635046,False,1,,partial_start,,,,,1299,
2025-11-07 21:49:40.636386,32.21019648,16.138650527999957,48.9120826783044,0.0560240644550944,2.74025367260223,4.9549363,-74.01915366,2025-11-07 21:49:40.636386,False,1,,partial_start,,,,,1300,
2025-11-07 21:49:41.638002,32.21019648,16.147597804799958,48.92211798455764,0.0560240644550944,2.74081589124659,4.9548538,-74.019166,2025-11-07 21:49:41.638002,False,1,,partial_start,,,,,1301,
2025-11-07 21:49:42.639643,40.2627456,16.15878190079996,48.93549839289529,0.0585947679067331,2.86736417073201,4.9547731,-74.01918383,2025-11-07 21:49:42.639643,False,1,,partial_start,,,,,1302,
2025-11-07 21:49:43.641266,24.157647359999995,16.16549235839996,48.94218859706413,0.0740189886165936,3.62265130063726,4.9546968,-74.01919166,2025-11-07 21:49:43.641266,False,1,,partial_start,,,,,1303,
2025-11-07 21:49:44.642456,32.21019648,16.17443963519996,48.95222390331737,0.0765896920682394,3.74923575481058,4.9546275,-74.01918016,2025-11-07 21:49:44.642456,False,1,,partial_start,,,,,1304,
2025-11-07 21:49:45.644415,32.21019648,16.18338691199996,48.86859635120701,0.922351127658927,45.0740049516447,4.9545723,-74.019144,2025-11-07 21:49:45.644415,False,1,,partial_start,,,,,1305,
2025-11-07 21:49:46.646160,24.157647359999995,16.19009736959996,47.29305326944792,16.6344906241035,786.695851195859,4.9545305,-74.019092,2025-11-07 21:49:46.646160,False,1,,partial_start,,,,,1306,
2025-11-07 21:49:47.651639,32.21019648,16.199044646399962,47.35995531113621,15.433972112186,730.952229506453,4.9545131,-74.01901966,2025-11-07 21:49:47.651639,False,1,,partial_start,,,,,1307,
2025-11-07 21:49:48.653131,32.21019648,16.207991923199963,48.83180022827845,0.361937775200658,17.6740731336661,4.9545228,-74.01894033,2025-11-07 21:49:48.653131,False,1,,partial_start,,,,,1308,
2025-11-07 21:49:49.654584,40.2627456,16.219176019199963,47.42351225074008,15.7218908987701,745.587285642623,4.9545613,-74.01886983,2025-11-07 21:49:49.654584,False,1,,partial_start,,,,,1309,
2025-11-07 21:49:50.655818,32.21019648,16.228123295999964,48.06242674886319,8.28741651661732,398.313349267239,4.9546185,-74.018812,2025-11-07 21:49:50.655818,False,1,,partial_start,,,,,1310,
2025-11-07 21:49:51.657144,32.21019648,16.237070572799965,48.24306226142156,6.13059632068849,295.758739998617,4.9546865,-74.01877,2025-11-07 21:49:51.657144,False,1,,partial_start,,,,,1311,
2025-11-07 21:49:52.658445,32.21019648,16.246017849599966,48.83180022827845,0.403069030426948,19.6825863720146,4.9547631,-74.018745,2025-11-07 21:49:52.658445,False,1,,partial_start,,,,,1312,
2025-11-07 21:49:53.659892,40.2627456,16.257201945599967,48.85521594286936,0.441629582201606,21.5759086052186,4.9548383,-74.01873616,2025-11-07 21:49:53.659892,False,1,,partial_start,,,,,1313,
2025-11-07 21:49:54.661435,24.157647359999995,16.263912403199967,48.711376553239546,2.0226122049623,98.524224737097,4.954911,-74.01874199,2025-11-07 21:49:54.661435,False,1,,partial_start,,,,,1314,
2025-11-07 21:49:55.662764,32.21019648,16.272859679999968,48.87194145329143,0.426205361491739,20.8294834739031,4.954979,-74.018757,2025-11-07 21:49:55.662764,False,1,,partial_start,,,,,1315,
2025-11-07 21:49:56.664201,24.157647359999995,16.27957013759997,47.17262959440902,17.3028735215308,816.22204355008,4.9550403,-74.0187805,2025-11-07 21:49:56.664201,False,1,,partial_start,,,,,1316,
2025-11-07 21:49:57.665622,32.21019648,16.28851741439997,47.64763409039583,12.8427030329294,611.92441484464,4.9550976,-74.01881033,2025-11-07 21:49:57.665622,False,1,,partial_start,,,,,1317,
2025-11-07 21:49:58.667035,24.157647359999995,16.29522787199997,48.87194145329143,-0.0288091494491453,-1.40795906519775,4.9551501,-74.01885333,2025-11-07 21:49:58.667035,False,1,,partial_start,,,,,1318,negative_current;negative_power
2025-11-07 21:49:59.668510,24.157647359999995,16.30193832959997,48.89870226996673,0.0534533610034486,2.61379998503668,4.9551925,-74.01889999,2025-11-07 21:49:59.668510,False,1,,partial_start,,,,,1319,
2025-11-07 21:50:00.670238,24.157647359999995,16.30864878719997,48.878631657460254,0.359367071749019,17.5653707298404,4.9552255,-74.01894583,2025-11-07 21:50:00.670238,False,1,,partial_start,,,,,1320,
2025-11-07 21:50:01.672695,24.157647359999995,16.31535924479997,48.878631657460254,0.359367071749019,17.5653707298404,4.9552511,-74.01898983,2025-11-07 21:50:01.672695,False,1,,partial_start,,,,,1321,
2025-11-07 21:50:02.674001,16.10509824,16.31983288319997,48.73813736991486,1.79639030121769,87.5527172707305,4.9552713,-74.019036,2025-11-07 21:50:02.674001,False,1,,partial_start,,,,,1322,
2025-11-07 21:50:03.675166,24.157647359999995,16.326543340799972,47.94534817590869,9.76814170476393,468.336955066521,4.9552848,-74.01908383,2025-11-07 21:50:03.675166,False,1,,partial_start,,,,,1323,
2025-11-07 21:50:04.676982,24.157647359999995,16.333253798399973,47.841650011291854,10.4262417883846,498.808610573004,4.9552926,-74.01913466,2025-11-07 21:50:04.676982,False,1,,partial_start,,,,,1324,
2025-11-07 21:50:05.678161,24.157647359999995,16.339964255999973,48.09253266762291,7.7295738676107,371.734783734872,4.9552958,-74.01918566,2025-11-07 21:50:05.678161,False,1,,partial_start,,,,,1325,
2025-11-07 21:50:06.679316,16.10509824,16.344437894399974,48.07915225928526,7.92751803338724,381.148346565455,4.955296,-74.01923616,2025-11-07 21:50:06.679316,False,1,,partial_start,,,,,1326,
2025-11-07 21:50:07.680473,24.157647359999995,16.351148351999974,48.71472165532396,1.36451212134159,66.4718281864712,4.955292,-74.0192835,2025-11-07 21:50:07.680473,False,1,,partial_start,,,,,1327,
2025-11-07 21:50:08.682285,16.10509824,16.355621990399975,48.02563062593463,8.67302203436384,416.527352632949,4.9552873,-74.01933099,2025-11-07 21:50:08.682285,False,1,,partial_start,,,,,1328,
2025-11-07 21:50:09.683417,24.157647359999995,16.362332447999975,48.697996144901886,1.93777899105807,94.3659538362179,4.9552818,-74.01937716,2025-11-07 21:50:09.683417,False,1,,partial_start,,,,,1329,
2025-11-07 21:50:10.684621,16.10509824,16.366806086399976,48.03232083010346,8.98407715201269,431.526076127875,4.9552733,-74.01942266,2025-11-07 21:50:10.684621,False,1,,partial_start,,,,,1330,
2025-11-07 21:50:11.685771,16.10509824,16.371279724799976,48.04235613635671,8.29512862697225,398.517523693888,4.9552613,-74.01946916,2025-11-07 21:50:11.685771,False,1,,partial_start,,,,,1331,
2025-11-07 21:50:12.686916,24.157647359999995,16.377990182399977,48.01559531968139,8.48536068239387,407.429644667359,4.9552513,-74.0195135,2025-11-07 21:50:12.686916,False,1,,partial_start,,,,,1332,
2025-11-07 21:50:13.688690,16.10509824,16.382463820799977,48.018940421765805,8.57276459974974,411.655072565206,4.9552405,-74.0195575,2025-11-07 21:50:13.688690,False,1,,partial_start,,,,,1333,
2025-11-07 21:50:14.690020,24.157647359999995,16.389174278399977,48.03566593218788,8.37739113742484,402.413562060611,4.9552295,-74.01960216,2025-11-07 21:50:14.690020,False,1,,partial_start,,,,,1334,
2025-11-07 21:50:15.691437,16.10509824,16.393647916799978,47.85503041962951,9.78613662892544,468.315866067877,4.9552174,-74.01964666,2025-11-07 21:50:15.691437,False,1,,partial_start,,,,,1335,
2025-11-07 21:50:16.693110,16.10509824,16.398121555199978,47.94200307382428,9.0380619244972,433.302792565659,4.9552045,-74.01969266,2025-11-07 21:50:16.693110,False,1,,partial_start,,,,,1336,
2025-11-07 21:50:17.694446,24.157647359999995,16.40483201279998,47.95203838007752,8.94551660023804,428.955755344235,4.9551931,-74.01973833,2025-11-07 21:50:17.694446,False,1,,partial_start,,,,,1337,
2025-11-07 21:50:18.695939,24.157647359999995,16.41154247039998,47.89517164464248,9.47251080782494,453.687531046506,4.9551826,-74.01978433,2025-11-07 21:50:18.695939,False,1,,partial_start,,,,,1338,
2025-11-07 21:50:19.697113,16.10509824,16.41601610879998,47.8516853175451,9.6241823114719,460.533343407237,4.9551698,-74.01983233,2025-11-07 21:50:19.697113,False,1,,partial_start,,,,,1339,
2025-11-07 21:50:20.698463,24.157647359999995,16.42272656639998,47.92527756340221,8.64988570329904,414.548173222311,4.9551586,-74.01988066,2025-11-07 21:50:20.698463,False,1,,partial_start,,,,,1340,
2025-11-07 21:50:21.700020,16.10509824,16.42720020479998,47.935312869655455,8.65502711020233,414.881432422898,4.9551463,-74.01992866,2025-11-07 21:50:21.700020,False,1,,partial_start,,,,,1341,
2025-11-07 21:50:22.701630,24.157647359999995,16.43391066239998,47.91858735923338,8.98921855891598,430.750654806657,4.9551333,-74.01997683,2025-11-07 21:50:22.701630,False,1,,partial_start,,,,,1342,
2025-11-07 21:50:23.703101,16.10509824,16.43838430079998,47.905206950895725,8.98921855891598,430.630375391702,4.9551196,-74.02002516,2025-11-07 21:50:23.703101,False,1,,partial_start,,,,,1343,
2025-11-07 21:50:24.704577,24.157647359999995,16.445094758399982,48.72141185949278,0.369649885555588,18.0098643179682,4.9551068,-74.020073,2025-11-07 21:50:24.704577,False,1,,partial_start,,,,,1344,
2025-11-07 21:50:25.706006,16.10509824,16.449568396799982,48.77827859492783,0.205124864650407,10.0056377946644,4.9550976,-74.02011683,2025-11-07 21:50:25.706006,False,1,,partial_start,,,,,1345,
2025-11-07 21:50:26.707370,16.10509824,16.454042035199983,48.78831390118107,0.349084257942436,17.0312323544564,4.9550875,-74.02015716,2025-11-07 21:50:26.707370,False,1,,partial_start,,,,,1346,
2025-11-07 21:50:27.708825,16.10509824,16.458515673599983,48.55415675527208,3.03804006836146,147.509473708019,4.9550783,-74.020193,2025-11-07 21:50:27.708825,False,1,,partial_start,,,,,1347,
2025-11-07 21:50:28.710305,16.10509824,16.462989311999983,48.440423284402,4.25141209753715,205.940201561127,4.9550676,-74.02022683,2025-11-07 21:50:28.710305,False,1,,partial_start,,,,,1348,
2025-11-07 21:50:29.711703,16.10509824,16.467462950399984,48.41366246772668,4.43650274605548,214.787346484672,4.9550555,-74.02026,2025-11-07 21:50:29.711703,False,1,,partial_start,,,,,1349,
2025-11-07 21:50:30.713310,8.05254912,16.469699769599984,48.42369777397992,4.42107852534562,214.084970346369,4.9550453,-74.02029166,2025-11-07 21:50:30.713310,False,1,,partial_start,,,,,1350,
2025-11-07 21:50:31.714940,16.10509824,16.474173407999984,48.30327409894102,5.60103140964995,270.548155417099,4.9550365,-74.0203225,2025-11-07 21:50:31.714940,False,1,,partial_start,,,,,1351,
2025-11-07 21:50:32.716457,16.10509824,16.478647046399985,48.05573654469436,7.96607858516189,382.815773782871,4.9550268,-74.02035383,2025-11-07 21:50:32.716457,False,1,,partial_start,,,,,1352,
2025-11-07 21:50:33.718130,16.10509824,16.483120684799985,48.1594347093112,7.06119097018341,340.062965498525,4.9550176,-74.0203865,2025-11-07 21:50:33.718130,False,1,,partial_start,,,,,1353,
2025-11-07 21:50:34.719794,8.05254912,16.485357503999985,48.209611240577416,6.31054556230353,304.228948274604,4.9550088,-74.02041966,2025-11-07 21:50:34.719794,False,1,,partial_start,,,,,1354,
2025-11-07 21:50:35.721475,16.10509824,16.489831142399986,48.22299164891507,6.00206114810632,289.437344621408,4.9550003,-74.020453,2025-11-07 21:50:35.721475,False,1,,partial_start,,,,,1355,
2025-11-07 21:50:36.724337,16.10509824,16.494304780799986,48.209611240577416,6.36967174169133,307.07939839703,4.9549915,-74.0204875,2025-11-07 21:50:36.724337,False,1,,partial_start,,,,,1356,
2025-11-07 21:50:37.725902,16.10509824,16.498778419199986,48.25978777184363,5.72699587878047,276.383605680168,4.9549846,-74.0205215,2025-11-07 21:50:37.725902,False,1,,partial_start,,,,,1357,
2025-11-07 21:50:38.727598,16.10509824,16.503252057599987,48.25978777184363,5.67301110629596,273.778312017155,4.9549763,-74.02055566,2025-11-07 21:50:38.727598,False,1,,partial_start,,,,,1358,
2025-11-07 21:50:39.729204,8.05254912,16.505488876799987,48.584262674031805,2.572742743614,124.994809248451,4.9549685,-74.0205885,2025-11-07 21:50:39.729204,False,1,,partial_start,,,,,1359,
2025-11-07 21:50:40.730821,16.10509824,16.509962515199987,48.58091757194739,2.60359118503372,126.484848751172,4.9549603,-74.02062066,2025-11-07 21:50:40.730821,False,1,,partial_start,,,,,1360,
2025-11-07 21:50:41.732269,16.10509824,16.514436153599988,48.51067042817469,3.49305457930234,169.450419484162,4.9549535,-74.02064983,2025-11-07 21:50:41.732269,False,1,,partial_start,,,,,1361,
2025-11-07 21:50:42.733901,8.05254912,16.516672972799988,48.503980224005865,3.6447260829493,176.783721849291,4.9549465,-74.02067733,2025-11-07 21:50:42.733901,False,1,,partial_start,,,,,1362,
2025-11-07 21:50:43.735575,8.05254912,16.518909791999988,48.85187084078494,0.0534533610034486,2.61129668774632,4.954939,-74.02070466,2025-11-07 21:50:43.735575,False,1,,partial_start,,,,,1363,
2025-11-07 21:50:44.737185,16.10509824,16.52338343039999,48.48390961149938,4.0766042628254,197.649712600679,4.9549323,-74.02072766,2025-11-07 21:50:44.737185,False,1,,partial_start,,,,,1364,
2025-11-07 21:50:45.738693,8.05254912,16.52562024959999,48.55750185735649,3.17171664784691,154.010637018835,4.9549266,-74.020747,2025-11-07 21:50:45.738693,False,1,,partial_start,,,,,1365,
2025-11-07 21:50:46.740304,8.05254912,16.52785706879999,48.524050836512345,3.55475146214178,172.490940660134,4.9549216,-74.02076433,2025-11-07 21:50:46.740304,False,1,,partial_start,,,,,1366,
2025-11-07 21:50:47.741856,0.0,16.52785706879999,48.51401553025911,3.71927648304696,180.437037059867,4.9549148,-74.02078083,2025-11-07 21:50:47.741856,False,1,,partial_start,,,,,1367,
2025-11-07 21:50:48.743380,8.05254912,16.53009388799999,48.524050836512345,3.58302920010986,173.863091054839,4.9549056,-74.02079766,2025-11-07 21:50:48.743380,False,1,,partial_start,,,,,1368,
2025-11-07 21:50:49.744838,8.05254912,16.53233070719999,48.53074104068117,3.51104950346384,170.393834233616,4.9548956,-74.02081383,2025-11-07 21:50:49.744838,False,1,,partial_start,,,,,1369,
2025-11-07 21:50:50.746297,8.05254912,16.53456752639999,48.49729001983703,3.90436713156529,189.351225123441,4.9548886,-74.02082916,2025-11-07 21:50:50.746297,False,1,,partial_start,,,,,1370,
2025-11-07 21:50:51.747833,8.05254912,16.53680434559999,48.54412144901884,3.48791317239905,169.317680644572,4.9548771,-74.02084516,2025-11-07 21:50:51.747833,False,1,,partial_start,,,,,1371,
2025-11-07 21:50:52.749300,8.05254912,16.53904116479999,48.59764308236946,2.93521193029572,142.644381759624,4.9548651,-74.020861,2025-11-07 21:50:52.749300,False,1,,partial_start,,,,,1372,
2025-11-07 21:50:53.750809,8.05254912,16.54127798399999,48.62105879696036,2.77839901974547,135.088702100461,4.954853,-74.02087766,2025-11-07 21:50:53.750809,False,1,,partial_start,,,,,1373,
2025-11-07 21:50:54.752446,16.10509824,16.54575162239999,48.62774900112919,2.68842439893795,130.732026880066,4.9548388,-74.02089416,2025-11-07 21:50:54.752446,False,1,,partial_start,,,,,1374,
2025-11-07 21:50:55.757568,8.05254912,16.54798844159999,48.66454512405774,2.39793490890225,116.694411578826,4.9548225,-74.02091116,2025-11-07 21:50:55.757568,False,1,,partial_start,,,,,1375,
2025-11-07 21:50:56.758814,8.05254912,16.55022526079999,48.677925532395406,2.33109661915951,113.472947636265,4.9548065,-74.02092683,2025-11-07 21:50:56.758814,False,1,,partial_start,,,,,1376,
2025-11-07 21:50:57.760226,8.05254912,16.55246207999999,48.67123532822658,2.40307631580553,116.960692878258,4.9547898,-74.02094316,2025-11-07 21:50:57.760226,False,1,,partial_start,,,,,1377,
2025-11-07 21:50:58.764746,8.05254912,16.55469889919999,48.67123532822658,2.40307631580553,116.960692878258,4.9547746,-74.02095983,2025-11-07 21:50:58.764746,False,1,,partial_start,,,,,1378,
2025-11-07 21:50:59.766973,8.05254912,16.55693571839999,48.69465104281747,2.18456652241584,106.37670448886,4.9547583,-74.02097583,2025-11-07 21:50:59.766973,False,1,,partial_start,,,,,1379,
2025-11-07 21:51:00.768524,8.05254912,16.55917253759999,48.73479226783044,1.78353678395946,86.9202946682991,4.9547418,-74.0209915,2025-11-07 21:51:00.768524,False,1,,partial_start,,,,,1380,
2025-11-07 21:51:01.769729,8.05254912,16.56140935679999,48.75151777825251,1.65243090792565,80.5585147850715,4.9547266,-74.0210045,2025-11-07 21:51:01.769729,False,1,,partial_start,,,,,1381,
2025-11-07 21:51:02.770937,8.05254912,16.563646175999992,48.75486288033693,1.77068326670125,86.3294198725267,4.9547111,-74.02101866,2025-11-07 21:51:02.770937,False,1,,partial_start,,,,,1382,
2025-11-07 21:51:03.772181,8.05254912,16.565882995199992,48.7481726761681,1.87865281167027,91.5808916618714,4.9546946,-74.0210335,2025-11-07 21:51:03.772181,False,1,,partial_start,,,,,1383,
2025-11-07 21:51:04.773388,16.10509824,16.570356633599992,48.744827574083686,1.89921843928342,92.5770753483907,4.9546798,-74.02104466,2025-11-07 21:51:04.773388,False,1,,partial_start,,,,,1384,
2025-11-07 21:51:05.774763,8.05254912,16.572593452799993,48.744827574083686,1.84523366679891,89.9455969220071,4.9546651,-74.021055,2025-11-07 21:51:05.774763,False,1,,partial_start,,,,,1385,
2025-11-07 21:51:06.776286,8.05254912,16.574830271999993,48.80838451368756,1.39278985930967,67.9798229999513,4.9546483,-74.02106516,2025-11-07 21:51:06.776286,False,1,,partial_start,,,,,1386,
2025-11-07 21:51:07.777790,8.05254912,16.577067091199993,48.82845512619404,1.19227499008147,58.2169458512769,4.9546311,-74.021074,2025-11-07 21:51:07.777790,False,1,,partial_start,,,,,1387,
2025-11-07 21:51:08.779154,8.05254912,16.579303910399993,48.86190614703818,0.865795651722763,42.3044258769914,4.954613,-74.02108116,2025-11-07 21:51:08.779154,False,1,,partial_start,,,,,1388,
2025-11-07 21:51:09.780532,8.05254912,16.581540729599993,48.89870226996673,0.619008120365002,30.2686937804199,4.9545938,-74.021088,2025-11-07 21:51:09.780532,False,1,,partial_start,,,,,1389,
2025-11-07 21:51:10.782119,16.10509824,16.586014367999994,48.92546308664205,0.28995807855464,14.1863332689987,4.9545733,-74.02109349,2025-11-07 21:51:10.782119,False,1,,partial_start,,,,,1390,
2025-11-07 21:51:11.783594,8.05254912,16.588251187199994,48.938843494979714,0.28995807855464,14.1902130264905,4.954551,-74.02109616,2025-11-07 21:51:11.783594,False,1,,partial_start,,,,,1391,
2025-11-07 21:51:12.785162,8.05254912,16.590488006399994,48.94887880123295,0.243685416425059,11.9281279142181,4.9545278,-74.0210995,2025-11-07 21:51:12.785162,False,1,,partial_start,,,,,1392,
2025-11-07 21:51:13.786658,8.05254912,16.592724825599994,48.958914107486194,0.228261195715205,11.1754202750928,4.9545045,-74.0210995,2025-11-07 21:51:13.786658,False,1,,partial_start,,,,,1393,
2025-11-07 21:51:14.788143,16.10509824,16.597198463999995,48.96225920957061,0.210266271553699,10.2951116908421,4.9544803,-74.021099,2025-11-07 21:51:14.788143,False,1,,partial_start,,,,,1394,
2025-11-07 21:51:15.789628,8.05254912,16.599435283199995,48.96894941373943,0.207695568102053,10.170633767847299,4.9544563,-74.02109616,2025-11-07 21:51:15.789628,False,1,,partial_start,,,,,1395,
2025-11-07 21:51:16.791184,8.05254912,16.601672102399995,48.97563961790827,0.202554161198769,9.92021960197861,4.9544311,-74.02109166,2025-11-07 21:51:16.791184,False,1,,partial_start,,,,,1396,
2025-11-07 21:51:17.792799,16.10509824,16.606145740799995,48.97898471999268,0.207695568102053,10.1727180564806,4.9544045,-74.0210875,2025-11-07 21:51:17.792799,False,1,,partial_start,,,,,1397,
2025-11-07 21:51:18.794223,8.05254912,16.608382559999995,48.98567492416151,0.207695568102053,10.1741075822362,4.9543768,-74.02108183,2025-11-07 21:51:18.794223,False,1,,partial_start,,,,,1398,
2025-11-07 21:51:19.795597,16.10509824,16.612856198399996,48.98567492416151,0.212836975005338,10.4259628694533,4.9543471,-74.021072,2025-11-07 21:51:19.795597,False,1,,partial_start,,,,,1399,
2025-11-07 21:51:20.797022,8.05254912,16.615093017599996,48.992365128330334,0.215407678456983,10.5533316344105,4.9543188,-74.02105766,2025-11-07 21:51:20.797022,False,1,,partial_start,,,,,1400,
2025-11-07 21:51:21.798305,16.10509824,16.619566655999996,48.80169430951872,2.03032431531723,99.0832665852947,4.95429,-74.02103916,2025-11-07 21:51:21.798305,False,1,,partial_start,,,,,1401,
2025-11-07 21:51:22.799649,16.10509824,16.624040294399997,48.96225920957061,0.0920139127780999,4.50520904832814,4.9542596,-74.02102083,2025-11-07 21:51:22.799649,False,1,,partial_start,,,,,1402,
2025-11-07 21:51:23.800970,8.05254912,16.626277113599997,48.9823298220771,0.10743813348796,5.26257008997562,4.9542325,-74.02100316,2025-11-07 21:51:23.800970,False,1,,partial_start,,,,,1403,
2025-11-07 21:51:24.802427,16.10509824,16.630750751999997,48.99571023041475,0.0971553196813843,4.76019389045241,4.9542116,-74.02098616,2025-11-07 21:51:24.802427,False,1,,partial_start,,,,,1404,
2025-11-07 21:51:25.803857,8.05254912,16.632987571199997,49.00240043458358,0.0971553196813843,4.76084387937717,4.9541948,-74.0209665,2025-11-07 21:51:25.803857,False,1,,partial_start,,,,,1405,
2025-11-07 21:51:26.805286,8.05254912,16.635224390399998,49.005745536668,0.104867430036314,5.13910659144396,4.9541795,-74.02095083,2025-11-07 21:51:26.805286,False,1,,partial_start,,,,,1406,
2025-11-07 21:51:27.806817,8.05254912,16.637461209599998,49.01243574083682,0.0997260231330301,4.88781530049684,4.954167,-74.0209325,2025-11-07 21:51:27.806817,False,1,,partial_start,,,,,1407,
2025-11-07 21:51:28.808182,8.05254912,16.639698028799998,49.01912594500565,0.102296726584675,5.01449612421603,4.9541543,-74.02091783,2025-11-07 21:51:28.808182,False,1,,partial_start,,,,,1408,
2025-11-07 21:51:29.809597,16.10509824,16.6441716672,49.01912594500565,0.112579540391244,5.51855066926928,4.9541403,-74.0209025,2025-11-07 21:51:29.809597,False,1,,partial_start,,,,,1409,
2025-11-07 21:51:30.810953,8.05254912,16.6464084864,47.72122633625294,13.5393636683248,646.115038064969,4.9541271,-74.0208835,2025-11-07 21:51:30.810953,False,1,,partial_start,,,,,1410,
2025-11-07 21:51:31.812381,16.10509824,16.6508821248,47.38002592364269,16.4493999755851,779.372997271593,4.9541116,-74.0208665,2025-11-07 21:51:31.812381,False,1,,partial_start,,,,,1411,
2025-11-07 21:51:32.813736,16.10509824,16.6553557632,47.19939041108433,19.1486385998107,903.804069113228,4.9540976,-74.02083116,2025-11-07 21:51:32.813736,False,1,,partial_start,,,,,1412,
2025-11-07 21:51:33.814995,24.157647359999995,16.6620662208,47.109072654805146,18.5728010266426,874.947432967348,4.9540858,-74.020786,2025-11-07 21:51:33.814995,False,1,,partial_start,,,,,1413,
2025-11-07 21:51:34.816326,24.157647359999995,16.6687766784,47.03548040894803,18.1794833985412,855.080735236881,4.9540781,-74.02072833,2025-11-07 21:51:34.816326,False,1,,partial_start,,,,,1414,
2025-11-07 21:51:35.817812,32.21019648,16.6777239552,47.18601000274667,20.8375907675405,983.242766390308,4.9540768,-74.02066033,2025-11-07 21:51:35.817812,False,1,,partial_start,,,,,1415,
2025-11-07 21:51:36.819275,32.21019648,16.686671232000002,46.87826061098056,18.49053851619,866.804283399331,4.9540805,-74.02058166,2025-11-07 21:51:36.819275,False,1,,partial_start,,,,,1416,
2025-11-07 21:51:37.820787,40.2627456,16.697855328000003,47.08900204229866,17.6164993426313,829.543373523318,4.9540976,-74.0204975,2025-11-07 21:51:37.820787,False,1,,partial_start,,,,,1417,
2025-11-07 21:51:38.822489,40.2627456,16.709039424000004,47.52721041535691,12.8221374053163,609.400422437087,4.9541298,-74.02040916,2025-11-07 21:51:38.822489,False,1,,partial_start,,,,,1418,
2025-11-07 21:51:39.824191,40.2627456,16.720223520000005,47.85837552171392,9.27970804895168,444.111752538601,4.9541723,-74.02032066,2025-11-07 21:51:39.824191,False,1,,partial_start,,,,,1419,
2025-11-07 21:51:40.825836,40.2627456,16.731407616000006,48.146054300973546,5.90180371349223,284.148562063484,4.954217,-74.02023083,2025-11-07 21:51:40.825836,False,1,,partial_start,,,,,1420,
2025-11-07 21:51:41.827556,48.31529471999999,16.744828531200007,48.406972263557854,3.79382688314462,183.647672705122,4.9542611,-74.02013783,2025-11-07 21:51:41.827556,False,1,,partial_start,,,,,1421,
2025-11-07 21:51:42.829078,32.21019648,16.753775808000007,48.43373308023316,3.32081744804223,160.839585886658,4.9542961,-74.020035,2025-11-07 21:51:42.829078,False,1,,partial_start,,,,,1422,
2025-11-07 21:51:43.830494,48.31529471999999,16.76719672320001,48.57757246986298,2.30538958464308,111.990229619266,4.9543321,-74.01993433,2025-11-07 21:51:43.830494,False,1,,partial_start,,,,,1423,
2025-11-07 21:51:44.831967,40.2627456,16.77838081920001,48.60098818445387,1.93006688070314,93.8031576642592,4.9543754,-74.0198335,2025-11-07 21:51:44.831967,False,1,,partial_start,,,,,1424,
2025-11-07 21:51:45.833375,48.31529471999999,16.79180173440001,48.66454512405774,1.26425468672749,61.5243792505517,4.9544238,-74.019738,2025-11-07 21:51:45.833375,False,1,,partial_start,,,,,1425,
2025-11-07 21:51:46.834745,40.2627456,16.80298583040001,48.80838451368756,0.0791603955198851,3.86369102279014,4.9544671,-74.01963616,2025-11-07 21:51:46.834745,False,1,,partial_start,,,,,1426,
2025-11-07 21:51:47.836153,48.31529471999999,16.816406745600013,48.83180022827845,0.068877581713302,3.36341631043089,4.9545161,-74.019537,2025-11-07 21:51:47.836153,False,1,,partial_start,,,,,1427,
2025-11-07 21:51:48.837651,40.2627456,16.827590841600014,48.845180636616114,0.0534533610034486,2.6109390738477,4.9545791,-74.01944633,2025-11-07 21:51:48.837651,False,1,,partial_start,,,,,1428,
2025-11-07 21:51:49.839074,40.2627456,16.838774937600014,48.85521594286936,0.0457412506485113,2.23469867792993,4.9546521,-74.0193825,2025-11-07 21:51:49.839074,False,1,,partial_start,,,,,1429,
2025-11-07 21:51:50.842204,32.21019648,16.847722214400015,48.86525124912259,0.0380291402935881,1.85830349523431,4.9547338,-74.01933983,2025-11-07 21:51:50.842204,False,1,,partial_start,,,,,1430,
2025-11-07 21:51:51.843735,40.2627456,16.858906310400016,48.87528655537584,0.0277463264870121,1.35610965791173,4.9548136,-74.0193235,2025-11-07 21:51:51.843735,False,1,,partial_start,,,,,1431,
2025-11-07 21:51:52.845313,24.157647359999995,16.865616768000017,47.17931979857784,19.0021085030671,896.506553913478,4.95488,-74.01933633,2025-11-07 21:51:52.845313,False,1,,partial_start,,,,,1432,
2025-11-07 21:51:53.846787,32.21019648,16.874564044800017,46.99199408185064,17.2745957835627,811.767702827541,4.9549226,-74.01938866,2025-11-07 21:51:53.846787,False,1,,partial_start,,,,,1433,
2025-11-07 21:51:54.848253,24.157647359999995,16.881274502400018,47.11910796105838,17.8658575774407,841.823272008322,4.9549386,-74.019449,2025-11-07 21:51:54.848253,False,1,,partial_start,,,,,1434,
2025-11-07 21:51:55.849688,32.21019648,16.89022177920002,47.11910796105838,17.8658575774407,841.823272008322,4.9549291,-74.01951333,2025-11-07 21:51:55.849688,False,1,,partial_start,,,,,1435,
2025-11-07 21:51:56.851181,32.21019648,16.89916905600002,46.94850775475326,17.7398931083101,832.861509163994,4.9549041,-74.01958316,2025-11-07 21:51:56.851181,False,1,,partial_start,,,,,1436,
2025-11-07 21:51:57.853006,24.157647359999995,16.90587951360002,47.15255898190253,19.5393855244605,921.33202841226,4.9548688,-74.019646,2025-11-07 21:51:57.853006,False,1,,partial_start,,,,,1437,
2025-11-07 21:51:58.854575,32.21019648,16.91482679040002,47.03548040894803,17.6550598944059,830.414223782135,4.9548213,-74.019704,2025-11-07 21:51:58.854575,False,1,,partial_start,,,,,1438,
2025-11-07 21:51:59.856083,32.21019648,16.92377406720002,47.129143267311626,19.4905421588793,918.572553763402,4.9547596,-74.0197485,2025-11-07 21:51:59.856083,False,1,,partial_start,,,,,1439,
2025-11-07 21:52:00.857191,40.2627456,16.934958163200022,47.30308857570117,19.5599511520737,925.246101882932,4.9546925,-74.0197865,2025-11-07 21:52:00.857191,False,1,,partial_start,,,,,1440,
2025-11-07 21:52:01.858439,32.21019648,16.943905440000023,46.85818999847408,17.5265247218237,821.261225428172,4.9546246,-74.01982699,2025-11-07 21:52:01.858439,False,1,,partial_start,,,,,1441,
2025-11-07 21:52:02.859657,32.21019648,16.952852716800024,46.761182038026064,15.8915573265785,743.108005015867,4.9545615,-74.0198765,2025-11-07 21:52:02.859657,False,1,,partial_start,,,,,1442,
2025-11-07 21:52:03.861267,40.2627456,16.964036812800025,46.804668365123455,17.6524891909543,826.218902401543,4.9545046,-74.0199385,2025-11-07 21:52:03.861267,False,1,,partial_start,,,,,1443,
2025-11-07 21:52:04.862835,32.21019648,16.972984089600025,46.824738977629934,18.2951650538651,856.666328199893,4.9544576,-74.02000833,2025-11-07 21:52:04.862835,False,1,,partial_start,,,,,1444,
2025-11-07 21:52:05.864424,40.2627456,16.984168185600026,46.75449183385724,17.4082723630481,813.914928039699,4.9544138,-74.02008333,2025-11-07 21:52:05.864424,False,1,,partial_start,,,,,1445,
2025-11-07 21:52:06.866074,32.21019648,16.993115462400027,46.791287956785794,17.2951614111758,809.26287784942,4.9543738,-74.02016166,2025-11-07 21:52:06.866074,False,1,,partial_start,,,,,1446,
2025-11-07 21:52:07.867587,40.2627456,17.004299558400028,46.81135856929228,17.5985044184698,823.809900616264,4.9543333,-74.02024166,2025-11-07 21:52:07.867587,False,1,,partial_start,,,,,1447,
2025-11-07 21:52:08.869141,40.2627456,17.01548365440003,46.77790754844814,17.3234391491439,810.354234939823,4.9542936,-74.02032316,2025-11-07 21:52:08.869141,False,1,,partial_start,,,,,1448,
2025-11-07 21:52:09.870678,32.21019648,17.02443093120003,46.91171163182471,16.1254913406781,756.474399695378,4.9542538,-74.02040533,2025-11-07 21:52:09.870678,False,1,,partial_start,,,,,1449,
2025-11-07 21:52:10.872195,40.2627456,17.03561502720003,46.83477428388319,16.8221519760734,787.861690768581,4.9542193,-74.02049083,2025-11-07 21:52:10.872195,False,1,,partial_start,,,,,1450,
2025-11-07 21:52:11.873573,40.2627456,17.04679912320003,46.75114673177282,18.4159881160924,860.96856262602,4.9541951,-74.02058166,2025-11-07 21:52:11.873573,False,1,,partial_start,,,,,1451,
2025-11-07 21:52:12.874960,40.2627456,17.057983219200032,46.73442122135076,17.9249837568285,837.713741277494,4.954186,-74.02067216,2025-11-07 21:52:12.874960,False,1,,partial_start,,,,,1452,
2025-11-07 21:52:13.876408,32.21019648,17.066930496000033,46.69093489425337,17.7116153703421,826.9718801287,4.9541981,-74.02076116,2025-11-07 21:52:13.876408,False,1,,partial_start,,,,,1453,
2025-11-07 21:52:14.877788,40.2627456,17.078114592000034,47.72791654042177,7.42108945341349,354.193138071523,4.9542343,-74.02084333,2025-11-07 21:52:14.877788,False,1,,partial_start,,,,,1454,
2025-11-07 21:52:15.879170,32.21019648,17.087061868800035,47.74129694875943,7.48792774315622,357.483381916875,4.9542936,-74.02090933,2025-11-07 21:52:15.879170,False,1,,partial_start,,,,,1455,
2025-11-07 21:52:16.880823,40.2627456,17.098245964800036,46.804668365123455,18.5650889162877,868.932829895876,4.9543735,-74.020934,2025-11-07 21:52:16.880823,False,1,,partial_start,,,,,1456,
2025-11-07 21:52:17.882307,32.21019648,17.107193241600037,46.97192346934416,8.76813806207464,411.856310020414,4.9544531,-74.020912,2025-11-07 21:52:17.882307,False,1,,partial_start,,,,,1457,
2025-11-07 21:52:18.883979,40.2627456,17.118377337600037,46.63741326090275,17.6293528598895,822.187414848945,4.9545223,-74.02086783,2025-11-07 21:52:18.883979,False,1,,partial_start,,,,,1458,
2025-11-07 21:52:19.885584,40.2627456,17.12956143360004,46.89164101931821,15.4545377397991,724.688635814169,4.9545809,-74.020807,2025-11-07 21:52:19.885584,False,1,,partial_start,,,,,1459,
2025-11-07 21:52:20.887079,40.2627456,17.14074552960004,47.13583347148046,12.6936022327341,598.323520995369,4.9546335,-74.02074483,2025-11-07 21:52:20.887079,False,1,,partial_start,,,,,1460,
2025-11-07 21:52:21.888573,40.2627456,17.15192962560004,47.42351225074008,9.98151009125034,473.358266093296,4.954691,-74.0206775,2025-11-07 21:52:21.888573,False,1,,partial_start,,,,,1461,
2025-11-07 21:52:22.889973,40.2627456,17.16311372160004,47.46030837366863,9.67559638050477,459.206787917908,4.9547518,-74.02060166,2025-11-07 21:52:22.889973,False,1,,partial_start,,,,,1462,
2025-11-07 21:52:23.891614,40.2627456,17.174297817600042,47.61083796746728,8.07404813013092,384.412197265195,4.954802,-74.02051566,2025-11-07 21:52:23.891614,False,1,,partial_start,,,,,1463,
2025-11-07 21:52:24.892737,48.31529471999999,17.187718732800043,47.81154409253213,6.19229320352794,296.063099534363,4.9548408,-74.02042699,2025-11-07 21:52:24.892737,False,1,,partial_start,,,,,1464,
2025-11-07 21:52:25.893861,40.2627456,17.198902828800044,47.97210899258401,4.26940702169866,204.812458978631,4.9548736,-74.0203225,2025-11-07 21:52:25.893861,False,1,,partial_start,,,,,1465,
2025-11-07 21:52:26.895418,48.31529471999999,17.212323744000045,48.18954062807093,2.74240917142246,132.155438185057,4.9549056,-74.02021933,2025-11-07 21:52:26.895418,False,1,,partial_start,,,,,1466,
2025-11-07 21:52:27.896879,40.2627456,17.223507840000046,48.21295634266183,2.21541496383556,106.811704932283,4.9549381,-74.02011316,2025-11-07 21:52:27.896879,False,1,,partial_start,,,,,1467,
2025-11-07 21:52:28.898484,48.31529471999999,17.236928755200047,48.38690165105137,1.22569413495284,59.3075415622338,4.9549698,-74.02000733,2025-11-07 21:52:28.898484,False,1,,partial_start,,,,,1468,
2025-11-07 21:52:29.899999,48.31529471999999,17.25034967040005,48.42035267189551,0.778391734366891,37.6900022949333,4.9550016,-74.01990133,2025-11-07 21:52:29.899999,False,1,,partial_start,,,,,1469,
2025-11-07 21:52:30.901798,40.2627456,17.26153376640005,48.457148794824064,0.744972589495532,36.0992476172503,4.9550331,-74.01979616,2025-11-07 21:52:30.901798,False,1,,partial_start,,,,,1470,
2025-11-07 21:52:31.903541,48.31529471999999,17.27495468160005,48.4872547135838,0.601013196203496,29.141479930544,4.9550623,-74.01969183,2025-11-07 21:52:31.903541,False,1,,partial_start,,,,,1471,
2025-11-07 21:52:32.904897,48.31529471999999,17.28837559680005,48.55415675527208,0.0997260231330301,4.84211295978103,4.9550911,-74.019584,2025-11-07 21:52:32.904897,False,1,,partial_start,,,,,1472,
2025-11-07 21:52:33.906273,48.31529471999999,17.301796512000053,48.5608469594409,0.104867430036314,5.09245122102334,4.9551133,-74.01947383,2025-11-07 21:52:33.906273,False,1,,partial_start,,,,,1473,
2025-11-07 21:52:34.907697,40.2627456,17.312980608000053,48.58091757194739,0.0920139127780999,4.47012031214522,4.9551183,-74.01937183,2025-11-07 21:52:34.907697,False,1,,partial_start,,,,,1474,
2025-11-07 21:52:35.909078,40.2627456,17.324164704000054,48.57757246986298,0.266821747489849,12.9615527752236,4.955097,-74.019278,2025-11-07 21:52:35.909078,False,1,,partial_start,,,,,1475,
2025-11-07 21:52:36.910497,32.21019648,17.333111980800055,48.60767838862271,0.0817310989715238,3.97275897315652,4.9550451,-74.0192,2025-11-07 21:52:36.910497,False,1,,partial_start,,,,,1476,
2025-11-07 21:52:37.911909,40.2627456,17.344296076800056,48.617713694875945,0.0791603955198851,3.84859744535891,4.9549673,-74.01914966,2025-11-07 21:52:37.911909,False,1,,partial_start,,,,,1477,
2025-11-07 21:52:38.913251,40.2627456,17.355480172800057,48.6310941032136,0.0611654713583789,2.97454379349674,4.9548775,-74.01914383,2025-11-07 21:52:38.913251,False,1,,partial_start,,,,,1478,
2025-11-07 21:52:39.914763,40.2627456,17.366664268800058,48.64447451155126,0.0560240644550944,2.72526117541934,4.9547869,-74.01916183,2025-11-07 21:52:39.914763,False,1,,partial_start,,,,,1479,
2025-11-07 21:52:40.916294,32.21019648,17.37561154560006,48.651164715720085,0.0843018024231696,4.10138087552171,4.9547008,-74.019175,2025-11-07 21:52:40.916294,False,1,,partial_start,,,,,1480,
2025-11-07 21:52:41.917737,32.21019648,17.38455882240006,48.66120002197333,0.0868725058748083,4.2273203847841,4.9546258,-74.01917066,2025-11-07 21:52:41.917737,False,1,,partial_start,,,,,1481,
2025-11-07 21:52:42.919070,32.21019648,17.39350609920006,47.08565694021424,19.9455566698202,939.149638836758,4.9545635,-74.019139,2025-11-07 21:52:42.919070,False,1,,partial_start,,,,,1482,
2025-11-07 21:52:43.920537,32.21019648,17.40245337600006,46.78459775261697,17.0972172453993,799.886431515113,4.9545171,-74.01908266,2025-11-07 21:52:43.920537,False,1,,partial_start,,,,,1483,
2025-11-07 21:52:44.921621,32.21019648,17.41140065280006,46.86488020264291,18.7039069026764,876.556356315318,4.9544998,-74.01900449,2025-11-07 21:52:44.921621,False,1,,partial_start,,,,,1484,
2025-11-07 21:52:45.923142,40.2627456,17.422584748800062,46.83142918179877,17.236035231788,807.188163332472,4.9545176,-74.0189245,2025-11-07 21:52:45.923142,False,1,,partial_start,,,,,1485,
2025-11-07 21:52:46.924728,40.2627456,17.433768844800063,46.96188816309091,15.90955225074,747.142613524106,4.9545541,-74.018853,2025-11-07 21:52:46.924728,False,1,,partial_start,,,,,1486,
2025-11-07 21:52:47.926357,32.21019648,17.442716121600064,47.05555102145451,15.6601940159306,736.899058522502,4.9546089,-74.01880966,2025-11-07 21:52:47.926357,False,1,,partial_start,,,,,1487,
2025-11-07 21:52:48.927855,40.2627456,17.453900217600065,46.97526857142858,15.6524819055757,735.279541323846,4.9546823,-74.01877983,2025-11-07 21:52:48.927855,False,1,,partial_start,,,,,1488,
2025-11-07 21:52:49.929219,40.2627456,17.465084313600066,47.05889612353893,16.1589104855494,760.420490009037,4.9547709,-74.01876316,2025-11-07 21:52:49.929219,False,1,,partial_start,,,,,1489,
2025-11-07 21:52:50.930285,40.2627456,17.476268409600067,46.935127346415605,16.1640518924527,758.661834006341,4.9548598,-74.01877083,2025-11-07 21:52:50.930285,False,1,,partial_start,,,,,1490,
2025-11-07 21:52:51.931762,40.2627456,17.487452505600068,46.86153510055849,16.017521795709,750.605659853582,4.9549445,-74.0187985,2025-11-07 21:52:51.931762,False,1,,partial_start,,,,,1491,
2025-11-07 21:52:52.932957,40.2627456,17.49863660160007,46.86153510055849,16.017521795709,750.605659853582,4.9550238,-74.01884183,2025-11-07 21:52:52.932957,False,1,,partial_start,,,,,1492,
2025-11-07 21:52:53.934742,32.21019648,17.50758387840007,46.73442122135076,18.1203572191534,846.84440696126,4.955092,-74.0188995,2025-11-07 21:52:53.934742,False,1,,partial_start,,,,,1493,
2025-11-07 21:52:54.936229,40.2627456,17.51876797440007,46.68424469008454,17.3465754802087,809.811774253085,4.9551505,-74.0189655,2025-11-07 21:52:54.936229,False,1,,partial_start,,,,,1494,
2025-11-07 21:52:55.937773,40.2627456,17.52995207040007,46.61399754631184,17.531666128727,817.221041907242,4.9551951,-74.01904,2025-11-07 21:52:55.937773,False,1,,partial_start,,,,,1495,
2025-11-07 21:52:56.939311,40.2627456,17.541136166400072,46.62068775048067,17.7630294393749,828.124648995696,4.9552251,-74.01912383,2025-11-07 21:52:56.939311,False,1,,partial_start,,,,,1496,
2025-11-07 21:52:57.940899,32.21019648,17.550083443200073,46.66082897549364,16.5110968584246,770.421466708762,4.9552393,-74.0192095,2025-11-07 21:52:57.940899,False,1,,partial_start,,,,,1497,
2025-11-07 21:52:58.944630,40.2627456,17.561267539200074,46.61065244422743,17.1820504593035,800.866582237776,4.9552368,-74.01929733,2025-11-07 21:52:58.944630,False,1,,partial_start,,,,,1498,
2025-11-07 21:52:59.946160,32.21019648,17.570214816000075,46.57051121921446,17.1537727213354,798.859964970809,4.9552236,-74.01938266,2025-11-07 21:52:59.946160,False,1,,partial_start,,,,,1499,
2025-11-07 21:53:00.947523,40.2627456,17.581398912000076,46.58723672963653,17.1434899075289,798.667822694184,4.9552036,-74.01947083,2025-11-07 21:53:00.947523,False,1,,partial_start,,,,,1500,
2025-11-07 21:53:01.949035,40.2627456,17.592583008000076,46.627377954649496,17.683337632374,824.527667284381,4.9551771,-74.019555,2025-11-07 21:53:01.949035,False,1,,partial_start,,,,,1501,
2025-11-07 21:53:02.950533,32.21019648,17.601530284800077,46.84480959013642,17.4648278389843,818.136534641735,4.9551476,-74.01963999,2025-11-07 21:53:02.950533,False,1,,partial_start,,,,,1502,
2025-11-07 21:53:03.951677,40.2627456,17.612714380800078,46.63072305673391,18.0175290810876,840.170408746849,4.9551186,-74.01972466,2025-11-07 21:53:03.951677,False,1,,partial_start,,,,,1503,
2025-11-07 21:53:04.952946,40.2627456,17.62389847680008,46.52367979003266,17.20775749382,800.568199547016,4.9550911,-74.01981016,2025-11-07 21:53:04.952946,False,1,,partial_start,,,,,1504,
2025-11-07 21:53:05.954442,32.21019648,17.63284575360008,46.55378570879238,16.9969598107852,791.272824732252,4.955069,-74.01989649,2025-11-07 21:53:05.954442,False,1,,partial_start,,,,,1505,
2025-11-07 21:53:06.955848,40.2627456,17.64402984960008,46.513644483779416,17.5779387908566,817.613995675541,4.955048,-74.01998483,2025-11-07 21:53:06.955848,False,1,,partial_start,,,,,1506,
2025-11-07 21:53:07.957349,40.2627456,17.65521394560008,46.52033468794824,17.0663688039796,793.93318866909,4.9550285,-74.02007216,2025-11-07 21:53:07.957349,False,1,,partial_start,,,,,1507,
2025-11-07 21:53:08.958757,32.21019648,17.664161222400082,46.60061713797419,16.9301215210425,788.954111101479,4.9550053,-74.02016,2025-11-07 21:53:08.958757,False,1,,partial_start,,,,,1508,
2025-11-07 21:53:09.959954,32.21019648,17.673108499200083,46.53036999420149,17.7527466255684,826.04186890101,4.9549788,-74.0202485,2025-11-07 21:53:09.959954,False,1,,partial_start,,,,,1509,
2025-11-07 21:53:10.961164,40.2627456,17.684292595200084,46.50695427961059,17.5111005011139,814.387950390971,4.9549518,-74.02033566,2025-11-07 21:53:10.961164,False,1,,partial_start,,,,,1510,
2025-11-07 21:53:11.962707,40.2627456,17.695476691200085,46.61399754631184,17.8735696877956,833.15853357074,4.9549266,-74.02042316,2025-11-07 21:53:11.962707,False,1,,partial_start,,,,,1511,
2025-11-07 21:53:12.964294,32.21019648,17.704423968000086,46.52033468794824,17.639635673696,820.601755313813,4.9549021,-74.02051116,2025-11-07 21:53:12.964294,False,1,,partial_start,,,,,1512,
2025-11-07 21:53:13.965908,40.2627456,17.715608064000087,46.50360917752617,17.0637981005279,793.528197951166,4.9548761,-74.02059866,2025-11-07 21:53:13.965908,False,1,,partial_start,,,,,1513,
2025-11-07 21:53:14.967450,40.2627456,17.726792160000088,46.49022876918851,17.4262672872096,810.151152775404,4.9548486,-74.0206855,2025-11-07 21:53:14.967450,False,1,,partial_start,,,,,1514,
2025-11-07 21:53:15.968637,32.21019648,17.73573943680009,46.50695427961059,17.9301251637318,833.87551121737,4.9548208,-74.02076866,2025-11-07 21:53:15.968637,False,1,,partial_start,,,,,1515,
2025-11-07 21:53:16.969850,40.2627456,17.74692353280009,46.53036999420149,17.495676280404,814.080290625976,4.9547816,-74.020849,2025-11-07 21:53:16.969850,False,1,,partial_start,,,,,1516,
2025-11-07 21:53:17.971238,40.2627456,17.75810762880009,46.56047591296121,16.868424638203,785.401879056655,4.954732,-74.02092466,2025-11-07 21:53:17.971238,False,1,,partial_start,,,,,1517,
2025-11-07 21:53:18.972628,40.2627456,17.76929172480009,46.68089958800012,15.4056943742179,719.151672166287,4.9546721,-74.02099283,2025-11-07 21:53:18.972628,False,1,,partial_start,,,,,1518,
2025-11-07 21:53:19.973863,40.2627456,17.780475820800092,46.78794285470138,14.4648169109164,676.779027031678,4.9546095,-74.02105483,2025-11-07 21:53:19.973863,False,1,,partial_start,,,,,1519,
2025-11-07 21:53:20.975033,40.2627456,17.791659916800093,46.98864897976623,11.9043962730796,559.371497791775,4.9545333,-74.02109483,2025-11-07 21:53:20.975033,False,1,,partial_start,,,,,1520,
2025-11-07 21:53:21.976251,40.2627456,17.802844012800094,47.1927002069155,9.31826860072633,439.754256521592,4.9544483,-74.02111566,2025-11-07 21:53:21.976251,False,1,,partial_start,,,,,1521,
2025-11-07 21:53:22.978042,40.2627456,17.814028108800095,47.47368878200629,7.54962462599566,358.408529915488,4.9543575,-74.021115,2025-11-07 21:53:22.978042,False,1,,partial_start,,,,,1522,
2025-11-07 21:53:23.979631,40.2627456,17.825212204800096,47.60749286538286,5.91722793420209,281.70438666037,4.9542673,-74.02108766,2025-11-07 21:53:23.979631,False,1,,partial_start,,,,,1523,
2025-11-07 21:53:24.981398,48.31529471999999,17.838633120000097,47.78478327585681,4.47249259437849,213.71708932525,4.9541813,-74.02103666,2025-11-07 21:53:24.981398,False,1,,partial_start,,,,,1524,
2025-11-07 21:53:25.982851,40.2627456,17.849817216000098,47.77140286751916,4.75526997405926,227.165917674602,4.9541035,-74.02096866,2025-11-07 21:53:25.982851,False,1,,partial_start,,,,,1525,
2025-11-07 21:53:26.984071,40.2627456,17.8610013120001,47.88848144047365,4.24884139408551,203.47056224418,4.9540445,-74.02089283,2025-11-07 21:53:26.984071,False,1,,partial_end,1,0.8840686656812977,0.009875460765439215,0.009875460765439215,1526,
2025-11-07 21:53:27.985877,40.2627456,17.8721854080001,47.938657971739865,3.18457016510513,152.664019931982,4.9540135,-74.02079033,2025-11-07 21:53:27.985877,False,1,,partial_end,1,1.8858746656812855,0.021059556765440135,0.021059556765440135,1527,
2025-11-07 21:53:28.987004,48.31529471999999,17.8856063232001,48.02897572801904,2.73983846797082,131.591635276863,4.9540055,-74.020682,2025-11-07 21:53:28.987004,False,1,,partial_end,1,2.8870016656812822,0.03448047196544124,0.03448047196544124,1528,
2025-11-07 21:53:29.988091,40.2627456,17.8967904192001,48.09253266762291,1.37993634205145,66.3646336093494,4.954023,-74.02057583,2025-11-07 21:53:29.988091,False,1,,partial_end,1,3.88808866568138,0.04566456796544216,0.04566456796544216,1529,
2025-11-07 21:53:30.989465,48.31529471999999,17.910211334400103,48.166124913480026,1.19227499008147,57.4272661034826,4.9540606,-74.0204705,2025-11-07 21:53:30.989465,False,1,,partial_end,1,4.889462665681322,0.059085483165443264,0.059085483165443264,1530,
2025-11-07 21:53:31.990905,48.31529471999999,17.923632249600104,48.21964654683066,0.760396810205385,36.6660654234411,4.9541045,-74.02037083,2025-11-07 21:53:31.990905,False,1,,partial_end,1,5.890902665681324,0.07250639836544437,0.07250639836544437,1531,
2025-11-07 21:53:32.992309,40.2627456,17.934816345600105,48.26313287392804,0.878649168980985,42.4063615920957,4.9541488,-74.020269,2025-11-07 21:53:32.992309,False,1,,partial_end,1,6.892306665681417,0.08369049436544529,0.08369049436544529,1532,
2025-11-07 21:53:33.993697,48.31529471999999,17.948237260800106,48.27985838435011,0.680705003204444,32.8643411562291,4.9541946,-74.02016566,2025-11-07 21:53:33.993697,False,1,,partial_end,1,7.893694665681323,0.0971114095654464,0.0971114095654464,1533,
2025-11-07 21:53:34.995058,48.31529471999999,17.961658176000107,48.29323879268777,0.73983118259224,35.7288439672036,4.9542428,-74.0200655,2025-11-07 21:53:34.995058,False,1,,partial_end,1,8.895055665681411,0.1105323247654475,0.1105323247654475,1534,
2025-11-07 21:53:35.996440,48.31529471999999,17.975079091200108,48.30327409894102,0.780962437818537,37.723042694926,4.9542906,-74.01996416,2025-11-07 21:53:35.996440,False,1,,partial_end,1,9.896437665681333,0.1239532399654486,0.1239532399654486,1535,
2025-11-07 21:53:36.997811,48.31529471999999,17.98850000640011,48.31999960936308,0.770679624011961,37.239239131202,4.9543368,-74.01986083,2025-11-07 21:53:36.997811,False,1,,partial_end,1,10.897808665681396,0.1373741551654497,0.1373741551654497,1536,
2025-11-07 21:53:37.999195,48.31529471999999,18.00192092160011,48.32668981353191,0.631861637623217,30.5357813664875,4.9544013,-74.01976716,2025-11-07 21:53:37.999195,False,1,,partial_end,1,11.899192665681312,0.1507950703654508,0.1507950703654508,1537,
2025-11-07 21:53:39.000596,48.31529471999999,18.01534183680011,48.403627161473445,0.0277463264870121,1.34302284237785,4.9544426,-74.01965699,2025-11-07 21:53:39.000596,False,1,,partial_end,1,12.9005936656813,0.16421598556545192,0.16421598556545192,1538,
2025-11-07 21:53:40.002006,40.2627456,18.026525932800112,48.41031736564227,0.0817310989715238,3.95662843985418,4.95449,-74.019551,2025-11-07 21:53:40.002006,False,1,,partial_end,1,13.902003665681377,0.17540008156545284,0.17540008156545284,1539,
2025-11-07 21:53:41.003378,48.31529471999999,18.039946848000117,48.42369777397992,0.0637361748100175,3.08634126626984,4.9545538,-74.01946266,2025-11-07 21:53:41.003378,False,1,,partial_end,1,14.903375665681324,0.1888209967654575,0.1888209967654575,1540,
2025-11-07 21:53:42.004759,40.2627456,18.051130944000118,48.43373308023316,0.0508826575518028,2.46443705427693,4.9546308,-74.01939616,2025-11-07 21:53:42.004759,False,1,,partial_end,1,15.904756665681361,0.20000509276545841,0.20000509276545841,1541,
2025-11-07 21:53:43.006183,40.2627456,18.062315040000115,48.44376838648641,0.0354584368419423,1.71774030171791,4.9547191,-74.01935533,2025-11-07 21:53:43.006183,False,1,,partial_end,1,16.906180665681404,0.21118918876545578,0.21118918876545578,1542,
2025-11-07 21:53:44.007662,32.21019648,18.07126231680012,46.90836652974029,18.7064776061281,877.490308028636,4.9548023,-74.0193435,2025-11-07 21:53:44.007662,False,1,,partial_end,1,17.90765966568142,0.22013646556546007,0.22013646556546007,1543,
2025-11-07 21:53:45.009076,32.21019648,18.08020959360012,46.791287956785794,18.8684319235816,882.878231429318,4.9548633,-74.01937033,2025-11-07 21:53:45.009076,False,1,,partial_end,1,18.909073665681262,0.2290837423654608,0.2290837423654608,1544,
2025-11-07 21:53:46.010457,24.157647359999995,18.08692005120012,46.627377954649496,17.387706735435,810.743173717734,4.9549059,-74.01943066,2025-11-07 21:53:46.010457,False,1,,partial_end,1,19.9104546656813,0.23579419996546136,0.23579419996546136,1545,
2025-11-07 21:53:47.011976,32.21019648,18.09586732800012,46.744456527604,18.498250626545,864.690672249256,4.9549255,-74.01948716,2025-11-07 21:53:47.011976,False,1,,partial_end,1,20.911973665681444,0.2447414767654621,0.2447414767654621,1546,
2025-11-07 21:53:48.013378,32.21019648,18.10481460480012,46.59058183172094,17.870998984344,832.620240594681,4.9549108,-74.01954866,2025-11-07 21:53:48.013378,False,1,,partial_end,1,21.913375665681315,0.2536887535654593,0.2536887535654593,1547,
2025-11-07 21:53:49.014725,24.157647359999995,18.11152506240012,46.60730734214302,16.7321773552659,779.841732500126,4.9548836,-74.01961333,2025-11-07 21:53:49.014725,False,1,,partial_end,1,22.91472266568144,0.26039921116545983,0.26039921116545983,1548,
2025-11-07 21:53:50.016035,32.21019648,18.12047233920012,46.60730734214302,16.7321773552659,779.841732500126,4.9548445,-74.01967016,2025-11-07 21:53:50.016035,False,1,,partial_end,1,23.916032665681314,0.26934648796546057,0.26934648796546057,1549,
2025-11-07 21:53:51.017382,32.21019648,18.12941961600012,46.63072305673391,17.0689395074312,795.936991043171,4.9547931,-74.01972,2025-11-07 21:53:51.017382,False,1,,partial_end,1,24.917379665681437,0.2782937647654613,0.2782937647654613,1550,
2025-11-07 21:53:52.018727,32.21019648,18.13836689280012,46.59727203588977,16.9866769969786,791.532809014006,4.9547268,-74.01976,2025-11-07 21:53:52.018727,False,1,,partial_end,1,25.91872466568134,0.28724104156546204,0.28724104156546204,1551,
2025-11-07 21:53:53.020599,32.21019648,18.14731416960012,46.67086428174689,18.6165029853205,868.848284228633,4.9546589,-74.01980066,2025-11-07 21:53:53.020599,False,1,,partial_end,1,26.920596665681387,0.2961883183654592,0.2961883183654592,1552,
2025-11-07 21:53:54.022149,40.2627456,18.158498265600123,46.6742093838313,15.4519670363475,721.208344846544,4.9545926,-74.01984666,2025-11-07 21:53:54.022149,False,1,,partial_end,1,27.92214666568134,0.3073724143654637,0.3073724143654637,1553,
2025-11-07 21:53:55.025321,32.21019648,18.167445542400124,46.62403285256508,15.9198350645466,742.24691305684,4.9545301,-74.01990183,2025-11-07 21:53:55.025321,False,1,,partial_end,1,28.92531866568129,0.31631969116546443,0.31631969116546443,1554,
2025-11-07 21:53:56.030368,32.21019648,18.176392819200125,46.89164101931821,14.3748422901089,674.059944377103,4.9544301,-74.02003416,2025-11-07 21:53:56.030368,False,1,,partial_end,1,29.930365665681393,0.32526696796546517,0.32526696796546517,1555,
2025-11-07 21:53:57.031891,40.2627456,18.187576915200125,46.46681305459762,17.4185551768547,809.384747084103,4.9543881,-74.02010966,2025-11-07 21:53:57.031891,False,1,,partial_end,1,30.9318886656813,0.3364510639654661,0.3364510639654661,1556,
2025-11-07 21:53:58.033426,32.21019648,18.19652419200013,46.43670713583789,17.0895051350444,793.580345052454,4.9543491,-74.02018766,2025-11-07 21:53:58.033426,False,1,,partial_end,1,31.933423665681403,0.3453983407654704,0.3453983407654704,1557,
2025-11-07 21:53:59.034910,40.2627456,18.207708288000127,46.4868836671041,16.7321773552659,777.826782211602,4.95431,-74.02027,2025-11-07 21:53:59.034910,False,1,,partial_end,1,32.934907665681294,0.35658243676546775,0.35658243676546775,1558,
2025-11-07 21:54:00.036456,40.2627456,18.218892384000128,46.45677774834437,16.7758793139439,779.353296820939,4.9542708,-74.02035316,2025-11-07 21:54:00.036456,False,1,,partial_end,1,33.936453665681256,0.36776653276546867,0.36776653276546867,1559,
2025-11-07 21:54:01.037990,32.21019648,18.22783966080013,46.45343264625996,17.5111005011139,813.450727690384,4.9542315,-74.02043666,2025-11-07 21:54:01.037990,False,1,,partial_end,1,34.93798766568125,0.3767138095654694,0.3767138095654694,1560,
2025-11-07 21:54:02.039570,40.2627456,18.23902375680013,46.51698958586383,16.5496574101992,769.840241399854,4.9541966,-74.020521,2025-11-07 21:54:02.039570,False,1,,partial_end,1,35.93956766568135,0.3878979055654703,0.3878979055654703,1561,
2025-11-07 21:54:03.041028,40.2627456,18.25020785280013,46.40994631916258,17.3491461836603,805.172943066983,4.9541743,-74.02061033,2025-11-07 21:54:03.041028,False,1,,partial_end,1,36.94102566568131,0.39908200156547124,0.39908200156547124,1562,
2025-11-07 21:54:04.042272,40.2627456,18.26139194880013,46.37984040040285,17.539378239082,813.473563450922,4.9541686,-74.02069916,2025-11-07 21:54:04.042272,False,1,,partial_end,1,37.94226966568135,0.41026609756547217,0.41026609756547217,1563,
2025-11-07 21:54:05.043472,32.21019648,18.27033922560013,46.38318550248726,17.4725399493392,810.432061669822,4.954183,-74.02078683,2025-11-07 21:54:05.043472,False,1,,partial_end,1,38.94346966568128,0.41921337436546935,0.41921337436546935,1564,
2025-11-07 21:54:06.044781,40.2627456,18.281523321600133,46.369805094149605,17.1486313144322,795.178691681651,4.9542228,-74.02086416,2025-11-07 21:54:06.044781,False,1,,partial_end,1,39.94477866568127,0.4303974703654738,0.4303974703654738,1565,
2025-11-07 21:54:07.046184,32.21019648,18.29047059840013,47.54059082369458,5.64473336832788,268.353959372531,4.9542835,-74.0209255,2025-11-07 21:54:07.046184,False,1,,partial_end,1,40.94618166568125,0.439344747165471,0.439344747165471,1566,
2025-11-07 21:54:08.047516,40.2627456,18.30165469440013,47.95872858424634,0.88121987243263,42.2621846850407,4.9543618,-74.02094833,2025-11-07 21:54:08.047516,False,1,,partial_end,1,41.9475136656813,0.4505288431654719,0.4505288431654719,1567,
2025-11-07 21:54:09.048664,32.21019648,18.310601971200136,46.38653060457168,16.9995305142368,788.549242461999,4.9544401,-74.02092966,2025-11-07 21:54:09.048664,False,1,,partial_end,1,42.94866166568136,0.4594761199654762,0.4594761199654762,1568,
2025-11-07 21:54:10.050261,40.2627456,18.321786067200136,46.5337150962859,17.0843637281411,794.998914326639,4.9545053,-74.02088783,2025-11-07 21:54:10.050261,False,1,,partial_end,1,43.950258665681304,0.47066021596547714,0.47066021596547714,1569,
2025-11-07 21:54:11.051800,32.21019648,18.330733344000137,46.40660121707816,16.6910461000396,774.574720260408,4.9545596,-74.0208295,2025-11-07 21:54:11.051800,False,1,,partial_end,1,44.9517976656814,0.47960749276547787,0.47960749276547787,1570,
2025-11-07 21:54:12.052908,40.2627456,18.341917440000135,46.4868836671041,16.6704804724265,774.958686396422,4.9546141,-74.02076716,2025-11-07 21:54:12.052908,False,1,,partial_end,1,45.95290566568133,0.49079158876547524,0.49079158876547524,1571,
2025-11-07 21:54:13.054055,40.2627456,18.35310153600014,46.7678722421949,13.7681562755211,643.907373704144,4.9546653,-74.0207075,2025-11-07 21:54:13.054055,False,1,,partial_end,1,46.954052665681274,0.5019756847654797,0.5019756847654797,1572,
2025-11-07 21:54:14.055192,40.2627456,18.36428563200014,47.129143267311626,10.2951359123508,485.200935369627,4.9547175,-74.02063616,2025-11-07 21:54:14.055192,False,1,,partial_end,1,47.955189665681246,0.5131597807654806,0.5131597807654806,1573,
2025-11-07 21:54:15.056365,40.2627456,18.37546972800014,47.109072654805146,9.64731864253669,454.476234855317,4.9547696,-74.0205505,2025-11-07 21:54:15.056365,False,1,,partial_end,1,48.956362665681354,0.5243438767654816,0.5243438767654816,1574,
2025-11-07 21:54:16.058146,40.2627456,18.386653824000145,47.306433677785584,7.56761955015716,357.997092348223,4.9548151,-74.0204575,2025-11-07 21:54:16.058146,False,1,,partial_end,1,49.95814366568129,0.535527972765486,0.535527972765486,1575,
2025-11-07 21:54:17.059304,40.2627456,18.397837920000143,47.47034367992188,5.90437441694387,280.282682787264,4.9548513,-74.02035333,2025-11-07 21:54:17.059304,False,1,,partial_end,1,50.95930166568132,0.5467120687654834,0.5467120687654834,1576,
2025-11-07 21:54:18.060917,48.31529471999999,18.411258835200144,47.65432429456466,4.71670942228461,224.771600412779,4.9548843,-74.0202505,2025-11-07 21:54:18.060917,False,1,,partial_end,1,51.96091466568123,0.5601329839654845,0.5601329839654845,1577,
2025-11-07 21:54:19.062481,40.2627456,18.422442931200145,47.84499511337627,2.84780801293984,136.25336046294,4.9549175,-74.02014383,2025-11-07 21:54:19.062481,False,1,,partial_end,1,52.962478665681374,0.5713170799654854,0.5713170799654854,1578,
2025-11-07 21:54:20.063918,48.31529471999999,18.435863846400142,47.97545409466842,2.07659697744681,99.625682964627,4.9549488,-74.02003733,2025-11-07 21:54:20.063918,False,1,,partial_end,1,53.96391566568127,0.584737995165483,0.584737995165483,1579,
2025-11-07 21:54:21.065305,40.2627456,18.447047942400147,48.0657718509476,1.2411183556627,59.6553117233068,4.9549811,-74.01993149,2025-11-07 21:54:21.065305,False,1,,partial_end,1,54.96530266568129,0.5959220911654874,0.5959220911654874,1580,
2025-11-07 21:54:22.066835,48.31529471999999,18.460468857600148,48.0891875655385,0.534174906460762,25.6880372695955,4.9550131,-74.0198245,2025-11-07 21:54:22.066835,False,1,,partial_end,1,55.966832665681295,0.6093430063654885,0.6093430063654885,1581,
2025-11-07 21:54:23.068274,48.31529471999999,18.47388977280015,48.17616021973328,0.0534533610034486,2.57517768398538,4.9550431,-74.0197185,2025-11-07 21:54:23.068274,False,1,,partial_end,1,56.968271665681414,0.6227639215654897,0.6227639215654897,1582,
2025-11-07 21:54:24.069743,40.2627456,18.48507386880015,48.19623083223976,0.0534533610034486,2.57625052568125,4.9550711,-74.0196135,2025-11-07 21:54:24.069743,False,1,,partial_end,1,57.96974066568123,0.6339480175654906,0.6339480175654906,1583,
2025-11-07 21:54:25.071240,48.31529471999999,18.49849478400015,48.206266138493,0.0714482851649478,3.44425504980041,4.955096,-74.01950983,2025-11-07 21:54:25.071240,False,1,,partial_end,1,58.97123766568143,0.6473689327654917,0.6473689327654917,1584,
2025-11-07 21:54:26.072785,40.2627456,18.509678880000152,48.22633675099949,0.068877581713302,3.32171345030018,4.955109,-74.01941216,2025-11-07 21:54:26.072785,False,1,,partial_end,1,59.97278266568128,0.6585530287654926,0.6585530287654926,1585,
2025-11-07 21:54:27.074293,40.2627456,18.520862976000156,48.24306226142156,0.0765896920682394,3.69492128303117,4.9551016,-74.0193245,2025-11-07 21:54:27.074293,False,1,,partial_end,1,60.97429066568134,0.6697371247654971,0.6697371247654971,1586,
2025-11-07 21:54:28.075735,32.21019648,18.529810252800157,48.2530975676748,0.0740189886165936,3.5716454795771,4.9550676,-74.019247,2025-11-07 21:54:28.075735,False,1,,partial_end,1,61.975732665681335,0.6786844015654978,0.6786844015654978,1587,
2025-11-07 21:54:29.078938,40.2627456,18.540994348800155,48.26982307809687,0.0817310989715238,3.94514568733388,4.95501,-74.01918483,2025-11-07 21:54:29.078938,False,1,,partial_end,1,62.97893566568132,0.6898684975654952,0.6898684975654952,1588,
2025-11-07 21:54:30.080469,32.21019648,18.549941625600155,48.27985838435011,0.0817310989715238,3.94596588394247,4.9549345,-74.0191515,2025-11-07 21:54:30.080469,False,1,,partial_end,1,63.98046666568143,0.6988157743654959,0.6988157743654959,1589,
2025-11-07 21:54:31.082143,40.2627456,18.56112572160016,48.29323879268777,0.0663068782616633,3.20217390548818,4.9548511,-74.01915616,2025-11-07 21:54:31.082143,False,1,,partial_end,1,64.9821406656813,0.7099998703655004,0.7099998703655004,1590,
2025-11-07 21:54:32.083811,32.21019648,18.57007299840016,48.30327409894102,0.068877581713302,3.32701270876983,4.9547746,-74.0191745,2025-11-07 21:54:32.083811,False,1,,partial_end,1,65.98380866568141,0.7189471471655011,0.7189471471655011,1591,
2025-11-07 21:54:33.085494,32.21019648,18.57902027520016,48.31330940519425,0.0740189886165936,3.57610229889303,4.9547019,-74.01918583,2025-11-07 21:54:33.085494,False,1,,partial_end,1,66.98549166568137,0.7278944239655019,0.7278944239655019,1592,
2025-11-07 21:54:34.087021,32.21019648,18.58796755200016,48.32668981353191,0.0740189886165936,3.57709270318546,4.954638,-74.019181,2025-11-07 21:54:34.087021,False,1,,partial_end,1,67.98701866568126,0.736841700765499,0.736841700765499,1593,
2025-11-07 21:54:35.088502,24.157647359999995,18.59467800960016,48.33672511978516,0.0791603955198851,3.82635427861816,4.9545831,-74.01915983,2025-11-07 21:54:35.088502,False,1,,partial_end,1,68.98849966568127,0.7435521583654996,0.7435521583654996,1594,
2025-11-07 21:54:36.090002,24.157647359999995,18.60138846720016,46.66751917966247,15.6087799468977,728.423037542983,4.9545403,-74.01912166,2025-11-07 21:54:36.090002,False,1,,partial_end,1,69.98999966568135,0.7502626159655001,0.7502626159655001,1595,
2025-11-07 21:54:37.091641,24.157647359999995,18.60809892480016,46.577201423383286,17.4108430664998,810.948344459279,4.9545103,-74.01906133,2025-11-07 21:54:37.091641,False,1,,partial_end,1,70.99163866568142,0.7569730735655007,0.7569730735655007,1596,
2025-11-07 21:54:38.093098,32.21019648,18.61704620160016,46.84480959013642,19.6216480349131,919.172366040182,4.9545055,-74.01899,2025-11-07 21:54:38.093098,False,1,,partial_end,1,71.99309566568127,0.7659203503655014,0.7659203503655014,1597,
2025-11-07 21:54:39.094540,32.21019648,18.62599347840016,46.49357387127293,16.392844499649,762.161926704722,4.9545266,-74.01891916,2025-11-07 21:54:39.094540,False,1,,partial_end,1,72.99453766568126,0.7748676271655022,0.7748676271655022,1598,
2025-11-07 21:54:40.096032,32.21019648,18.63494075520016,46.54709550462356,16.4776777135532,766.988038227171,4.954567,-74.01884933,2025-11-07 21:54:40.096032,False,1,,partial_end,1,73.99602966568136,0.7838149039654994,0.7838149039654994,1599,
2025-11-07 21:54:41.097478,32.21019648,18.643888032000163,46.450087544175545,17.5033883907589,813.033923070461,4.9546361,-74.01879566,2025-11-07 21:54:41.097478,False,1,,partial_end,1,74.99747566568135,0.7927621807655036,0.7927621807655036,1600,
2025-11-07 21:54:42.098918,40.2627456,18.655072128000164,46.43336203375348,18.1332107364116,841.985938958147,4.9547155,-74.01876033,2025-11-07 21:54:42.098918,False,1,,partial_end,1,75.99891566568135,0.8039462767655046,0.8039462767655046,1601,
2025-11-07 21:54:43.100327,40.2627456,18.666256224000165,46.47684836085086,17.1691969420453,797.970162753026,4.9548045,-74.01874383,2025-11-07 21:54:43.100327,False,1,,partial_end,1,77.00032466568132,0.8151303727655055,0.8151303727655055,1602,
2025-11-07 21:54:44.101876,32.21019648,18.67520350080017,46.483538565019686,17.2874493008209,803.581816265533,4.9548933,-74.01874633,2025-11-07 21:54:44.101876,False,1,,partial_end,1,78.00187366568139,0.8240776495655098,0.8240776495655098,1603,
2025-11-07 21:54:45.103367,40.2627456,18.686387596800166,46.47015815668203,17.0072426245918,790.329254573845,4.9549801,-74.01876733,2025-11-07 21:54:45.103367,False,1,,partial_end,1,79.00336466568137,0.8352617455655071,0.8352617455655071,1604,
2025-11-07 21:54:46.104728,40.2627456,18.697571692800167,46.40994631916258,17.3619997009186,805.769474112949,4.9550645,-74.0188065,2025-11-07 21:54:46.104728,False,1,,partial_end,1,80.00472566568124,0.8464458415655081,0.8464458415655081,1605,
2025-11-07 21:54:47.106048,32.21019648,18.706518969600168,46.40994631916258,17.3619997009186,805.769474112949,4.955138,-74.01886333,2025-11-07 21:54:47.106048,False,1,,partial_end,1,81.00604566568131,0.8553931183655088,0.8553931183655088,1606,
2025-11-07 21:54:48.107814,40.2627456,18.71770306560017,46.513644483779416,16.9635406659138,789.036099720452,4.9551995,-74.0189325,2025-11-07 21:54:48.107814,False,1,,partial_end,1,82.0078116656814,0.8665772143655097,0.8665772143655097,1607,
2025-11-07 21:54:49.109518,40.2627456,18.72888716160017,46.419981625415815,16.8735660451063,783.270625769077,4.9552451,-74.01900466,2025-11-07 21:54:49.109518,False,1,,partial_end,1,83.00951566568142,0.8777613103655106,0.8777613103655106,1608,
2025-11-07 21:54:50.111063,32.21019648,18.73783443840017,46.47015815668203,16.7167531345561,776.830162029032,4.9552753,-74.01908666,2025-11-07 21:54:50.111063,False,1,,partial_end,1,84.01106066568127,0.8867085871655114,0.8867085871655114,1609,
2025-11-07 21:54:51.112585,40.2627456,18.74901853440017,46.44674244209113,17.4879641700491,812.25896764279,4.9552911,-74.01917066,2025-11-07 21:54:51.112585,False,1,,partial_end,1,85.0125826656813,0.8978926831655123,0.8978926831655123,1610,
2025-11-07 21:54:52.114094,40.2627456,18.760202630400173,46.44674244209113,16.1846175200659,751.722761478257,4.955295,-74.01925633,2025-11-07 21:54:52.114094,False,1,,partial_end,1,86.01409166568124,0.9090767791655132,0.9090767791655132,1611,
2025-11-07 21:54:53.115672,32.21019648,18.769149907200173,46.399911012909335,17.3902774388866,806.907325654147,4.955293,-74.01934066,2025-11-07 21:54:53.115672,False,1,,partial_end,1,87.01566966568134,0.918024055965514,0.918024055965514,1612,
2025-11-07 21:54:54.117183,40.2627456,18.78033400320017,46.33969917538988,16.904414486526,783.345482041721,4.9552806,-74.01942816,2025-11-07 21:54:54.117183,False,1,,partial_end,1,88.01718066568128,0.9292081519655113,0.9292081519655113,1613,
2025-11-07 21:54:55.118877,32.21019648,18.78928128000017,46.32631876705221,16.6781925827814,772.639266048219,4.955258,-74.0195135,2025-11-07 21:54:55.118877,False,1,,partial_end,1,89.01887466568132,0.9381554287655121,0.9381554287655121,1614,
2025-11-07 21:54:56.120341,40.2627456,18.800465376000176,46.2962128482925,16.8658539347514,780.825163631463,4.9552338,-74.01960033,2025-11-07 21:54:56.120341,False,1,,partial_end,1,90.02033866568127,0.9493395247655165,0.9493395247655165,1615,
2025-11-07 21:54:57.121868,40.2627456,18.811649472000177,46.40325611499375,17.7887364738914,825.455294560114,4.9552098,-74.0196855,2025-11-07 21:54:57.121868,False,1,,partial_end,1,91.02186566568139,0.9605236207655174,0.9605236207655174,1616,
2025-11-07 21:54:58.123348,32.21019648,18.820596748800178,46.31628346079898,17.1717676454969,795.332457791815,4.9551855,-74.01977216,2025-11-07 21:54:58.123348,False,1,,partial_end,1,92.02334566568129,0.9694708975655182,0.9694708975655182,1617,
2025-11-07 21:54:59.124704,40.2627456,18.83178084480018,46.356424685811945,16.6961875069429,773.975558705795,4.9551628,-74.019859,2025-11-07 21:54:59.124704,False,1,,partial_end,1,93.02470166568128,0.9806549935655191,0.9806549935655191,1618,
2025-11-07 21:55:00.125941,40.2627456,18.84296494080018,46.419981625415815,17.3902774388866,807.256359174003,4.9551403,-74.01994433,2025-11-07 21:55:00.125941,False,1,,partial_end,1,94.02593866568145,0.99183908956552,0.99183908956552,1619,
2025-11-07 21:55:01.127495,32.21019648,18.85191221760018,46.34973448164312,16.7218945414593,775.05537202668,4.9551166,-74.02002933,2025-11-07 21:55:01.127495,False,1,,partial_end,1,95.0274926656814,1.0007863663655208,1.0007863663655208,1620,
2025-11-07 21:55:02.128996,40.2627456,18.86309631360018,46.23600101077304,17.02009614185,786.941182418032,4.9550946,-74.02011516,2025-11-07 21:55:02.128996,False,1,,partial_end,1,96.02899366568136,1.0119704623655217,1.0119704623655217,1621,
2025-11-07 21:55:03.130518,40.2627456,18.874280409600185,46.28283243995484,16.7116117276528,773.460725392539,4.9550711,-74.020202,2025-11-07 21:55:03.130518,False,1,,partial_end,1,97.03051566568138,1.0231545583655262,1.0231545583655262,1622,
2025-11-07 21:55:04.132040,32.21019648,18.883227686400183,46.23600101077304,16.9506871486556,783.73198813854,4.9550471,-74.0202905,2025-11-07 21:55:04.132040,False,1,,partial_end,1,98.0320376656814,1.0321018351655233,1.0321018351655233,1623,
2025-11-07 21:55:05.138335,40.2627456,18.894411782400184,46.26610692953277,17.200045383465,795.779138904211,4.9550245,-74.0203785,2025-11-07 21:55:05.138335,False,1,,partial_end,1,99.03833266568131,1.0432859311655243,1.0432859311655243,1624,
2025-11-07 21:55:06.139905,40.2627456,18.905595878400185,46.205895092013314,16.9789648866237,784.528270322314,4.9550013,-74.02046566,2025-11-07 21:55:06.139905,False,1,,partial_end,1,100.03990266568144,1.0544700271655252,1.0544700271655252,1625,
2025-11-07 21:55:07.141502,32.21019648,18.914543155200185,46.24269121494186,17.1794797558519,794.425377583205,4.9549773,-74.02055383,2025-11-07 21:55:07.141502,False,1,,partial_end,1,101.04149966568139,1.063417303965526,1.063417303965526,1626,
2025-11-07 21:55:08.143003,40.2627456,18.925727251200183,46.28617754203925,17.7398931083101,821.111841988044,4.9549513,-74.02064183,2025-11-07 21:55:08.143003,False,1,,partial_end,1,102.04300066568135,1.0746013999655233,1.0746013999655233,1627,
2025-11-07 21:55:09.144462,40.2627456,18.936911347200187,46.259416725363934,17.0483738798181,788.647831796315,4.9549246,-74.02072783,2025-11-07 21:55:09.144462,False,1,,partial_end,1,103.04445966568142,1.0857854959655278,1.0857854959655278,1628,
2025-11-07 21:55:10.145719,40.2627456,18.948095443200188,46.31293835871456,17.4211258803064,806.823529034037,4.9548901,-74.02080916,2025-11-07 21:55:10.145719,False,1,,partial_end,1,104.04571666568131,1.0969695919655287,1.0969695919655287,1629,
2025-11-07 21:55:11.147052,32.21019648,18.95704272000019,46.289522644123664,16.3028698788415,754.652064420836,4.9548506,-74.02087816,2025-11-07 21:55:11.147052,False,1,,partial_end,1,105.04704966568124,1.1059168687655294,1.1059168687655294,1630,
2025-11-07 21:55:12.148471,32.21019648,18.96598999680019,46.627377954649496,12.6987436396374,592.109119234576,4.954814,-74.02092866,2025-11-07 21:55:12.148471,False,1,,partial_end,1,106.04846866568141,1.1148641455655302,1.1148641455655302,1631,
2025-11-07 21:55:13.149612,24.157647359999995,18.97270045440019,47.841650011291854,0.0328877333902966,1.57340343052324,4.9547786,-74.02096733,2025-11-07 21:55:13.149612,False,1,,partial_end,1,107.04960966568137,1.1215746031655307,1.1215746031655307,1632,
2025-11-07 21:55:14.150774,16.10509824,18.97717409280019,47.891826542558064,0.0303170299386579,1.45193793910774,4.9547493,-74.02100183,2025-11-07 21:55:14.150774,False,1,,partial_end,1,108.0507716656814,1.126048241565531,1.126048241565531,1633,
2025-11-07 21:55:15.152666,16.10509824,18.98164773120019,47.9219324613178,0.0380291402935881,1.82242989271131,4.9547248,-74.0210265,2025-11-07 21:55:15.152666,False,1,,partial_end,1,109.0526636656814,1.1305218799655314,1.1305218799655314,1634,
2025-11-07 21:55:16.154083,16.10509824,18.98612136960019,47.94869327799311,0.0380291402935881,1.82344758356302,4.9547058,-74.02104549,2025-11-07 21:55:16.154083,False,1,,partial_end,1,110.05408066568134,1.1349955183655318,1.1349955183655318,1635,
2025-11-07 21:55:17.155622,8.05254912,18.98835818880019,47.97545409466842,0.0354584368419423,1.7011346089793,4.9546899,-74.021058,2025-11-07 21:55:17.155622,False,1,,partial_end,1,111.05561966568143,1.137232337565532,1.137232337565532,1636,
2025-11-07 21:55:18.157113,8.05254912,18.99059500800019,47.65766939664907,3.55218075869014,169.288656234793,4.9546736,-74.0210675,2025-11-07 21:55:18.157113,False,1,,partial_end,1,112.05711066568142,1.1394691567655322,1.1394691567655322,1637,
2025-11-07 21:55:19.158555,8.05254912,18.99283182720019,47.8048538883633,2.09716260505996,100.25455191503,4.9546565,-74.021077,2025-11-07 21:55:19.158555,False,1,,partial_end,1,113.05855266568142,1.1417059759655324,1.1417059759655324,1638,
2025-11-07 21:55:20.159938,8.05254912,18.995068646400192,47.841650011291854,1.89150632892849,90.4927837827404,4.9546365,-74.02108683,2025-11-07 21:55:20.159938,False,1,,partial_end,1,114.05993566568145,1.1439427951655325,1.1439427951655325,1639,
2025-11-07 21:55:21.161400,8.05254912,18.997305465600192,47.69112041749321,3.46991824823755,165.484289015554,4.9546158,-74.02109483,2025-11-07 21:55:21.161400,False,1,,partial_end,1,115.0613976656814,1.1461796143655327,1.1461796143655327,1640,
2025-11-07 21:55:22.162729,16.10509824,19.001779104000192,47.91524225714897,1.27196679708242,60.9465972252543,4.9545921,-74.02110116,2025-11-07 21:55:22.162729,False,1,,partial_end,1,116.06272666568134,1.150653252765533,1.150653252765533,1641,
2025-11-07 21:55:23.164461,8.05254912,19.004015923200196,48.03232083010346,0.235973306070128,11.3343455445006,4.9545616,-74.02110633,2025-11-07 21:55:23.164461,False,1,,partial_end,1,117.06445866568129,1.1528900719655368,1.1528900719655368,1642,
2025-11-07 21:55:24.165929,16.10509824,19.008489561600197,48.04235613635671,0.300240892361216,14.4242798775151,4.9545313,-74.021109,2025-11-07 21:55:24.165929,False,1,,partial_end,1,118.06592666568145,1.1573637103655372,1.1573637103655372,1643,
2025-11-07 21:55:25.167346,16.10509824,19.012963200000197,48.06911695303202,0.235973306070128,11.3430284472786,4.9544988,-74.02111183,2025-11-07 21:55:25.167346,False,1,,partial_end,1,119.06734366568139,1.1618373487655376,1.1618373487655376,1644,
2025-11-07 21:55:26.169034,8.05254912,19.015200019200197,47.644288988311416,4.95835554673909,236.237324575634,4.9544645,-74.02111383,2025-11-07 21:55:26.169034,False,1,,partial_end,1,120.06903166568145,1.1640741679655378,1.1640741679655378,1645,
2025-11-07 21:55:27.170657,16.10509824,19.019673657600197,48.07915225928526,0.25653893368328,12.3341744529931,4.9544271,-74.021112,2025-11-07 21:55:27.170657,False,1,,partial_end,1,121.07065466568133,1.1685478063655381,1.1685478063655381,1646,
2025-11-07 21:55:28.172474,16.10509824,19.024147296000194,48.10591307596058,0.14856938871425,7.14706609923632,4.9543863,-74.02110483,2025-11-07 21:55:28.172474,False,1,,partial_end,1,122.0724716656814,1.173021444765535,1.173021444765535,1647,
2025-11-07 21:55:29.174103,16.10509824,19.028620934400195,46.49691897335735,16.1229206372264,749.66613448299,4.9543458,-74.02109033,2025-11-07 21:55:29.174103,False,1,,partial_end,1,123.07410066568127,1.1774950831655353,1.1774950831655353,1648,
2025-11-07 21:55:30.175454,24.157647359999995,19.035331392000195,48.03901103427229,0.369649885555588,17.7576149310224,4.9543068,-74.02107066,2025-11-07 21:55:30.175454,False,1,,partial_end,1,124.07545166568138,1.1842055407655359,1.1842055407655359,1649,
2025-11-07 21:55:31.177118,16.10509824,19.0398050304002,48.10256797387616,0.0740189886165936,3.56050343128726,4.9542731,-74.02105016,2025-11-07 21:55:31.177118,False,1,,partial_end,1,125.07711566568128,1.1886791791655398,1.1886791791655398,1650,
2025-11-07 21:55:32.178570,16.10509824,19.0442786688002,48.12263858638264,0.0714482851649478,3.43828000460958,4.954241,-74.0210285,2025-11-07 21:55:32.178570,False,1,,partial_end,1,126.07856766568125,1.1931528175655401,1.1931528175655401,1651,
2025-11-07 21:55:33.180103,16.10509824,19.0487523072002,48.13936409680472,0.0714482851649478,3.43947501364775,4.9542186,-74.02098983,2025-11-07 21:55:33.180103,False,1,,partial_end,1,127.08010066568136,1.1976264559655405,1.1976264559655405,1652,
2025-11-07 21:55:34.181603,16.10509824,19.0532259456002,48.14939940305796,0.0714482851649478,3.44019201907065,4.9541926,-74.02096983,2025-11-07 21:55:34.181603,False,1,,partial_end,1,128.08160066568144,1.2021000943655409,1.2021000943655409,1653,
2025-11-07 21:55:35.182963,16.10509824,19.0576995840002,48.162779811395616,0.068877581713302,3.31733580199917,4.9541716,-74.02094666,2025-11-07 21:55:35.182963,False,1,,partial_end,1,129.0829606656814,1.2065737327655413,1.2065737327655413,1654,
2025-11-07 21:55:36.184520,16.10509824,19.0621732224002,48.17281511764886,0.068877581713302,3.31802700962565,4.9541485,-74.02092716,2025-11-07 21:55:36.184520,False,1,,partial_end,1,130.08451766568123,1.2110473711655416,1.2110473711655416,1655,
2025-11-07 21:55:37.186072,8.05254912,19.0644100416002,48.1828504239021,0.0611654713583789,2.94712675756823,4.9541193,-74.02091983,2025-11-07 21:55:37.186072,False,1,,partial_end,1,131.0860696656814,1.2132841903655418,1.2132841903655418,1656,
2025-11-07 21:55:38.187457,16.10509824,19.0688836800002,48.18954062807093,0.0405998437452268,1.95648781965394,4.9540988,-74.02092616,2025-11-07 21:55:38.187457,False,1,,partial_end,1,132.08745466568143,1.2177578287655422,1.2177578287655422,1657,
2025-11-07 21:55:39.188891,8.05254912,19.0711204992002,48.199575934324166,0.0277463264870121,1.33736117040929,4.9540846,-74.0209415,2025-11-07 21:55:39.188891,False,1,,partial_end,1,133.08888866568122,1.2199946479655424,1.2199946479655424,1658,
2025-11-07 21:55:40.190466,8.05254912,19.0733573184002,48.209611240577416,0.0354584368419423,1.70943745534861,4.9540756,-74.0209545,2025-11-07 21:55:40.190466,False,1,,partial_end,1,134.09046366568123,1.222231467165539,1.222231467165539,1659,
2025-11-07 21:55:41.192032,0.0,19.0733573184002,48.21630144474624,0.0328877333902966,1.58572486698098,4.954073,-74.0209615,2025-11-07 21:55:41.192032,False,1,,partial_end,1,135.09202966568137,1.222231467165539,1.222231467165539,1660,
2025-11-07 21:55:42.193475,0.0,19.0733573184002,47.70115572374646,5.59074859584337,266.685169382641,4.9540675,-74.02096533,2025-11-07 21:55:42.193475,False,1,,partial_end,1,136.09347266568125,1.222231467165539,1.222231467165539,1661,
2025-11-07 21:55:43.194948,0.0,19.0733573184002,47.53390061952575,6.53419676259651,310.595859541689,4.9540635,-74.020971,2025-11-07 21:55:43.194948,False,1,,partial_end,1,137.09494566568128,1.222231467165539,1.222231467165539,1662,
2025-11-07 21:55:44.196463,16.10509824,19.0778309568002,47.47703388409071,8.89153182775353,422.143557867725,4.9540588,-74.0209825,2025-11-07 21:55:44.196463,False,1,,partial_end,1,138.09646066568143,1.2267051055655394,1.2267051055655394,1663,
2025-11-07 21:55:45.197959,0.0,19.0778309568002,47.47703388409071,8.89153182775353,422.143557867725,4.9540575,-74.02099766,2025-11-07 21:55:45.197959,False,1,,partial_end,1,139.0979566656813,1.2267051055655394,1.2267051055655394,1664,
2025-11-07 21:55:46.199326,8.05254912,19.0800677760002,48.18619552598651,0.0328877333902966,1.58473475155134,4.9540561,-74.02101483,2025-11-07 21:55:46.199326,False,1,,partial_end,1,140.09932366568137,1.2289419247655395,1.2289419247655395,1665,
2025-11-07 21:55:47.200757,8.05254912,19.0823045952002,48.209611240577416,0.0251756230353734,1.21370699927468,4.9540558,-74.0210285,2025-11-07 21:55:47.200757,False,1,,partial_end,1,141.10075466568128,1.2311787439655397,1.2311787439655397,1666,
2025-11-07 21:55:48.202335,8.05254912,19.0845414144002,48.19288573015534,0.279675264748071,13.4783580755547,4.9540535,-74.02104216,2025-11-07 21:55:48.202335,False,1,,partial_end,1,142.1023326656814,1.23341556316554,1.23341556316554,1667,
2025-11-07 21:55:49.203894,8.05254912,19.0867782336002,48.16947001556445,0.379932699362157,18.3011567698579,4.954052,-74.02105016,2025-11-07 21:55:49.203894,False,1,,partial_end,1,143.10389166568143,1.23565238236554,1.23565238236554,1668,
2025-11-07 21:55:50.205520,0.0,19.0867782336002,48.21630144474624,0.0226049195837276,1.08992561678326,4.9540516,-74.02105866,2025-11-07 21:55:50.205520,False,1,,partial_end,1,144.10551766568142,1.23565238236554,1.23565238236554,1669,
2025-11-07 21:55:51.206893,8.05254912,19.0890150528002,48.23302695516831,0.0200342161320818,0.966310886724373,4.95405,-74.02106599,2025-11-07 21:55:51.206893,False,1,,partial_end,1,145.10689066568125,1.2378892015655403,1.2378892015655403,1670,
2025-11-07 21:55:52.208457,0.0,19.0890150528002,48.24640736350597,0.0251756230353734,1.21463336459469,4.9540504,-74.02106583,2025-11-07 21:55:52.208457,False,1,,partial_end,1,146.1084546656814,1.2378892015655403,1.2378892015655403,1671,
2025-11-07 21:55:53.209984,0.0,19.0890150528002,48.2530975676748,0.0148928092287974,0.71862417677393,4.9540478,-74.02106616,2025-11-07 21:55:53.209984,False,1,,partial_end,1,147.1099816656813,1.2378892015655403,1.2378892015655403,1672,
2025-11-07 21:55:54.211577,0.0,19.0890150528002,48.25644266975921,0.0251756230353734,1.21488600968196,4.9540408,-74.0210675,2025-11-07 21:55:54.211577,False,1,,partial_end,1,148.11157466568125,1.2378892015655403,1.2378892015655403,1673,
2025-11-07 21:55:55.213201,0.0,19.0890150528002,48.26313287392804,0.0200342161320818,0.966914035207661,4.9540373,-74.02106666,2025-11-07 21:55:55.213201,False,1,,partial_end,1,149.11319866568124,1.2378892015655403,1.2378892015655403,1674,
2025-11-07 21:55:56.214711,0.0,19.0890150528002,48.26982307809687,0.0226049195837276,1.09113546900114,4.9540355,-74.02106633,2025-11-07 21:55:56.214711,False,1,,partial_end,1,150.1147086656813,1.2378892015655403,1.2378892015655403,1675,
2025-11-07 21:55:57.216158,0.0,19.0890150528002,48.2765132822657,0.0200342161320818,0.967182101200233,4.9540336,-74.02106966,2025-11-07 21:55:57.216158,False,1,,partial_end,1,151.1161556656814,1.2378892015655403,1.2378892015655403,1676,
2025-11-07 21:55:58.217613,0.0,19.0890150528002,48.27985838435011,0.0277463264870121,1.33958871347888,4.9540308,-74.02107266,2025-11-07 21:55:58.217613,False,1,,partial_end,1,152.11761066568124,1.2378892015655403,1.2378892015655403,1677,
2025-11-07 21:55:59.219063,0.0,19.0890150528002,48.28989369060336,0.0251756230353734,1.21572815997288,4.9540305,-74.02107166,2025-11-07 21:55:59.219063,False,1,,partial_end,1,153.11906066568145,1.2378892015655403,1.2378892015655403,1678,
2025-11-07 21:56:00.220606,0.0,19.0890150528002,48.29658389477218,0.0277463264870121,1.34005278495172,4.9540306,-74.02107016,2025-11-07 21:56:00.220606,False,1,,partial_end,1,154.1206036656813,1.2378892015655403,1.2378892015655403,1679,
2025-11-07 21:56:01.222226,0.0,19.0890150528002,48.29992899685659,0.0200342161320818,0.967651216687234,4.9540295,-74.02107033,2025-11-07 21:56:01.222226,False,1,,partial_end,1,155.1222236656813,1.2378892015655403,1.2378892015655403,1680,
2025-11-07 21:56:02.223611,0.0,19.0890150528002,48.30327409894102,0.0457412506485113,2.2094521677034,4.9540275,-74.02107066,2025-11-07 21:56:02.223611,False,1,,partial_end,1,156.12360866568133,1.2378892015655403,1.2378892015655403,1681,
2025-11-07 21:56:03.224961,0.0,19.0890150528002,48.30661920102543,0.0457412506485113,2.20960517685629,4.9540266,-74.0210685,2025-11-07 21:56:03.224961,False,1,,partial_end,1,157.12495866568133,1.2378892015655403,1.2378892015655403,1682,
2025-11-07 21:56:04.226376,0.0,19.0890150528002,48.31330940519425,0.0405998437452268,1.96151281266568,4.9540243,-74.02106716,2025-11-07 21:56:04.226376,False,1,,partial_end,1,158.12637366568129,1.2378892015655403,1.2378892015655403,1683,
2025-11-07 21:56:05.227993,0.0,19.0890150528002,48.31665450727867,0.0508826575518028,2.45847978534263,4.9540231,-74.02106599,2025-11-07 21:56:05.227993,False,1,,partial_end,1,159.1279906656814,1.2378892015655403,1.2378892015655403,1684,
2025-11-07 21:56:06.229417,0.0,19.0890150528002,48.31999960936308,0.0405998437452268,1.96178443390956,4.954022,-74.021067,2025-11-07 21:56:06.229417,False,1,,partial_end,1,160.12941466568122,1.2378892015655403,1.2378892015655403,1685,
2025-11-07 21:56:07.231047,0.0,19.0890150528002,48.3233447114475,0.0457412506485113,2.21037022262073,4.9540218,-74.02106766,2025-11-07 21:56:07.231047,False,1,,partial_end,1,161.13104466568143,1.2378892015655403,1.2378892015655403,1686,
2025-11-07 21:56:08.232228,0.0,19.0890150528002,48.33003491561632,0.0431705471968726,2.08643405335111,4.9540181,-74.021068,2025-11-07 21:56:08.232228,False,1,,partial_end,1,162.1322256656813,1.2378892015655403,1.2378892015655403,1687,
2025-11-07 21:56:09.233363,0.0,19.0890150528002,48.33003491561632,0.0405998437452268,1.96219186577538,4.9540143,-74.02106816,2025-11-07 21:56:09.233363,False,1,,partial_end,1,163.13336066568127,1.2378892015655403,1.2378892015655403,1688,
2025-11-07 21:56:10.234783,0.0,19.0890150528002,48.33672511978516,0.0483119541001642,2.33524164533931,4.9540135,-74.02106883,2025-11-07 21:56:10.234783,False,1,,partial_end,1,164.13478066568132,1.2378892015655403,1.2378892015655403,1689,
2025-11-07 21:56:11.236510,0.0,19.0890150528002,48.343415323953984,0.0483119541001642,2.33556486217603,4.954012,-74.02107016,2025-11-07 21:56:11.236510,False,1,,partial_end,1,165.1365076656814,1.2378892015655403,1.2378892015655403,1690,
2025-11-07 21:56:12.239099,0.0,19.0890150528002,48.3467604260384,0.0431705471968726,2.08715610278818,4.9540115,-74.02107133,2025-11-07 21:56:12.239099,False,1,,partial_end,1,166.13909666568134,1.2378892015655403,1.2378892015655403,1691,
2025-11-07 21:56:13.245821,0.0,19.0890150528002,48.35010552812281,0.0431705471968726,2.08730051267559,4.9540105,-74.02107283,2025-11-07 21:56:13.245821,False,1,,partial_end,1,167.14581866568142,1.2378892015655403,1.2378892015655403,1692,
2025-11-07 21:56:14.247120,0.0,19.0890150528002,48.35345063020723,0.0508826575518028,2.46035206986484,4.9540118,-74.02107366,2025-11-07 21:56:14.247120,False,1,,partial_end,1,168.14711766568144,1.2378892015655403,1.2378892015655403,1693,
2025-11-07 21:56:15.248270,0.0,19.0890150528002,48.35345063020723,0.0380291402935881,1.83884015769524,4.9540108,-74.02107166,2025-11-07 21:56:15.248270,False,1,,partial_end,1,169.14826766568126,1.2378892015655403,1.2378892015655403,1694,
2025-11-07 21:56:16.250091,0.0,19.0890150528002,48.35679573229164,0.0483119541001642,2.33621129584949,4.9540095,-74.0210755,2025-11-07 21:56:16.250091,False,1,,partial_end,1,170.15008866568132,1.2378892015655403,1.2378892015655403,1695,
2025-11-07 21:56:17.251573,8.05254912,19.0912518720002,48.363485936460464,0.0457412506485113,2.21220633245539,4.9540106,-74.02107949,2025-11-07 21:56:17.251573,False,1,,partial_end,1,171.15157066568145,1.2401260207655405,1.2401260207655405,1696,
2025-11-07 21:56:18.252649,0.0,19.0912518720002,48.363485936460464,0.0585947679067331,2.83384723360745,4.954013,-74.02108933,2025-11-07 21:56:18.252649,False,1,,partial_end,1,172.15264666568123,1.2401260207655405,1.2401260207655405,1697,
2025-11-07 21:56:19.253668,0.0,19.0912518720002,48.36683103854488,0.0431705471968726,2.08802256211266,4.9540158,-74.02109483,2025-11-07 21:56:19.253668,False,1,,partial_end,1,173.15366566568127,1.2401260207655405,1.2401260207655405,1698,
2025-11-07 21:56:20.255438,8.05254912,19.0934886912002,48.3701761406293,0.0508826575518028,2.46120310828402,4.9540203,-74.0210995,2025-11-07 21:56:20.255438,False,1,,partial_end,1,174.15543566568135,1.2423628399655406,1.2423628399655406,1699,
2025-11-07 21:56:21.256563,0.0,19.0934886912002,48.373521242713714,0.0508826575518028,2.46137331596786,4.9540244,-74.0211055,2025-11-07 21:56:21.256563,False,1,,partial_end,1,175.15656066568135,1.2423628399655406,1.2423628399655406,1700,
2025-11-07 21:56:22.257648,0.0,19.0934886912002,48.37686634479813,0.0534533610034486,2.58590610094408,4.9540325,-74.02110649,2025-11-07 21:56:22.257648,False,1,,partial_end,1,176.15764566568123,1.2423628399655406,1.2423628399655406,1701,
2025-11-07 21:56:23.259226,8.05254912,19.0957255104002,48.37686634479813,0.0508826575518028,2.4615435236517,4.9540393,-74.02111133,2025-11-07 21:56:23.259226,False,1,,partial_end,1,177.15922366568134,1.2445996591655408,1.2445996591655408,1702,
2025-11-07 21:56:24.260644,0.0,19.0957255104002,48.38021144688254,0.0457412506485113,2.21297137821983,4.954046,-74.021113,2025-11-07 21:56:24.260644,False,1,,partial_end,1,178.1606416656814,1.2445996591655408,1.2445996591655408,1703,
2025-11-07 21:56:25.262107,8.05254912,19.0979623296002,48.38355654896695,0.0560240644550944,2.71064349066603,4.9540506,-74.02111883,2025-11-07 21:56:25.262107,False,1,,partial_end,1,179.16210466568123,1.246836478365541,1.246836478365541,1704,
2025-11-07 21:56:26.263517,0.0,19.0979623296002,48.39024675313578,0.0508826575518028,2.46222435438704,4.954052,-74.02112733,2025-11-07 21:56:26.263517,False,1,,partial_end,1,180.1635146656813,1.246836478365541,1.246836478365541,1705,
2025-11-07 21:56:27.264899,8.05254912,19.1001991488002,48.39024675313578,0.0637361748100175,3.08420922615774,4.9540551,-74.02113516,2025-11-07 21:56:27.264899,False,1,,partial_end,1,181.16489666568123,1.2490732975655412,1.2490732975655412,1706,
2025-11-07 21:56:28.266254,0.0,19.1001991488002,48.393591855220194,0.0534533610034486,2.58680013569063,4.954063,-74.02114149,2025-11-07 21:56:28.266254,False,1,,partial_end,1,182.16625166568133,1.2490732975655412,1.2490732975655412,1707,
2025-11-07 21:56:29.267649,8.05254912,19.1024359680002,48.39693695730461,0.0483119541001642,2.33815059686984,4.9540675,-74.0211435,2025-11-07 21:56:29.267649,False,1,,partial_end,1,183.16764666568133,1.2513101167655414,1.2513101167655414,1708,
2025-11-07 21:56:30.268962,0.0,19.1024359680002,48.39693695730461,0.0560240644550944,2.71139311552517,4.9540716,-74.02114833,2025-11-07 21:56:30.268962,False,1,,partial_end,1,184.1689596656813,1.2513101167655414,1.2513101167655414,1709,
2025-11-07 21:56:31.270220,0.0,19.1024359680002,48.40028205938902,0.0611654713583789,2.96042606604101,4.9540768,-74.02115533,2025-11-07 21:56:31.270220,False,1,,partial_end,1,185.17021766568132,1.2513101167655414,1.2513101167655414,1710,
2025-11-07 21:56:32.271627,0.0,19.1024359680002,48.40028205938902,0.0560240644550944,2.71158052173996,4.9540838,-74.0211585,2025-11-07 21:56:32.271627,False,1,,partial_end,1,186.1716246656813,1.2513101167655414,1.2513101167655414,1711,
2025-11-07 21:56:33.272997,8.05254912,19.1046727872002,48.403627161473445,0.0534533610034486,2.58733655653857,4.9540923,-74.02116183,2025-11-07 21:56:33.272997,False,1,,partial_end,1,187.17299466568124,1.2535469359655416,1.2535469359655416,1712,
2025-11-07 21:56:34.274371,0.0,19.1046727872002,48.406972263557854,0.0483119541001642,2.33863542212492,4.9540991,-74.02116666,2025-11-07 21:56:34.274371,False,1,,partial_end,1,188.1743686656814,1.2535469359655416,1.2535469359655416,1713,
2025-11-07 21:56:35.275761,8.05254912,19.1069096064002,48.406972263557854,0.0431705471968726,2.08975548076162,4.9541035,-74.02117166,2025-11-07 21:56:35.275761,False,1,,partial_end,1,189.17575866568131,1.2557837551655417,1.2557837551655417,1714,
2025-11-07 21:56:36.277096,0.0,19.1069096064002,48.41031736564227,0.0457412506485113,2.21434846059582,4.9541075,-74.02118116,2025-11-07 21:56:36.277096,False,1,,partial_end,1,190.17709366568124,1.2557837551655417,1.2557837551655417,1715,
2025-11-07 21:56:37.278390,8.05254912,19.1091464256002,48.40028205938902,0.0457412506485113,2.21388943313715,4.9541106,-74.02119016,2025-11-07 21:56:37.278390,False,1,,partial_end,1,191.17838766568138,1.258020574365542,1.258020574365542,1716,
2025-11-07 21:56:38.279711,0.0,19.1091464256002,48.41366246772668,0.0483119541001642,2.33895863896165,4.9541143,-74.02119866,2025-11-07 21:56:38.279711,False,1,,partial_end,1,192.17970866568135,1.258020574365542,1.258020574365542,1717,
2025-11-07 21:56:39.281024,8.05254912,19.1113832448002,48.41366246772668,0.0508826575518028,2.4634158081739,4.9541163,-74.02120083,2025-11-07 21:56:39.281024,False,1,,partial_end,1,193.18102166568133,1.2602573935655421,1.2602573935655421,1718,
2025-11-07 21:56:40.282948,0.0,19.1113832448002,48.406972263557854,0.0534533610034486,2.58751536348788,4.9541186,-74.0212105,2025-11-07 21:56:40.282948,False,1,,partial_end,1,194.18294566568125,1.2602573935655421,1.2602573935655421,1719,
2025-11-07 21:56:41.283851,8.05254912,19.1136200640002,48.42035267189551,0.0457412506485113,2.21480748805448,4.9541203,-74.0212175,2025-11-07 21:56:41.283851,False,1,,partial_end,1,195.18384866568135,1.2624942127655423,1.2624942127655423,1720,
2025-11-07 21:56:42.284997,0.0,19.1136200640002,48.42035267189551,0.0457412506485113,2.21480748805448,4.9541221,-74.02121966,2025-11-07 21:56:42.284997,False,1,,partial_end,1,196.18499466568142,1.2624942127655423,1.2624942127655423,1721,
2025-11-07 21:56:43.286136,0.0,19.1136200640002,48.42035267189551,0.0508826575518028,2.46375622354158,4.9541236,-74.02122133,2025-11-07 21:56:43.286136,False,1,,partial_end,1,197.18613366568138,1.2624942127655423,1.2624942127655423,1722,
2025-11-07 21:56:44.287913,0.0,19.1136200640002,48.42369777397992,0.0508826575518028,2.46392643122541,4.9541216,-74.021229,2025-11-07 21:56:44.287913,False,1,,partial_end,1,198.18791066568133,1.2624942127655423,1.2624942127655423,1723,
2025-11-07 21:56:45.289070,8.05254912,19.1158568832002,48.42369777397992,0.0483119541001642,2.33944346421674,4.9541218,-74.02123366,2025-11-07 21:56:45.289070,False,1,,partial_end,1,199.18906766568125,1.264731031965539,1.264731031965539,1724,
2025-11-07 21:56:46.290394,0.0,19.1158568832002,48.42369777397992,0.0534533610034486,2.58840939823444,4.9541241,-74.0212385,2025-11-07 21:56:46.290394,False,1,,partial_end,1,200.19039166568132,1.264731031965539,1.264731031965539,1725,
2025-11-07 21:56:47.291331,0.0,19.1158568832002,48.427042876064334,0.0611654713583789,2.9620629040069,4.9541261,-74.021242,2025-11-07 21:56:47.291331,False,1,,partial_end,1,201.19132866568134,1.264731031965539,1.264731031965539,1726,
2025-11-07 21:56:48.292420,0.0,19.1158568832002,48.43038797814875,0.0637361748100175,3.08676767429226,4.9541296,-74.021241,2025-11-07 21:56:48.292420,False,1,,partial_end,1,202.19241766568143,1.264731031965539,1.264731031965539,1727,
2025-11-07 21:56:49.294100,8.05254912,19.1180937024002,48.43038797814875,0.0663068782616633,3.21126783983223,4.9541316,-74.021241,2025-11-07 21:56:49.294100,False,1,,partial_end,1,203.19409766568128,1.2669678511655391,1.2669678511655391,1728,
2025-11-07 21:56:50.295686,0.0,19.1180937024002,48.43373308023316,0.0611654713583789,2.96247211349837,4.954131,-74.02124016,2025-11-07 21:56:50.295686,False,1,,partial_end,1,204.19568366568137,1.2669678511655391,1.2669678511655391,1729,
2025-11-07 21:56:51.297257,0.0,19.1180937024002,48.43707818231759,0.0585947679067331,2.83815935417318,4.9541283,-74.021242,2025-11-07 21:56:51.297257,False,1,,partial_end,1,205.19725466568138,1.2669678511655391,1.2669678511655391,1730,
2025-11-07 21:56:52.298707,0.0,19.1180937024002,48.43707818231759,0.0611654713583789,2.9626767182441,4.9541255,-74.021244,2025-11-07 21:56:52.298707,False,1,,partial_end,1,206.19870466568136,1.2669678511655391,1.2669678511655391,1731,
2025-11-07 21:56:53.300082,0.0,19.1180937024002,48.43707818231759,0.0560240644550944,2.7136419901026,4.9541233,-74.02124166,2025-11-07 21:56:53.300082,False,1,,partial_end,1,207.20007966568141,1.2669678511655391,1.2669678511655391,1732,
2025-11-07 21:56:54.301487,0.0,19.1180937024002,48.440423284402,0.0560240644550944,2.71382939631739,4.95412,-74.02124083,2025-11-07 21:56:54.301487,False,1,,partial_end,1,208.2014846656814,1.2669678511655391,1.2669678511655391,1733,
2025-11-07 21:56:55.303140,0.0,19.1180937024002,48.440423284402,0.0611654713583789,2.96288132298984,4.95412,-74.02124383,2025-11-07 21:56:55.303140,False,1,,partial_end,1,209.20313766568142,1.2669678511655391,1.2669678511655391,1734,
2025-11-07 21:56:56.304604,0.0,19.1180937024002,48.44376838648641,0.0585947679067331,2.8385513651337,4.9541236,-74.02124583,2025-11-07 21:56:56.304604,False,1,,partial_end,1,210.20460166568137,1.2669678511655391,1.2669678511655391,1735,
2025-11-07 21:56:57.306148,0.0,19.1180937024002,48.44376838648641,0.0585947679067331,2.8385513651337,4.9541298,-74.0212475,2025-11-07 21:56:57.306148,False,1,,partial_end,1,211.20614566568133,1.2669678511655391,1.2669678511655391,1736,
2025-11-07 21:56:58.307677,0.0,19.1180937024002,48.44711348857082,0.0637361748100175,3.08783369434831,4.9541338,-74.021249,2025-11-07 21:56:58.307677,False,1,,partial_end,1,212.20767466568122,1.2669678511655391,1.2669678511655391,1737,
2025-11-07 21:56:59.309168,0.0,19.1180937024002,48.44711348857082,0.0585947679067331,2.83874737061396,4.9541335,-74.02124916,2025-11-07 21:56:59.309168,False,1,,partial_end,1,213.20916566568144,1.2669678511655391,1.2669678511655391,1738,
2025-11-07 21:57:00.310707,0.0,19.1180937024002,48.44711348857082,0.0534533610034486,2.58966104687962,4.954134,-74.02124566,2025-11-07 21:57:00.310707,False,1,,partial_end,1,214.2107046656813,1.2669678511655391,1.2669678511655391,1739,
2025-11-07 21:57:01.312283,0.0,19.1180937024002,48.45045859065524,0.0560240644550944,2.71439161496175,4.9541353,-74.0212425,2025-11-07 21:57:01.312283,False,1,,partial_end,1,215.21228066568142,1.2669678511655391,1.2669678511655391,1740,
2025-11-07 21:57:02.313814,0.0,19.1180937024002,48.45045859065524,0.0611654713583789,2.96349513722704,4.9541368,-74.021242,2025-11-07 21:57:02.313814,False,1,,partial_end,1,216.2138116656813,1.2669678511655391,1.2669678511655391,1741,
2025-11-07 21:57:03.315286,0.0,19.1180937024002,48.45380369273965,0.0534533610034486,2.59001866077824,4.9541398,-74.02124166,2025-11-07 21:57:03.315286,False,1,,partial_end,1,217.21528366568123,1.2669678511655391,1.2669678511655391,1742,
2025-11-07 21:57:04.316691,0.0,19.1180937024002,48.45380369273965,0.0663068782616633,3.21282046276902,4.9541431,-74.0212395,2025-11-07 21:57:04.316691,False,1,,partial_end,1,218.21668866568143,1.2669678511655391,1.2669678511655391,1743,
2025-11-07 21:57:05.318231,0.0,19.1180937024002,48.457148794824064,0.0585947679067331,2.83933538705474,4.954139,-74.02124233,2025-11-07 21:57:05.318231,False,1,,partial_end,1,219.2182286656814,1.2669678511655391,1.2669678511655391,1744,
2025-11-07 21:57:06.319702,0.0,19.1180937024002,48.457148794824064,0.0611654713583789,2.96390434671851,4.9541376,-74.02124383,2025-11-07 21:57:06.319702,False,1,,partial_end,1,220.21969966568145,1.2669678511655391,1.2669678511655391,1745,
2025-11-07 21:57:07.321244,0.0,19.1180937024002,48.457148794824064,0.0637361748100175,3.08847330638194,4.9541371,-74.02124516,2025-11-07 21:57:07.321244,False,1,,partial_end,1,221.22124166568142,1.2669678511655391,1.2669678511655391,1746,
2025-11-07 21:57:08.322812,0.0,19.1180937024002,48.46049389690848,0.0560240644550944,2.71495383360611,4.9541351,-74.021247,2025-11-07 21:57:08.322812,False,1,,partial_end,1,222.22280966568132,1.2669678511655391,1.2669678511655391,1747,
2025-11-07 21:57:09.324287,0.0,19.1180937024002,48.457148794824064,0.0637361748100175,3.08847330638194,4.9541335,-74.02124816,2025-11-07 21:57:09.324287,False,1,,partial_end,1,223.22428466568135,1.2669678511655391,1.2669678511655391,1748,
2025-11-07 21:57:10.325730,0.0,19.1180937024002,48.457148794824064,0.0585947679067331,2.83933538705474,4.9541325,-74.02124733,2025-11-07 21:57:10.325730,False,1,,partial_end,1,224.22572766568123,1.2669678511655391,1.2669678511655391,1749,
2025-11-07 21:57:11.327106,0.0,19.1180937024002,48.46383899899289,0.0611654713583789,2.96431355620998,4.954132,-74.02124816,2025-11-07 21:57:11.327106,False,1,,partial_end,1,225.2271036656814,1.2669678511655391,1.2669678511655391,1750,
2025-11-07 21:57:12.328674,0.0,19.1180937024002,48.46383899899289,0.0585947679067331,2.83972739801527,4.954131,-74.021248,2025-11-07 21:57:12.328674,False,1,,partial_end,1,226.2286716656813,1.2669678511655391,1.2669678511655391,1751,
2025-11-07 21:57:13.330101,0.0,19.1180937024002,48.46383899899289,0.0611654713583789,2.96431355620998,4.9541299,-74.0212475,2025-11-07 21:57:13.330101,False,1,,partial_end,1,227.23009866568123,1.2669678511655391,1.2669678511655391,1752,
2025-11-07 21:57:14.331551,0.0,19.1180937024002,48.4671841010773,0.0534533610034486,2.59073388857549,4.9541305,-74.02124666,2025-11-07 21:57:14.331551,False,1,,partial_end,1,228.23154866568143,1.2669678511655391,1.2669678511655391,1753,
2025-11-07 21:57:15.332993,0.0,19.1180937024002,48.4671841010773,0.0560240644550944,2.71532864603568,4.9541298,-74.021247,2025-11-07 21:57:15.332993,False,1,,partial_end,1,229.23299066568143,1.2669678511655391,1.2669678511655391,1754,
2025-11-07 21:57:16.334578,0.0,19.1180937024002,4.408844547257912,0.0251756230353734,0.110995408343326,4.9541293,-74.02124666,2025-11-07 21:57:16.334578,False,1,,partial_end,1,230.2345756656814,1.2669678511655391,1.2669678511655391,1755,shutdown_post_run
2025-11-07 21:57:17.335647,0.0,19.1180937024002,4.151271686758019,0.0303170299386579,0.125854228010945,4.9541275,-74.0212475,2025-11-07 21:57:17.335647,False,1,,partial_end,1,231.23564466568132,1.2669678511655391,1.2669678511655391,1756,shutdown_post_run
2025-11-07 21:57:18.336782,0.0,19.1180937024002,3.726443722037416,0.0328877333902966,0.122554287624311,4.9541265,-74.021247,2025-11-07 21:57:18.336782,False,1,,partial_end,1,232.2367796656813,1.2669678511655391,1.2669678511655391,1757,shutdown_post_run
2025-11-07 21:57:19.337871,0.0,19.1180937024002,3.502321882381665,0.0277463264870121,0.0971765664111686,4.9541245,-74.0212475,2025-11-07 21:57:19.337871,False,1,,partial_end,1,233.2378686656814,1.2669678511655391,1.2669678511655391,1758,shutdown_post_run
2025-11-07 21:57:20.339046,0.0,19.1180937024002,3.288235348979156,0.0328877333902966,0.108142607481775,4.9541229,-74.02124783,2025-11-07 21:57:20.339046,False,1,,partial_end,1,234.23904366568127,1.2669678511655391,1.2669678511655391,1759,shutdown_post_run
2025-11-07 21:57:21.342979,0.0,19.1180937024002,3.080839019745476,0.0328877333902966,0.101321812299811,4.9541226,-74.0212505,2025-11-07 21:57:21.342979,False,1,,partial_end,1,235.24297666568123,1.2669678511655391,1.2669678511655391,1760,shutdown_post_run
2025-11-07 21:57:22.344152,0.0,19.1180937024002,2.8901682009338665,0.0354584368419423,0.102480846615403,4.9541226,-74.02125033,2025-11-07 21:57:22.344152,False,1,,partial_end,1,236.24414966568133,1.2669678511655391,1.2669678511655391,1761,shutdown_post_run
2025-11-07 21:57:23.350643,0.0,19.1180937024002,2.7195679946287425,0.0380291402935881,0.103422832805688,4.9541211,-74.021249,2025-11-07 21:57:23.350643,False,1,,partial_end,1,237.25064066568143,1.2669678511655391,1.2669678511655391,1762,shutdown_post_run
2025-11-07 21:57:24.353469,0.0,19.1180937024002,2.569038400830104,0.0328877333902966,0.0844898499959344,4.954119,-74.02124816,2025-11-07 21:57:24.353469,False,1,,partial_end,1,238.25346666568134,1.2669678511655391,1.2669678511655391,1763,shutdown_post_run
2025-11-07 21:57:25.354844,0.0,19.1180937024002,2.43857941953795,0.0328877333902966,0.0801993498008283,4.9541194,-74.021249,2025-11-07 21:57:25.354844,False,1,,partial_end,1,239.2548416656814,1.2669678511655391,1.2669678511655391,1764,shutdown_post_run
2025-11-07 21:57:26.356162,0.0,19.1180937024002,2.318155744499039,0.0277463264870121,0.064320306134613,4.9541203,-74.02124816,2025-11-07 21:57:26.356162,False,1,,partial_end,1,240.25615966568125,1.2669678511655391,1.2669678511655391,1765,shutdown_post_run
2025-11-07 21:57:27.357528,0.0,19.1180937024002,2.204422273628956,0.0251756230353734,0.0554977041716634,4.9541208,-74.02124816,2025-11-07 21:57:27.357528,False,1,,partial_end,1,241.25752566568144,1.2669678511655391,1.2669678511655391,1766,shutdown_post_run
2025-11-07 21:57:28.358840,0.0,19.1180937024002,2.0940339048432874,0.0277463264870121,0.0581017483986547,4.9541213,-74.02124683,2025-11-07 21:57:28.358840,False,1,,partial_end,1,242.2588376656813,1.2669678511655391,1.2669678511655391,1767,shutdown_post_run
2025-11-07 21:57:29.360237,0.0,19.1180937024002,1.9936808423108616,0.0277463264870121,0.0553173195616585,4.9541203,-74.02124766,2025-11-07 21:57:29.360237,False,1,,partial_end,1,243.2602346656813,1.2669678511655391,1.2669678511655391,1768,shutdown_post_run
2025-11-07 21:57:30.361627,0.0,19.1180937024002,1.89667288186285,0.0328877333902966,0.0623772720673109,4.9541206,-74.021249,2025-11-07 21:57:30.361627,False,1,,partial_end,1,244.26162466568144,1.2669678511655391,1.2669678511655391,1769,shutdown_post_run
2025-11-07 21:57:31.362981,0.0,19.1180937024002,1.8063551255836667,0.0405998437452268,0.0733377358470864,4.9541206,-74.02124916,2025-11-07 21:57:31.362981,False,1,,partial_end,1,245.26297866568143,1.2669678511655391,1.2669678511655391,1770,shutdown_post_run
2025-11-07 21:57:32.364199,0.0,19.1180937024002,1.7227275734733118,0.0354584368419423,0.061085226859876,4.95412,-74.02125016,2025-11-07 21:57:32.364199,False,1,,partial_end,1,246.2641966656813,1.2669678511655391,1.2669678511655391,1771,shutdown_post_run
2025-11-07 21:57:33.365421,0.0,19.1180937024002,1.642445123447371,0.0354584368419423,0.0582385366761148,4.9541193,-74.02124966,2025-11-07 21:57:33.365421,False,1,,partial_end,1,247.2654186656814,1.2669678511655391,1.2669678511655391,1772,shutdown_post_run
2025-11-07 21:57:34.366713,0.0,19.1180937024002,1.5655077755058444,0.0328877333902966,0.0514860023412725,4.9541208,-74.02124999,2025-11-07 21:57:34.366713,False,1,,partial_end,1,248.26671066568133,1.2669678511655391,1.2669678511655391,1773,shutdown_post_run
2025-11-07 21:57:35.368193,0.0,19.1180937024002,1.491915529648732,0.0277463264870121,0.0413951753766773,4.95412,-74.02124883,2025-11-07 21:57:35.368193,False,1,,partial_end,1,249.26819066568123,1.2669678511655391,1.2669678511655391,1774,shutdown_post_run
2025-11-07 21:57:36.369625,0.0,19.1180937024002,1.425013487960448,0.0354584368419423,0.0505287507617615,4.9541194,-74.02124549,2025-11-07 21:57:36.369625,False,1,,partial_end,1,250.26962266568125,1.2669678511655391,1.2669678511655391,1775,shutdown_post_run
2025-11-07 21:57:37.371055,0.0,19.1180937024002,1.3614565483565784,0.0328877333902966,0.0447752199848246,4.9541208,-74.0212425,2025-11-07 21:57:37.371055,False,1,,partial_end,1,251.27105266568128,1.2669678511655391,1.2669678511655391,1776,shutdown_post_run
2025-11-07 21:57:38.372519,0.0,19.1180937024002,1.3012447108371228,0.0354584368419423,0.0461401033951297,4.95412,-74.02124,2025-11-07 21:57:38.372519,False,1,,partial_end,1,252.27251666568145,1.2669678511655391,1.2669678511655391,1777,shutdown_post_run
2025-11-07 21:57:39.373836,0.0,19.1180937024002,1.3012447108371228,0.0354584368419423,0.0461401033951297,4.9541185,-74.02123666,2025-11-07 21:57:39.373836,False,1,,partial_end,1,253.27383366568142,1.2669678511655391,1.2669678511655391,1778,shutdown_post_run
2025-11-07 21:57:40.376575,0.0,19.1180937024002,1.2443779754020814,0.0303170299386579,0.0377258443352714,4.9541181,-74.02123483,2025-11-07 21:57:40.376575,False,1,,partial_end,1,254.27657266568144,1.2669678511655391,1.2669678511655391,1779,shutdown_post_run
2025-11-07 21:57:41.377715,0.0,19.1180937024002,1.18751123996704,0.0328877333902966,0.0390545530580165,4.9541173,-74.02123416,2025-11-07 21:57:41.377715,False,1,,partial_end,1,255.2777126656813,1.2669678511655391,1.2669678511655391,1780,shutdown_post_run
2025-11-07 21:57:42.379543,0.0,19.1180937024002,1.1339896066164128,0.0251756230353734,0.0285488948622062,4.9541164,-74.021234,2025-11-07 21:57:42.379543,False,1,,partial_end,1,256.2795406656812,1.2669678511655391,1.2669678511655391,1781,shutdown_post_run
2025-11-07 21:57:43.380720,0.0,19.1180937024002,1.0871581774346142,0.0354584368419423,0.0385489295717664,4.9541155,-74.02123416,2025-11-07 21:57:43.380720,False,1,,partial_end,1,257.2807176656813,1.2669678511655391,1.2669678511655391,1782,shutdown_post_run
2025-11-07 21:57:44.381898,0.0,19.1180937024002,1.0403267482528151,0.0354584368419423,0.0368883602979057,4.9541156,-74.02123316,2025-11-07 21:57:44.381898,False,1,,partial_end,1,258.2818956656813,1.2669678511655391,1.2669678511655391,1783,shutdown_post_run
2025-11-07 21:57:45.383491,0.0,19.1180937024002,0.9968404211554308,0.0405998437452268,0.0404715653378366,4.9541148,-74.02123249,2025-11-07 21:57:45.383491,False,1,,partial_end,1,259.28348866568126,1.2669678511655391,1.2669678511655391,1784,invalid_voltage_state;shutdown_post_run
2025-11-07 21:57:46.385059,0.0,19.1180937024002,0.9566991961424604,0.0405998437452268,0.038841837874568,4.9541146,-74.02123183,2025-11-07 21:57:46.385059,False,1,,partial_end,1,260.2850566656814,1.2669678511655391,1.2669678511655391,1785,invalid_voltage_state;shutdown_post_run
2025-11-07 21:57:47.386679,0.0,19.1180937024002,0.9199030732139044,0.0303170299386579,0.0278887290112893,4.9541138,-74.02123183,2025-11-07 21:57:47.386679,False,1,,partial_end,1,261.2866766656814,1.2669678511655391,1.2669678511655391,1786,invalid_voltage_state;shutdown_post_run
2025-11-07 21:57:48.388234,0.0,19.1180937024002,0.879761848200934,0.0354584368419423,0.0311949799303833,4.9541128,-74.02123116,2025-11-07 21:57:48.388234,False,1,,partial_end,1,262.28823166568145,1.2669678511655391,1.2669678511655391,1787,invalid_voltage_state;shutdown_post_run
2025-11-07 21:57:49.389794,0.0,19.1180937024002,0.846310827356792,0.0303170299386579,0.0256576306903862,4.9541118,-74.02123083,2025-11-07 21:57:49.389794,False,1,,partial_end,1,263.2897916656814,1.2669678511655391,1.2669678511655391,1788,invalid_voltage_state;shutdown_post_run
2025-11-07 21:57:50.391292,0.0,19.1180937024002,0.81285980651265,0.0277463264870121,0.0225538735796695,4.9541096,-74.02123183,2025-11-07 21:57:50.391292,False,1,,partial_end,1,264.29128966568123,1.2669678511655391,1.2669678511655391,1789,invalid_voltage_state;shutdown_post_run
2025-11-07 21:57:51.392805,0.0,19.1180937024002,0.779408785668508,0.0328877333902966,0.0256329883451207,4.9541083,-74.0212315,2025-11-07 21:57:51.392805,False,1,,partial_end,1,265.2928026656814,1.2669678511655391,1.2669678511655391,1790,invalid_voltage_state;shutdown_post_run
2025-11-07 21:57:52.394307,0.0,19.1180937024002,0.7493028669087802,0.0303170299386579,0.0227166374491957,4.9541075,-74.0212305,2025-11-07 21:57:52.394307,False,1,,partial_end,1,266.29430466568124,1.2669678511655391,1.2669678511655391,1791,invalid_voltage_state;shutdown_post_run
2025-11-07 21:57:53.395765,0.0,19.1180937024002,0.7225420502334666,0.0431705471968726,0.0311925356813289,4.9541056,-74.021231,2025-11-07 21:57:53.395765,False,1,,partial_end,1,267.2957626656814,1.2669678511655391,1.2669678511655391,1792,invalid_voltage_state;shutdown_post_run
2025-11-07 21:57:54.397278,0.0,19.1180937024002,0.6924361314737388,0.0354584368419423,0.0245527028349404,4.9541043,-74.02123083,2025-11-07 21:57:54.397278,False,1,,partial_end,1,268.29727566568135,1.2669678511655391,1.2669678511655391,1793,invalid_voltage_state;shutdown_post_run
2025-11-07 21:57:55.398786,0.0,19.1180937024002,0.6690204168828394,0.0405998437452268,0.0271621243878098,4.9541045,-74.02123033,2025-11-07 21:57:55.398786,False,1,,partial_end,1,269.2987836656814,1.2669678511655391,1.2669678511655391,1794,invalid_voltage_state;shutdown_post_run
2025-11-07 21:57:56.400319,0.0,19.1180937024002,0.6422596002075259,0.0405998437452268,0.0260756394122974,4.954105,-74.02122983,2025-11-07 21:57:56.400319,False,1,,partial_end,1,270.3003166656813,1.2669678511655391,1.2669678511655391,1795,invalid_voltage_state;shutdown_post_run
2025-11-07 21:57:57.401588,0.0,19.1180937024002,0.6188438856166265,0.0328877333902966,0.0203523727203748,4.9541066,-74.021229,2025-11-07 21:57:57.401588,False,1,,partial_end,1,271.3015856656814,1.2669678511655391,1.2669678511655391,1796,invalid_voltage_state;shutdown_post_run
2025-11-07 21:57:58.403132,0.0,19.1180937024002,0.5987732731101414,0.0431705471968726,0.0258493698470272,4.9541073,-74.02122816,2025-11-07 21:57:58.403132,False,1,,partial_end,1,272.30312966568135,1.2669678511655391,1.2669678511655391,1797,invalid_voltage_state;shutdown_post_run
2025-11-07 21:57:59.404558,0.0,19.1180937024002,0.5787026606036562,0.0405998437452268,0.0234952375954554,4.9541076,-74.02122866,2025-11-07 21:57:59.404558,False,1,,partial_end,1,273.3045556656814,1.2669678511655391,1.2669678511655391,1798,invalid_voltage_state;shutdown_post_run
2025-11-07 21:58:00.406102,0.0,19.1180937024002,0.5552869460127569,0.0354584368419423,0.0196896071043484,4.9541078,-74.02123033,2025-11-07 21:58:00.406102,False,1,,partial_end,1,274.30609966568136,1.2669678511655391,1.2669678511655391,1799,invalid_voltage_state;shutdown_post_run
2025-11-07 21:58:01.407591,0.0,19.1180937024002,0.5385614355906858,0.0354584368419423,0.0190965466493981,4.9541096,-74.02123249,2025-11-07 21:58:01.407591,False,1,,partial_end,1,275.30758866568135,1.2669678511655391,1.2669678511655391,1800,invalid_voltage_state;shutdown_post_run
2025-11-07 21:58:02.408927,0.0,19.1180937024002,0.5218359251686149,0.0328877333902966,0.0171620007804241,4.9541115,-74.02123383,2025-11-07 21:58:02.408927,False,1,,partial_end,1,276.3089246656814,1.2669678511655391,1.2669678511655391,1801,invalid_voltage_state;shutdown_post_run
2025-11-07 21:58:03.410421,0.0,19.1180937024002,0.5051104147465438,0.0354584368419423,0.0179104257394976,4.9541135,-74.02123583,2025-11-07 21:58:03.410421,False,1,,partial_end,1,277.31041866568125,1.2669678511655391,1.2669678511655391,1802,invalid_voltage_state;shutdown_post_run
2025-11-07 21:58:04.412065,0.0,19.1180937024002,0.4850398022400586,0.0380291402935881,0.0184456466873614,4.9541153,-74.02123716,2025-11-07 21:58:04.412065,False,1,,partial_end,1,278.3120626656814,1.2669678511655391,1.2669678511655391,1803,invalid_voltage_state;shutdown_post_run
2025-11-07 21:58:05.413555,0.0,19.1180937024002,0.4683142918179876,0.0431705471968726,0.0202173842378984,4.9541163,-74.02123883,2025-11-07 21:58:05.413555,False,1,,partial_end,1,279.3135526656813,1.2669678511655391,1.2669678511655391,1804,invalid_voltage_state;shutdown_post_run
2025-11-07 21:58:06.414721,0.0,19.1180937024002,0.4549338834803308,0.0380291402935881,0.0173007444791803,4.954117,-74.0212395,2025-11-07 21:58:06.414721,False,1,,partial_end,1,280.3147186656813,1.2669678511655391,1.2669678511655391,1805,invalid_voltage_state;shutdown_post_run
2025-11-07 21:58:07.416194,0.0,19.1180937024002,0.441553475142674,0.0328877333902966,0.0145216929680512,4.9541185,-74.02124133,2025-11-07 21:58:07.416194,False,1,,partial_end,1,281.31619166568134,1.2669678511655391,1.2669678511655391,1806,invalid_voltage_state;shutdown_post_run
2025-11-07 21:58:08.417652,0.0,19.1180937024002,0.4248279647206031,0.0354584368419423,0.0150637355557364,4.95412,-74.0212415,2025-11-07 21:58:08.417652,False,1,,partial_end,1,282.3176496656813,1.2669678511655391,1.2669678511655391,1807,invalid_voltage_state;shutdown_post_run
2025-11-07 21:58:09.419199,0.0,19.1180937024002,0.4147926584673605,0.0405998437452268,0.016840517120442,4.954121,-74.02124233,2025-11-07 21:58:09.419199,False,1,,partial_end,1,283.3191966656814,1.2669678511655391,1.2669678511655391,1808,invalid_voltage_state;shutdown_post_run
2025-11-07 21:58:10.420907,0.0,19.1180937024002,0.4014122501297037,0.0303170299386579,0.0121696272049262,4.9541223,-74.02124333,2025-11-07 21:58:10.420907,False,1,,partial_end,1,284.3209046656814,1.2669678511655391,1.2669678511655391,1809,invalid_voltage_state;shutdown_post_run
2025-11-07 21:58:11.422659,0.0,19.1180937024002,0.3913769438764611,0.0354584368419423,0.0138776146458359,4.9541238,-74.02124366,2025-11-07 21:58:11.422659,False,1,,partial_end,1,285.3226566656813,1.2669678511655391,1.2669678511655391,1810,invalid_voltage_state;shutdown_post_run
2025-11-07 21:58:12.423730,0.0,19.1180937024002,0.3779965355388043,0.0405998437452268,0.0153466002791125,4.9541256,-74.02124316,2025-11-07 21:58:12.423730,False,1,,partial_end,1,286.3237276656814,1.2669678511655391,1.2669678511655391,1811,invalid_voltage_state;shutdown_post_run
2025-11-07 21:58:13.425206,0.0,19.1180937024002,0.3679612292855617,0.0328877333902966,0.0121014108067093,4.9541266,-74.02124416,2025-11-07 21:58:13.425206,False,1,,partial_end,1,287.32520366568133,1.2669678511655391,1.2669678511655391,1812,invalid_voltage_state;shutdown_post_run
2025-11-07 21:58:14.426538,0.0,19.1180937024002,0.3579259230323191,0.0303170299386579,0.0108512509243925,4.9541265,-74.02124533,2025-11-07 21:58:14.426538,False,1,,partial_end,1,288.3265356656814,1.2669678511655391,1.2669678511655391,1813,invalid_voltage_state;shutdown_post_run
2025-11-07 21:58:15.427991,0.0,19.1180937024002,0.3478906167790765,0.0380291402935881,0.0132299810723144,4.9541248,-74.021247,2025-11-07 21:58:15.427991,False,1,,partial_end,1,289.32798866568123,1.2669678511655391,1.2669678511655391,1814,invalid_voltage_state;shutdown_post_run
2025-11-07 21:58:16.429352,0.0,19.1180937024002,0.3378553105258339,0.0303170299386579,0.0102427695641462,4.954125,-74.02124633,2025-11-07 21:58:16.429352,False,1,,partial_end,1,290.3293496656813,1.2669678511655391,1.2669678511655391,1815,invalid_voltage_state;shutdown_post_run
2025-11-07 21:58:17.430811,0.0,19.1180937024002,0.3278200042725913,0.0303170299386579,0.00993852888402312,4.954125,-74.02124816,2025-11-07 21:58:17.430811,False,1,,partial_end,1,291.3308086656814,1.2669678511655391,1.2669678511655391,1816,invalid_voltage_state;shutdown_post_run
2025-11-07 21:58:18.432220,0.0,19.1180937024002,0.3211298001037629,0.0226049195837276,0.0072591133072841,4.954126,-74.02124916,2025-11-07 21:58:18.432220,False,1,,partial_end,1,292.33221766568136,1.2669678511655391,1.2669678511655391,1817,invalid_voltage_state;shutdown_post_run
2025-11-07 21:58:19.433535,0.0,19.1180937024002,0.3110944938505203,0.0251756230353734,0.007831997705561,4.9541261,-74.02125033,2025-11-07 21:58:19.433535,False,1,,partial_end,1,293.33353266568133,1.2669678511655391,1.2669678511655391,1818,invalid_voltage_state;shutdown_post_run
2025-11-07 21:58:20.434956,0.0,19.1180937024002,0.3010591875972777,0.0277463264870121,0.0083532865109887,4.954124,-74.02125266,2025-11-07 21:58:20.434956,False,1,,partial_end,1,294.33495366568127,1.2669678511655391,1.2669678511655391,1819,invalid_voltage_state;shutdown_post_run
2025-11-07 21:58:21.436367,0.0,19.1180937024002,0.2943689834284494,0.0251756230353734,0.00741092256010074,4.9541236,-74.02125383,2025-11-07 21:58:21.436367,False,1,,partial_end,1,295.33636466568123,1.2669678511655391,1.2669678511655391,1820,invalid_voltage_state;shutdown_post_run
2025-11-07 21:58:22.438090,0.0,19.1180937024002,0.287678779259621,0.0431705471968726,0.0124192503175661,4.9541231,-74.0212545,2025-11-07 21:58:22.438090,False,1,,partial_end,1,296.3380876656813,1.2669678511655391,1.2669678511655391,1821,invalid_voltage_state;shutdown_post_run
2025-11-07 21:58:23.439694,0.0,19.1180937024002,0.2809885750907926,0.0303170299386579,0.00851873904344839,4.9541221,-74.02125666,2025-11-07 21:58:23.439694,False,1,,partial_end,1,297.33969166568136,1.2669678511655391,1.2669678511655391,1822,invalid_voltage_state;shutdown_post_run
2025-11-07 21:58:24.441152,0.0,19.1180937024002,0.27095326883755,0.0226049195837276,0.00612487685302096,4.9541228,-74.0212575,2025-11-07 21:58:24.441152,False,1,,partial_end,1,298.3411496656813,1.2669678511655391,1.2669678511655391,1823,invalid_voltage_state;shutdown_post_run
2025-11-07 21:58:25.442751,0.0,19.1180937024002,0.2676081667531358,0.0303170299386579,0.00811308480328418,4.9541235,-74.02125916,2025-11-07 21:58:25.442751,False,1,,partial_end,1,299.34274866568126,1.2669678511655391,1.2669678511655391,1824,invalid_voltage_state;shutdown_post_run
2025-11-07 21:58:26.444290,0.0,19.1180937024002,0.2575728604998932,0.0354584368419423,0.0091331310062339,4.9541235,-74.0212605,2025-11-07 21:58:26.444290,False,1,,partial_end,1,300.34428766568135,1.2669678511655391,1.2669678511655391,1825,invalid_voltage_state;shutdown_post_run
2025-11-07 21:58:27.445598,0.0,19.1180937024002,0.254227758415479,0.0303170299386579,0.00770743056311997,4.9541223,-74.02126316,2025-11-07 21:58:27.445598,False,1,,partial_end,1,301.34559566568123,1.2669678511655391,1.2669678511655391,1826,invalid_voltage_state;shutdown_post_run
2025-11-07 21:58:28.447248,0.0,19.1180937024002,0.2441924521622364,0.0303170299386579,0.00740318988299681,4.9541211,-74.02126466,2025-11-07 21:58:28.447248,False,1,,partial_end,1,302.3472456656814,1.2669678511655391,1.2669678511655391,1827,invalid_voltage_state;shutdown_post_run
2025-11-07 21:58:29.448738,0.0,19.1180937024002,0.2408473500778222,0.0328877333902966,0.00792092343711884,4.9541201,-74.02126616,2025-11-07 21:58:29.448738,False,1,,partial_end,1,303.34873566568126,1.2669678511655391,1.2669678511655391,1828,invalid_voltage_state;shutdown_post_run
2025-11-07 21:58:30.450239,0.0,19.1180937024002,0.2341571459089938,0.0328877333902966,0.00770089778608777,4.9541198,-74.02126566,2025-11-07 21:58:30.450239,False,1,,partial_end,1,304.35023666568145,1.2669678511655391,1.2669678511655391,1829,invalid_voltage_state;shutdown_post_run
2025-11-07 21:58:31.451820,0.0,19.1180937024002,0.2308120438245796,0.0251756230353734,0.00581083700735171,4.9541198,-74.0212655,2025-11-07 21:58:31.451820,False,1,,partial_end,1,305.35181766568144,1.2669678511655391,1.2669678511655391,1830,invalid_voltage_state;shutdown_post_run
2025-11-07 21:58:32.453185,0.0,19.1180937024002,0.2241218396557512,0.0328877333902966,0.00737085930954115,4.9541215,-74.02126466,2025-11-07 21:58:32.453185,False,1,,partial_end,1,306.3531826656813,1.2669678511655391,1.2669678511655391,1831,invalid_voltage_state;shutdown_post_run
2025-11-07 21:58:33.454545,0.0,19.1180937024002,0.2174316354869228,0.0328877333902966,0.00715083365851007,4.9541221,-74.021264,2025-11-07 21:58:33.454545,False,1,,partial_end,1,307.35454266568127,1.2669678511655391,1.2669678511655391,1832,invalid_voltage_state;shutdown_post_run
2025-11-07 21:58:34.455992,0.0,19.1180937024002,-0.0033451020844141,0.0354584368419423,-0.00011861209099005,4.9541228,-74.0212645,2025-11-07 21:58:34.455992,False,1,,partial_end,1,308.35598966568136,1.2669678511655391,1.2669678511655391,1833,invalid_voltage_state;negative_power;negative_voltage;shutdown_post_run
2025-11-07 21:58:35.457190,0.0,19.1180937024002,-0.0033451020844141,0.0405998437452268,-0.000135810621939049,4.9541225,-74.02126583,2025-11-07 21:58:35.457190,False,1,,partial_end,1,309.3571876656813,1.2669678511655391,1.2669678511655391,1834,invalid_voltage_state;negative_power;negative_voltage;shutdown_post_run
2025-11-07 21:58:36.459317,0.0,19.1180937024002,-0.0033451020844141,0.0354584368419423,-0.00011861209099005,4.9541216,-74.02126683,2025-11-07 21:58:36.459317,False,1,,partial_end,1,310.35931466568127,1.2669678511655391,1.2669678511655391,1835,invalid_voltage_state;negative_power;negative_voltage;shutdown_post_run
2025-11-07 21:58:37.460417,0.0,19.1180937024002,-0.0033451020844141,0.0354584368419423,-0.00011861209099005,4.954121,-74.02126783,2025-11-07 21:58:37.460417,False,1,,partial_end,1,311.36041466568145,1.2669678511655391,1.2669678511655391,1836,invalid_voltage_state;negative_power;negative_voltage;shutdown_post_run
2025-11-07 21:58:38.462104,0.0,19.1180937024002,-0.0033451020844141,0.0405998437452268,-0.000135810621939049,4.9541208,-74.02126866,2025-11-07 21:58:38.462104,False,1,,partial_end,1,312.3621016656814,1.2669678511655391,1.2669678511655391,1837,invalid_voltage_state;negative_power;negative_voltage;shutdown_post_run
2025-11-07 21:58:39.466078,0.0,19.1180937024002,-0.0033451020844141,0.0277463264870121,-9.28142945665411e-05,4.9541208,-74.02126983,2025-11-07 21:58:39.466078,False,1,,partial_end,1,313.36607566568136,1.2669678511655391,1.2669678511655391,1838,invalid_voltage_state;negative_power;negative_voltage;shutdown_post_run
2025-11-07 21:58:40.470952,0.0,19.1180937024002,-0.0033451020844141,0.0328877333902966,-0.000110012825515539,4.9541203,-74.02127116,2025-11-07 21:58:40.470952,False,1,,partial_end,1,314.37094966568134,1.2669678511655391,1.2669678511655391,1839,invalid_voltage_state;negative_power;negative_voltage;shutdown_post_run
2025-11-07 21:58:41.472146,0.0,19.1180937024002,-0.0033451020844141,0.0328877333902966,-0.000110012825515539,4.9541208,-74.02127166,2025-11-07 21:58:41.472146,False,1,,partial_end,1,315.3721436656813,1.2669678511655391,1.2669678511655391,1840,invalid_voltage_state;negative_power;negative_voltage;shutdown_post_run
2025-11-07 21:58:42.473969,0.0,19.1180937024002,-0.0033451020844141,0.0328877333902966,-0.000110012825515539,4.9541208,-74.021274,2025-11-07 21:58:42.473969,False,1,,partial_end,1,316.37396666568134,1.2669678511655391,1.2669678511655391,1841,invalid_voltage_state;negative_power;negative_voltage;shutdown_post_run
2025-11-07 21:58:43.475123,0.0,19.1180937024002,-0.0033451020844141,0.0431705471968726,-0.00014440988741356,4.954121,-74.02127533,2025-11-07 21:58:43.475123,False,1,,partial_end,1,317.3751206656814,1.2669678511655391,1.2669678511655391,1842,invalid_voltage_state;negative_power;negative_voltage;shutdown_post_run
2025-11-07 21:58:44.476263,0.0,19.1180937024002,-0.0033451020844141,0.0380291402935881,-0.000127211356464561,4.9541188,-74.02127716,2025-11-07 21:58:44.476263,False,1,,partial_end,1,318.37626066568123,1.2669678511655391,1.2669678511655391,1843,invalid_voltage_state;negative_power;negative_voltage;shutdown_post_run
2025-11-07 21:58:45.477462,0.0,19.1180937024002,-0.0033451020844141,0.0483119541001642,-0.000161608418362582,4.954119,-74.0212775,2025-11-07 21:58:45.477462,False,1,,partial_end,1,319.3774596656813,1.2669678511655391,1.2669678511655391,1844,invalid_voltage_state;negative_power;negative_voltage;shutdown_post_run
2025-11-07 21:58:46.478631,0.0,19.1180937024002,-0.0033451020844141,0.0431705471968726,-0.00014440988741356,4.954117,-74.02127983,2025-11-07 21:58:46.478631,False,1,,partial_end,1,320.3786286656814,1.2669678511655391,1.2669678511655391,1845,invalid_voltage_state;negative_power;negative_voltage;shutdown_post_run
2025-11-07 21:58:47.479803,0.0,19.1180937024002,-0.0033451020844141,0.0380291402935881,-0.000127211356464561,4.9541156,-74.02128183,2025-11-07 21:58:47.479803,False,1,,partial_end,1,321.3798006656814,1.2669678511655391,1.2669678511655391,1846,invalid_voltage_state;negative_power;negative_voltage;shutdown_post_run
2025-11-07 21:58:48.481392,0.0,19.1180937024002,-0.0033451020844141,0.0457412506485113,-0.000153009152888047,4.9541148,-74.02128283,2025-11-07 21:58:48.481392,False,1,,partial_end,1,322.38138966568135,1.2669678511655391,1.2669678511655391,1847,invalid_voltage_state;negative_power;negative_voltage;shutdown_post_run
2025-11-07 21:58:49.482558,0.0,19.1180937024002,-0.0033451020844141,0.0483119541001642,-0.000161608418362582,4.9541175,-74.0212785,2025-11-07 21:58:49.482558,False,1,,partial_end,1,323.38255566568137,1.2669678511655391,1.2669678511655391,1848,invalid_voltage_state;negative_power;negative_voltage;shutdown_post_run
2025-11-07 21:58:50.483732,0.0,19.1180937024002,-0.0033451020844141,0.0431705471968726,-0.00014440988741356,4.9541223,-74.0212725,2025-11-07 21:58:50.483732,False,1,,partial_end,1,324.38372966568136,1.2669678511655391,1.2669678511655391,1849,invalid_voltage_state;negative_power;negative_voltage;shutdown_post_run
2025-11-07 21:58:51.486523,0.0,19.1180937024002,-0.0066902041688283,0.0508826575518028,-0.000340415367674139,4.9541236,-74.02127016,2025-11-07 21:58:51.486523,False,1,,partial_end,1,325.38652066568125,1.2669678511655391,1.2669678511655391,1850,invalid_voltage_state;negative_power;negative_voltage;shutdown_post_run
2025-11-07 21:58:52.487615,0.0,19.1180937024002,-0.0033451020844141,0.0508826575518028,-0.000170207683837069,4.9541261,-74.02126783,2025-11-07 21:58:52.487615,False,1,,partial_end,1,326.38761266568144,1.2669678511655391,1.2669678511655391,1851,invalid_voltage_state;negative_power;negative_voltage;shutdown_post_run
2025-11-07 21:58:53.489038,0.0,19.1180937024002,-0.0033451020844141,0.0483119541001642,-0.000161608418362582,4.9541261,-74.02126766,2025-11-07 21:58:53.489038,False,1,,partial_end,1,327.3890356656814,1.2669678511655391,1.2669678511655391,1852,invalid_voltage_state;negative_power;negative_voltage;shutdown_post_run
2025-11-07 21:58:54.490663,0.0,19.1180937024002,-0.0033451020844141,0.0483119541001642,-0.000161608418362582,4.9541253,-74.0212695,2025-11-07 21:58:54.490663,False,1,,partial_end,1,328.39066066568125,1.2669678511655391,1.2669678511655391,1853,invalid_voltage_state;negative_power;negative_voltage;shutdown_post_run
2025-11-07 21:58:55.492221,0.0,19.1180937024002,-0.0033451020844141,0.0431705471968726,-0.00014440988741356,4.9541258,-74.02127066,2025-11-07 21:58:55.492221,False,1,,partial_end,1,329.3922186656814,1.2669678511655391,1.2669678511655391,1854,invalid_voltage_state;negative_power;negative_voltage;shutdown_post_run
2025-11-07 21:58:56.493745,0.0,19.1180937024002,-0.0033451020844141,0.0457412506485113,-0.000153009152888047,4.9541255,-74.021272,2025-11-07 21:58:56.493745,False,1,,partial_end,1,330.39374266568143,1.2669678511655391,1.2669678511655391,1855,invalid_voltage_state;negative_power;negative_voltage;shutdown_post_run
2025-11-07 21:58:57.495134,0.0,19.1180937024002,-0.0033451020844141,0.0431705471968726,-0.00014440988741356,4.9541276,-74.02127133,2025-11-07 21:58:57.495134,False,1,,partial_end,1,331.39513166568145,1.2669678511655391,1.2669678511655391,1856,invalid_voltage_state;negative_power;negative_voltage;shutdown_post_run
2025-11-07 21:58:58.496597,0.0,19.1180937024002,-0.0033451020844141,0.0431705471968726,-0.00014440988741356,4.9541291,-74.02127116,2025-11-07 21:58:58.496597,False,1,,partial_end,1,332.3965946656813,1.2669678511655391,1.2669678511655391,1857,invalid_voltage_state;negative_power;negative_voltage;shutdown_post_run
2025-11-07 21:58:59.498153,0.0,19.1180937024002,-0.0033451020844141,0.0431705471968726,-0.00014440988741356,4.954129,-74.02127099,2025-11-07 21:58:59.498153,False,1,,partial_end,1,333.39815066568144,1.2669678511655391,1.2669678511655391,1858,invalid_voltage_state;negative_power;negative_voltage;shutdown_post_run
2025-11-07 21:59:00.499656,0.0,19.1180937024002,-0.0033451020844141,0.0405998437452268,-0.000135810621939049,4.954128,-74.02127183,2025-11-07 21:59:00.499656,False,1,,partial_end,1,334.3996536656814,1.2669678511655391,1.2669678511655391,1859,invalid_voltage_state;negative_power;negative_voltage;shutdown_post_run
2025-11-07 21:59:01.501196,0.0,19.1180937024002,-0.0033451020844141,0.0405998437452268,-0.000135810621939049,4.9541284,-74.02127133,2025-11-07 21:59:01.501196,False,1,,partial_end,1,335.4011936656814,1.2669678511655391,1.2669678511655391,1860,invalid_voltage_state;negative_power;negative_voltage;shutdown_post_run
2025-11-07 21:59:02.502575,0.0,19.1180937024002,-0.0033451020844141,0.0483119541001642,-0.000161608418362582,4.9541295,-74.02127099,2025-11-07 21:59:02.502575,False,1,,partial_end,1,336.4025726656814,1.2669678511655391,1.2669678511655391,1861,invalid_voltage_state;negative_power;negative_voltage;shutdown_post_run
2025-11-07 21:59:03.504122,0.0,19.1180937024002,-0.0033451020844141,0.0405998437452268,-0.000135810621939049,4.9541288,-74.02127166,2025-11-07 21:59:03.504122,False,1,,partial_end,1,337.40411966568126,1.2669678511655391,1.2669678511655391,1862,invalid_voltage_state;negative_power;negative_voltage;shutdown_post_run
2025-11-07 21:59:04.505649,0.0,19.1180937024002,-0.0033451020844141,0.0303170299386579,-0.000101413560041052,4.954127,-74.02127316,2025-11-07 21:59:04.505649,False,1,,partial_end,1,338.4056466656814,1.2669678511655391,1.2669678511655391,1863,invalid_voltage_state;negative_power;negative_voltage;shutdown_post_run
2025-11-07 21:59:05.507135,0.0,19.1180937024002,-0.0033451020844141,0.0328877333902966,-0.000110012825515539,4.954127,-74.0212745,2025-11-07 21:59:05.507135,False,1,,partial_end,1,339.4071326656813,1.2669678511655391,1.2669678511655391,1864,invalid_voltage_state;negative_power;negative_voltage;shutdown_post_run
2025-11-07 21:59:06.508611,0.0,19.1180937024002,-0.0033451020844141,0.0328877333902966,-0.000110012825515539,4.9541263,-74.02127433,2025-11-07 21:59:06.508611,False,1,,partial_end,1,340.4086086656814,1.2669678511655391,1.2669678511655391,1865,invalid_voltage_state;negative_power;negative_voltage;shutdown_post_run
2025-11-07 21:59:07.510471,0.0,19.1180937024002,-0.0033451020844141,0.0303170299386579,-0.000101413560041052,4.9541255,-74.02127583,2025-11-07 21:59:07.510471,False,1,,partial_end,1,341.41046866568126,1.2669678511655391,1.2669678511655391,1866,invalid_voltage_state;negative_power;negative_voltage;shutdown_post_run
2025-11-07 21:59:08.512015,0.0,19.1180937024002,-0.0033451020844141,0.0431705471968726,-0.00014440988741356,4.9541243,-74.021277,2025-11-07 21:59:08.512015,False,1,,partial_end,1,342.41201266568123,1.2669678511655391,1.2669678511655391,1867,invalid_voltage_state;negative_power;negative_voltage;shutdown_post_run
2025-11-07 21:59:09.513524,0.0,19.1180937024002,-0.0033451020844141,0.0380291402935881,-0.000127211356464561,4.9541231,-74.02127816,2025-11-07 21:59:09.513524,False,1,,partial_end,1,343.4135216656814,1.2669678511655391,1.2669678511655391,1868,invalid_voltage_state;negative_power;negative_voltage;shutdown_post_run
2025-11-07 21:59:10.515017,0.0,19.1180937024002,-0.0033451020844141,0.0637361748100175,-0.000213204011209577,4.9541213,-74.0212795,2025-11-07 21:59:10.515017,False,1,,partial_end,1,344.4150146656814,1.2669678511655391,1.2669678511655391,1869,invalid_voltage_state;negative_power;negative_voltage;shutdown_post_run
2025-11-07 21:59:11.516514,0.0,19.1180937024002,-0.0033451020844141,0.0483119541001642,-0.000161608418362582,4.9541201,-74.02127983,2025-11-07 21:59:11.516514,False,1,,partial_end,1,345.41651166568136,1.2669678511655391,1.2669678511655391,1870,invalid_voltage_state;negative_power;negative_voltage;shutdown_post_run
2025-11-07 21:59:12.518079,0.0,19.1180937024002,-0.0033451020844141,0.0354584368419423,-0.00011861209099005,4.9541205,-74.02128033,2025-11-07 21:59:12.518079,False,1,,partial_end,1,346.4180766656814,1.2669678511655391,1.2669678511655391,1871,invalid_voltage_state;negative_power;negative_voltage;shutdown_post_run
2025-11-07 21:59:13.519589,0.0,19.1180937024002,-0.0033451020844141,0.0483119541001642,-0.000161608418362582,4.9541194,-74.02128066,2025-11-07 21:59:13.519589,False,1,,partial_end,1,347.41958666568144,1.2669678511655391,1.2669678511655391,1872,invalid_voltage_state;negative_power;negative_voltage;shutdown_post_run
2025-11-07 21:59:14.520972,0.0,19.1180937024002,-0.0033451020844141,0.0303170299386579,-0.000101413560041052,4.9541198,-74.02128216,2025-11-07 21:59:14.520972,False,1,,partial_end,1,348.42096966568124,1.2669678511655391,1.2669678511655391,1873,invalid_voltage_state;negative_power;negative_voltage;shutdown_post_run
2025-11-07 21:59:15.523183,0.0,19.1180937024002,-0.0033451020844141,0.0431705471968726,-0.00014440988741356,4.9541178,-74.0212825,2025-11-07 21:59:15.523183,False,1,,partial_end,1,349.42318066568123,1.2669678511655391,1.2669678511655391,1874,invalid_voltage_state;negative_power;negative_voltage;shutdown_post_run
2025-11-07 21:59:16.524642,0.0,19.1180937024002,-0.0033451020844141,0.0380291402935881,-0.000127211356464561,4.9541173,-74.02128283,2025-11-07 21:59:16.524642,False,1,,partial_end,1,350.4246396656813,1.2669678511655391,1.2669678511655391,1875,invalid_voltage_state;negative_power;negative_voltage;shutdown_post_run
2025-11-07 21:59:17.526178,0.0,19.1180937024002,-0.0033451020844141,0.0405998437452268,-0.000135810621939049,4.9541168,-74.02128266,2025-11-07 21:59:17.526178,False,1,,partial_end,1,351.4261756656813,1.2669678511655391,1.2669678511655391,1876,invalid_voltage_state;negative_power;negative_voltage;shutdown_post_run
2025-11-07 21:59:18.527678,0.0,19.1180937024002,-0.0033451020844141,0.0457412506485113,-0.000153009152888047,4.954117,-74.021283,2025-11-07 21:59:18.527678,False,1,,partial_end,1,352.42767566568136,1.2669678511655391,1.2669678511655391,1877,invalid_voltage_state;negative_power;negative_voltage;shutdown_post_run
2025-11-07 21:59:19.529124,0.0,19.1180937024002,-0.0033451020844141,0.0405998437452268,-0.000135810621939049,4.9541168,-74.02128266,2025-11-07 21:59:19.529124,False,1,,partial_end,1,353.42912166568135,1.2669678511655391,1.2669678511655391,1878,invalid_voltage_state;negative_power;negative_voltage;shutdown_post_run
2025-11-07 21:59:20.530832,0.0,19.1180937024002,-0.0033451020844141,0.0457412506485113,-0.000153009152888047,4.9541166,-74.02128266,2025-11-07 21:59:20.530832,False,1,,partial_end,1,354.43082966568136,1.2669678511655391,1.2669678511655391,1879,invalid_voltage_state;negative_power;negative_voltage;shutdown_post_run
2025-11-07 21:59:21.532471,0.0,19.1180937024002,-0.0033451020844141,0.0508826575518028,-0.000170207683837069,4.9541173,-74.02128216,2025-11-07 21:59:21.532471,False,1,,partial_end,1,355.4324686656814,1.2669678511655391,1.2669678511655391,1880,invalid_voltage_state;negative_power;negative_voltage;shutdown_post_run
2025-11-07 21:59:22.534030,0.0,19.1180937024002,-0.0033451020844141,0.0328877333902966,-0.000110012825515539,4.9541183,-74.02128116,2025-11-07 21:59:22.534030,False,1,,partial_end,1,356.43402766568124,1.2669678511655391,1.2669678511655391,1881,invalid_voltage_state;negative_power;negative_voltage;shutdown_post_run
2025-11-07 21:59:23.535552,0.0,19.1180937024002,-0.0033451020844141,0.0200342161320818,-6.70164981430316e-05,4.9541186,-74.02128183,2025-11-07 21:59:23.535552,False,1,,partial_end,1,357.43554966568126,1.2669678511655391,1.2669678511655391,1882,invalid_voltage_state;negative_power;negative_voltage;shutdown_post_run
2025-11-07 21:59:24.537042,0.0,19.1180937024002,-0.0033451020844141,0.0303170299386579,-0.000101413560041052,4.9541183,-74.0212825,2025-11-07 21:59:24.537042,False,1,,partial_end,1,358.43703966568137,1.2669678511655391,1.2669678511655391,1883,invalid_voltage_state;negative_power;negative_voltage;shutdown_post_run
2025-11-07 21:59:25.538576,0.0,19.1180937024002,-0.0033451020844141,0.0354584368419423,-0.00011861209099005,4.9541188,-74.0212835,2025-11-07 21:59:25.538576,False,1,,partial_end,1,359.43857366568136,1.2669678511655391,1.2669678511655391,1884,invalid_voltage_state;negative_power;negative_voltage;shutdown_post_run
2025-11-07 21:59:26.540089,0.0,19.1180937024002,-0.0033451020844141,0.0405998437452268,-0.000135810621939049,4.95412,-74.02128516,2025-11-07 21:59:26.540089,False,1,,partial_end,1,360.4400866656813,1.2669678511655391,1.2669678511655391,1885,invalid_voltage_state;negative_power;negative_voltage;shutdown_post_run
2025-11-07 21:59:27.541476,0.0,19.1180937024002,-0.0033451020844141,0.0431705471968726,-0.00014440988741356,4.9541213,-74.02128533,2025-11-07 21:59:27.541476,False,1,,partial_end,1,361.4414736656813,1.2669678511655391,1.2669678511655391,1886,invalid_voltage_state;negative_power;negative_voltage;shutdown_post_run
2025-11-07 21:59:28.542833,0.0,19.1180937024002,-0.0033451020844141,0.0405998437452268,-0.000135810621939049,4.954122,-74.021286,2025-11-07 21:59:28.542833,False,1,,partial_end,1,362.4428306656814,1.2669678511655391,1.2669678511655391,1887,invalid_voltage_state;negative_power;negative_voltage;shutdown_post_run
2025-11-07 21:59:29.544245,0.0,19.1180937024002,-0.0033451020844141,0.0431705471968726,-0.00014440988741356,4.9541248,-74.02128366,2025-11-07 21:59:29.544245,False,1,,partial_end,1,363.44424266568126,1.2669678511655391,1.2669678511655391,1888,invalid_voltage_state;negative_power;negative_voltage;shutdown_post_run
2025-11-07 21:59:30.545620,0.0,19.1180937024002,-0.0033451020844141,0.0405998437452268,-0.000135810621939049,4.9541258,-74.02128133,2025-11-07 21:59:30.545620,False,1,,partial_end,1,364.4456176656813,1.2669678511655391,1.2669678511655391,1889,invalid_voltage_state;negative_power;negative_voltage;shutdown_post_run
2025-11-07 21:59:31.546997,0.0,19.1180937024002,-0.0033451020844141,0.0405998437452268,-0.000135810621939049,4.9541275,-74.0212795,2025-11-07 21:59:31.546997,False,1,,partial_end,1,365.44699466568136,1.2669678511655391,1.2669678511655391,1890,invalid_voltage_state;negative_power;negative_voltage;shutdown_post_run
2025-11-07 21:59:32.548462,0.0,19.1180937024002,-0.0033451020844141,0.0380291402935881,-0.000127211356464561,4.9541283,-74.021279,2025-11-07 21:59:32.548462,False,1,,partial_end,1,366.4484596656814,1.2669678511655391,1.2669678511655391,1891,invalid_voltage_state;negative_power;negative_voltage;shutdown_post_run
2025-11-07 21:59:33.549814,0.0,19.1180937024002,-0.0033451020844141,0.0508826575518028,-0.000170207683837069,4.9541288,-74.02127883,2025-11-07 21:59:33.549814,False,1,,partial_end,1,367.4498116656814,1.2669678511655391,1.2669678511655391,1892,invalid_voltage_state;negative_power;negative_voltage;shutdown_post_run
2025-11-07 21:59:34.551178,0.0,19.1180937024002,-0.0033451020844141,0.0508826575518028,-0.000170207683837069,4.9541303,-74.02127733,2025-11-07 21:59:34.551178,False,1,,partial_end,1,368.4511756656814,1.2669678511655391,1.2669678511655391,1893,invalid_voltage_state;negative_power;negative_voltage;shutdown_post_run
2025-11-07 21:59:35.552697,0.0,19.1180937024002,-0.0033451020844141,0.0611654713583789,-0.00020460474573509,4.9541305,-74.0212755,2025-11-07 21:59:35.552697,False,1,,partial_end,1,369.4526946656813,1.2669678511655391,1.2669678511655391,1894,invalid_voltage_state;negative_power;negative_voltage;shutdown_post_run
2025-11-07 21:59:36.554241,0.0,19.1180937024002,-0.0033451020844141,0.0637361748100175,-0.000213204011209577,4.9541316,-74.02127216,2025-11-07 21:59:36.554241,False,1,,partial_end,1,370.45423866568126,1.2669678511655391,1.2669678511655391,1895,invalid_voltage_state;negative_power;negative_voltage;shutdown_post_run
2025-11-07 21:59:37.555842,0.0,19.1180937024002,-0.0033451020844141,0.0457412506485113,-0.000153009152888047,4.9541306,-74.02127133,2025-11-07 21:59:37.555842,False,1,,partial_end,1,371.4558396656814,1.2669678511655391,1.2669678511655391,1896,invalid_voltage_state;negative_power;negative_voltage;shutdown_post_run
2025-11-07 21:59:38.557307,0.0,19.1180937024002,-0.0033451020844141,0.0508826575518028,-0.000170207683837069,4.9541316,-74.02126983,2025-11-07 21:59:38.557307,False,1,,partial_end,1,372.45730466568125,1.2669678511655391,1.2669678511655391,1897,invalid_voltage_state;negative_power;negative_voltage;shutdown_post_run
2025-11-07 21:59:39.558814,0.0,19.1180937024002,-0.0033451020844141,0.0534533610034486,-0.00017880694931158,4.9541318,-74.0212695,2025-11-07 21:59:39.558814,False,1,,partial_end,1,373.4588116656814,1.2669678511655391,1.2669678511655391,1898,invalid_voltage_state;negative_power;negative_voltage;shutdown_post_run
2025-11-07 21:59:40.560309,0.0,19.1180937024002,-0.0066902041688283,0.0585947679067331,-0.000392010960521158,4.9541316,-74.02126916,2025-11-07 21:59:40.560309,False,1,,partial_end,1,374.4603066656814,1.2669678511655391,1.2669678511655391,1899,invalid_voltage_state;negative_power;negative_voltage;shutdown_post_run
2025-11-07 21:59:41.561915,0.0,19.1180937024002,-0.0033451020844141,0.0534533610034486,-0.00017880694931158,4.9541321,-74.02126833,2025-11-07 21:59:41.561915,False,1,,partial_end,1,375.46191266568144,1.2669678511655391,1.2669678511655391,1900,invalid_voltage_state;negative_power;negative_voltage;shutdown_post_run
2025-11-07 21:59:42.563273,0.0,19.1180937024002,-0.0033451020844141,0.0663068782616633,-0.000221803276684088,4.9541331,-74.02126866,2025-11-07 21:59:42.563273,False,1,,partial_end,1,376.4632706656814,1.2669678511655391,1.2669678511655391,1901,invalid_voltage_state;negative_power;negative_voltage;shutdown_post_run
2025-11-07 21:59:43.564801,0.0,19.1180937024002,-0.0033451020844141,0.0508826575518028,-0.000170207683837069,4.954134,-74.02126749,2025-11-07 21:59:43.564801,False,1,,partial_end,1,377.4647986656814,1.2669678511655391,1.2669678511655391,1902,invalid_voltage_state;negative_power;negative_voltage;shutdown_post_run
2025-11-07 21:59:44.565968,0.0,19.1180937024002,-0.0033451020844141,0.0560240644550944,-0.000187406214786091,4.9541363,-74.02126566,2025-11-07 21:59:44.565968,False,1,,partial_end,1,378.4659656656813,1.2669678511655391,1.2669678511655391,1903,invalid_voltage_state;negative_power;negative_voltage;shutdown_post_run
2025-11-07 21:59:45.569126,0.0,19.1180937024002,-0.0066902041688283,0.0457412506485113,-0.000306018305776094,4.954139,-74.0212645,2025-11-07 21:59:45.569126,False,1,,partial_end,1,379.4691236656813,1.2669678511655391,1.2669678511655391,1904,invalid_voltage_state;negative_power;negative_voltage;shutdown_post_run
2025-11-07 21:59:46.575603,0.0,19.1180937024002,-0.0033451020844141,0.0483119541001642,-0.000161608418362582,4.9541405,-74.021264,2025-11-07 21:59:46.575603,False,1,,partial_end,1,380.47560066568144,1.2669678511655391,1.2669678511655391,1905,invalid_voltage_state;negative_power;negative_voltage;shutdown_post_run
2025-11-07 21:59:47.577361,0.0,19.1180937024002,-0.0033451020844141,0.0354584368419423,-0.00011861209099005,4.9541428,-74.02126383,2025-11-07 21:59:47.577361,False,1,,partial_end,1,381.4773586656813,1.2669678511655391,1.2669678511655391,1906,invalid_voltage_state;negative_power;negative_voltage;shutdown_post_run
2025-11-07 21:59:48.579886,0.0,19.1180937024002,-0.0033451020844141,0.0328877333902966,-0.000110012825515539,4.9541438,-74.021264,2025-11-07 21:59:48.579886,False,1,,partial_end,1,382.4798836656814,1.2669678511655391,1.2669678511655391,1907,invalid_voltage_state;negative_power;negative_voltage;shutdown_post_run
2025-11-07 21:59:49.582057,0.0,19.1180937024002,0.0,0.0303170299386579,0.0,4.954145,-74.0212645,2025-11-07 21:59:49.582057,False,1,,partial_end,1,383.4820546656813,1.2669678511655391,1.2669678511655391,1908,invalid_voltage_state;shutdown_post_run
2025-11-07 21:59:50.583384,0.0,19.1180937024002,-0.0033451020844141,0.0560240644550944,-0.000187406214786091,4.9541446,-74.021264,2025-11-07 21:59:50.583384,False,1,,partial_end,1,384.48338166568124,1.2669678511655391,1.2669678511655391,1909,invalid_voltage_state;negative_power;negative_voltage;shutdown_post_run
2025-11-07 21:59:51.584707,0.0,19.1180937024002,-0.0033451020844141,0.0380291402935881,-0.000127211356464561,4.9541426,-74.02126466,2025-11-07 21:59:51.584707,False,1,,partial_end,1,385.4847046656814,1.2669678511655391,1.2669678511655391,1910,invalid_voltage_state;negative_power;negative_voltage;shutdown_post_run
2025-11-07 21:59:52.585837,0.0,19.1180937024002,-0.0066902041688283,0.0560240644550944,-0.000374812429572183,4.9541415,-74.02126816,2025-11-07 21:59:52.585837,False,1,,partial_end,1,386.4858346656813,1.2669678511655391,1.2669678511655391,1911,invalid_voltage_state;negative_power;negative_voltage;shutdown_post_run
2025-11-07 21:59:53.587092,0.0,19.1180937024002,-0.0033451020844141,0.0457412506485113,-0.000153009152888047,4.9541405,-74.02126883,2025-11-07 21:59:53.587092,False,1,,partial_end,1,387.4870896656814,1.2669678511655391,1.2669678511655391,1912,invalid_voltage_state;negative_power;negative_voltage;shutdown_post_run
2025-11-07 21:59:54.588521,0.0,19.1180937024002,-0.0033451020844141,0.0534533610034486,-0.00017880694931158,4.95414,-74.02127,2025-11-07 21:59:54.588521,False,1,,partial_end,1,388.48851866568134,1.2669678511655391,1.2669678511655391,1913,invalid_voltage_state;negative_power;negative_voltage;shutdown_post_run
2025-11-07 21:59:55.589904,0.0,19.1180937024002,-0.0033451020844141,0.068877581713302,-0.000230402542158575,4.9541396,-74.02126433,2025-11-07 21:59:55.589904,False,1,,partial_end,1,389.4899016656814,1.2669678511655391,1.2669678511655391,1914,invalid_voltage_state;negative_power;negative_voltage;shutdown_post_run
2025-11-07 21:59:56.591342,0.0,19.1180937024002,-0.0033451020844141,0.0663068782616633,-0.000221803276684088,4.9541465,-74.0212555,2025-11-07 21:59:56.591342,False,1,,partial_end,1,390.4913396656814,1.2669678511655391,1.2669678511655391,1915,invalid_voltage_state;negative_power;negative_voltage;shutdown_post_run
2025-11-07 21:59:57.592729,0.0,19.1180937024002,-0.0033451020844141,0.0843018024231696,-0.000281998135005618,4.9541551,-74.0212475,2025-11-07 21:59:57.592729,False,1,,partial_end,1,391.4927266656814,1.2669678511655391,1.2669678511655391,1916,invalid_voltage_state;negative_power;negative_voltage;shutdown_post_run
2025-11-07 21:59:58.594095,0.0,19.1180937024002,-0.0033451020844141,0.068877581713302,-0.000230402542158575,4.9541588,-74.02123599,2025-11-07 21:59:58.594095,False,1,,partial_end,1,392.49409266568136,1.2669678511655391,1.2669678511655391,1917,invalid_voltage_state;negative_power;negative_voltage;shutdown_post_run
2025-11-07 21:59:59.595552,0.0,19.1180937024002,-0.0033451020844141,0.068877581713302,-0.000230402542158575,4.9541568,-74.02122083,2025-11-07 21:59:59.595552,False,1,,partial_end,1,393.49554966568144,1.2669678511655391,1.2669678511655391,1918,invalid_voltage_state;negative_power;negative_voltage;shutdown_post_run
